entidad,grupo,nombre,tipo,status,pais_codigo,estado_cve,municipio_cve,codigo_postal,colonia,nivel,capa_nivel,unidad,tipo_nombre,descripcion_desarrollo,descripcion_capa,descripcion_unidad,descripcion,altura,precio,area_m2,poligono,metadata,linea_id,familia_id,modelo_id,height,min_height,levels,metadata_color
desarrollo,GT Group,San Gerardo 1 y 2,horizontal,disponible,MX,1,1,20342,San Gerardo,,,,lote,Complejo con vistas panorámicas y su diseño contemporáneo.,Descripción capa,Descripcion capa,,,,,"{""coordinates"":[[[-102.29343320336824,21.805396105249898,0.0],[-102.29343849073663,21.805407508990253,0.0],[-102.29352771158051,21.805604285595116,0.0],[-102.29352768690802,21.80560430917815,0.0],[-102.29352887602403,21.80560691331141,0.0],[-102.29352999443024,21.80560956094983,0.0],[-102.2935310664585,21.805612227703893,0.0],[-102.29353209178214,21.805614912761264,0.0],[-102.29353307008896,21.805617615304058,0.0],[-102.29353400108086,21.805620334509044,0.0],[-102.29353488447431,21.805623069547927,0.0],[-102.29353572000016,21.805625819587597,0.0],[-102.29353650740403,21.805628583790376,0.0],[-102.29353724644592,21.805631361314234,0.0],[-102.29353793690082,21.805634151313118,0.0],[-102.29353857855834,21.805636952937157,0.0],[-102.29353917122306,21.80563976533299,0.0],[-102.29353971471441,21.8056425876439,0.0],[-102.29354020886692,21.8056454190102,0.0],[-102.29354065352997,21.805648258569395,0.0],[-102.29354104856817,21.805651105456565,0.0],[-102.29354139386118,21.805653958804495,0.0],[-102.2935416893038,21.805656817744072,0.0],[-102.29354193480606,21.80565968140437,0.0],[-102.29354213029315,21.80566254891313,0.0],[-102.29354227570553,21.805665419396885,0.0],[-102.29354237099892,21.80566829198124,0.0],[-102.2935424161443,21.80567116579117,0.0],[-102.29354241112792,21.80567403995134,0.0],[-102.29354235595127,21.80567691358619,0.0],[-102.29354225063116,21.8056797858204,0.0],[-102.29354209519973,21.805682655779073,0.0],[-102.29354188970426,21.80568552258798,0.0],[-102.2935416342074,21.80568838537388,0.0],[-102.29354132878693,21.805691243264715,0.0],[-102.29354097353591,21.805694095389963,0.0],[-102.29354056856255,21.805696940880825,0.0],[-102.2935401139902,21.805699778870576,0.0],[-102.29353960995735,21.80570260849467,0.0],[-102.29353905661749,21.80570542889123,0.0],[-102.29353845413921,21.80570823920112,0.0],[-102.29353780270603,21.805711038568287,0.0],[-102.29353710251635,21.80571382614002,0.0],[-102.29353635378352,21.805716601067193,0.0],[-102.29353555673553,21.805719362504533,0.0],[-102.29353471161522,21.80572210961091,0.0],[-102.29353381868002,21.80572484154949,0.0],[-102.2935328782019,21.805727557488126,0.0],[-102.29353189046735,21.805730256599485,0.0],[-102.29353085577726,21.80573293806143,0.0],[-102.29352977444678,21.805735601057133,0.0],[-102.29352864680534,21.805738244775437,0.0],[-102.29352747319638,21.80574086841103,0.0],[-102.29352625397739,21.805743471164746,0.0],[-102.29352498951982,21.805746052243723,0.0],[-102.29352368020878,21.80574861086175,0.0],[-102.2935223264431,21.805751146239498,0.0],[-102.29352092863516,21.80575365760459,0.0],[-102.29351948721074,21.805756144192102,0.0],[-102.29351800260895,21.80575860524455,0.0],[-102.29351647528195,21.805761040012307,0.0],[-102.29351490569506,21.8057634477537,0.0],[-102.29351329432632,21.80576582773532,0.0],[-102.29351164166656,21.8057681792322,0.0],[-102.2935099482193,21.80577050152804,0.0],[-102.29350821450024,21.805772793915438,0.0],[-102.29350644103758,21.80577505569615,0.0],[-102.29350462837152,21.80577728618117,0.0],[-102.29350277705421,21.80577948469109,0.0],[-102.29350088764957,21.80578165055625,0.0],[-102.29349896073312,21.805783783116865,0.0],[-102.29349699689185,21.805785881723352,0.0],[-102.29349499672396,21.805787945736455,0.0],[-102.29349296083869,21.80578997452746,0.0],[-102.29349088985623,21.805791967478346,0.0],[-102.29348878440739,21.805793923982108,0.0],[-102.29348664513351,21.805795843442727,0.0],[-102.29348447268625,21.805797725275486,0.0],[-102.29348226772736,21.805799568907254,0.0],[-102.29348003092849,21.80580137377635,0.0],[-102.29347776297097,21.805803139333054,0.0],[-102.29347546454566,21.80580486503955,0.0],[-102.2934731363527,21.80580655037013,0.0],[-102.29347077910124,21.805808194811473,0.0],[-102.29346839350937,21.80580979786265,0.0],[-102.29346598030371,21.805811359035363,0.0],[-102.29346354021939,21.805812877854038,0.0],[-102.29346107399965,21.805814353856043,0.0],[-102.29345858239576,21.805815786591793,0.0],[-102.29345606616666,21.805817175624842,0.0],[-102.2934535260788,21.805818520532064,0.0],[-102.29345096290596,21.80581982090384,0.0],[-102.29344837742889,21.805821076344,0.0],[-102.29344577043513,21.805822286470157,0.0],[-102.29341767480786,21.80583503121146,0.0],[-102.29338978424951,21.80584862376931,0.0],[-102.29336212840607,21.805862687737374,0.0],[-102.29333471524467,21.805877219064076,0.0],[-102.29330755266251,21.80589221356321,0.0],[-102.29328064848463,21.805907666915157,0.0],[-102.2932540104616,21.805923574668093,0.0],[-102.29322764626735,21.805939932239284,0.0],[-102.2932015634969,21.805956734916457,0.0],[-102.29317576966423,21.805973977859033,0.0],[-102.29315027219998,21.805991656099675,0.0],[-102.29312507844956,21.806009764545596,0.0],[-102.29310019567079,21.806028297980117,0.0],[-102.293075631032,21.806047251064093,0.0],[-102.29305139160964,21.806066618337486,0.0],[-102.29302748438676,21.806086394220983,0.0],[-102.29300391625053,21.806106573017484,0.0],[-102.2929806939905,21.806127148913898,0.0],[-102.29298069402866,21.806127148877152,0.0],[-102.29298069398507,21.80612714891881,0.0],[-102.29297261816609,21.80613447088977,0.0],[-102.29297195143805,21.80613506480307,0.0],[-102.29297127540144,21.806135648098692,0.0],[-102.29297059022528,21.806136220630744,0.0],[-102.29296989608096,21.806136782256008,0.0],[-102.29296919314207,21.806137332834076,0.0],[-102.29296848158441,21.80613787222724,0.0],[-102.29296776158593,21.80613840030061,0.0],[-102.29296703332669,21.80613891692212,0.0],[-102.29296629698881,21.806139421962552,0.0],[-102.29290527213176,21.806075577992168,0.0],[-102.29273845899795,21.805889464453703,0.0],[-102.29273948354825,21.805889074149995,0.0],[-102.2927004704848,21.805848258833308,0.0],[-102.29266145742137,21.805807443516624,0.0],[-102.29262244435795,21.805766628199933,0.0],[-102.29257692911726,21.805719010330474,0.0],[-102.29253141387655,21.80567139246101,0.0],[-102.29248589863587,21.805623774591545,0.0],[-102.29243388121796,21.805569354169293,0.0],[-102.29236236389546,21.805494533021978,0.0],[-102.2923617695186,21.8054961336401,0.0],[-102.29236000031881,21.805500657861803,0.0],[-102.29235815353276,21.805505150971115,0.0],[-102.29235622970731,21.805509611637596,0.0],[-102.29235422941211,21.805514038540476,0.0],[-102.29235215323943,21.80551843036892,0.0],[-102.29235000180407,21.80552278582248,0.0],[-102.29234777574304,21.805527103611524,0.0],[-102.2923454757155,21.805531382457552,0.0],[-102.29234310240248,21.80553562109355,0.0],[-102.29234065650671,21.805539818264506,0.0],[-102.29233813875246,21.805543972727584,0.0],[-102.29233554988525,21.805548083252653,0.0],[-102.2923328906716,21.8055521486226,0.0],[-102.2923301618989,21.80555616763362,0.0],[-102.2923273643752,21.80556013909571,0.0],[-102.29232449892885,21.80556406183288,0.0],[-102.29232156640822,21.80556793468363,0.0],[-102.29231856768178,21.805571756501205,0.0],[-102.29231550363735,21.80557552615393,0.0],[-102.29231237518225,21.80557924252565,0.0],[-102.29230918324279,21.80558290451587,0.0],[-102.29230592876412,21.805586511040335,0.0],[-102.29230261270993,21.80559006103111,0.0],[-102.29229923606206,21.805593553437035,0.0],[-102.2922957998204,21.805596987224003,0.0],[-102.29229230500235,21.80560036137529,0.0],[-102.29228875264279,21.80560367489178,0.0],[-102.29228514379356,21.805606926792315,0.0],[-102.29228147952324,21.805610116114043,0.0],[-102.29227776091687,21.805613241912596,0.0],[-102.29227398907548,21.80561630326239,0.0],[-102.29227016511597,21.805619299256964,0.0],[-102.29226629017057,21.805622229009206,0.0],[-102.2922623653867,21.805625091651606,0.0],[-102.2922583919265,21.80562788633654,0.0],[-102.29225437096646,21.805630612236463,0.0],[-102.29225030369726,21.805633268544284,0.0],[-102.29224619132322,21.805635854473433,0.0],[-102.29224203506196,21.8056383692582,0.0],[-102.29223783614422,21.80564081215397,0.0],[-102.2922335958133,21.805643182437407,0.0],[-102.29222931532475,21.805645479406618,0.0],[-102.292224995946,21.805647702381535,0.0],[-102.29222063895611,21.805649850703894,0.0],[-102.29221624564512,21.805651923737557,0.0],[-102.29221181731394,21.805653920868725,0.0],[-102.29220735527379,21.80565584150605,0.0],[-102.29219325402569,21.80566162400556,0.0],[-102.29217905421746,21.80566716006424,0.0],[-102.29216476015571,21.805672448003097,0.0],[-102.2921503761755,21.80567748621835,0.0],[-102.2921359066393,21.805682273182047,0.0],[-102.29212135593546,21.805686807442367,0.0],[-102.29210672847692,21.805691087624147,0.0],[-102.29209202869997,21.805695112429277,0.0],[-102.29207726106274,21.80569888063712,0.0],[-102.29206243004406,21.805702391104838,0.0],[-102.29204754014181,21.805705642767755,0.0],[-102.29203259587199,21.80570863463974,0.0],[-102.29201760176682,21.80571136581335,0.0],[-102.29200256237378,21.805713835460335,0.0],[-102.29198748225404,21.805716042831627,0.0],[-102.29197236598117,21.805717987257836,0.0],[-102.29195721813963,21.8057196681492,0.0],[-102.29194204332349,21.80572108499597,0.0],[-102.29192684613503,21.805722237368396,0.0],[-102.29191163118328,21.80572312491704,0.0],[-102.29189640308267,21.80572374737269,0.0],[-102.29188116645163,21.805724104546563,0.0],[-102.2918659259111,21.805724196330335,0.0],[-102.29185080651642,21.805724008986537,0.0],[-102.29183569258907,21.805723561332965,0.0],[-102.29182058861046,21.80572285350233,0.0],[-102.29180549905912,21.805721885704546,0.0],[-102.29179042840914,21.805720658226548,0.0],[-102.29177538112907,21.80571917143229,0.0],[-102.29176036168067,21.805717425762623,0.0],[-102.29174537451725,21.805715421735187,0.0],[-102.29173042408263,21.805713159944144,0.0],[-102.2917155148098,21.805710641060163,0.0],[-102.29170065111941,21.805707865830108,0.0],[-102.29168583741873,21.805704835076853,0.0],[-102.29167107810011,21.80570154969902,0.0],[-102.29165637753981,21.805698010670806,0.0],[-102.29164174009672,21.80569421904152,0.0],[-102.2916271701109,21.805690175935435,0.0],[-102.29161267190251,21.805685882551337,0.0],[-102.29159824977039,21.80568134016228,0.0],[-102.2915839079908,21.805676550115095,0.0],[-102.29156965081624,21.805671513830116,0.0],[-102.29155548247402,21.8056662328006,0.0],[-102.29154140716524,21.805660708592402,0.0],[-102.29152742906334,21.805654942843567,0.0],[-102.29151355231285,21.805648937263623,0.0],[-102.29149978102845,21.805642693633295,0.0],[-102.29148611929344,21.805636213803883,0.0],[-102.29147257115856,21.8056294996967,0.0],[-102.29145914064101,21.805622553302534,0.0],[-102.29145629466743,21.805621017225942,0.0],[-102.29145347550848,21.80561943247372,0.0],[-102.29145068399654,21.80561779951383,0.0],[-102.29144792095592,21.80561611882845,0.0],[-102.29144518720244,21.80561439091381,0.0],[-102.29144248354336,21.805612616280168,0.0],[-102.29143981077702,21.805610795451525,0.0],[-102.29143716969261,21.80560892896552,0.0],[-102.29143456106999,21.80560701737328,0.0],[-102.2914319856794,21.805605061239273,0.0],[-102.2914294442813,21.805603061141085,0.0],[-102.29142693762616,21.80560101766932,0.0],[-102.2914244664541,21.805598931427365,0.0],[-102.29142203149478,21.805596803031225,0.0],[-102.29141963346721,21.805594633109393,0.0],[-102.2914172730795,21.805592422302563,0.0],[-102.2914149510286,21.805590171263585,0.0],[-102.29141266800018,21.805587880657093,0.0],[-102.2914104246683,21.80558555115947,0.0],[-102.29140822169546,21.805583183458598,0.0],[-102.29140605973207,21.805580778253553,0.0],[-102.29140393941658,21.805578336254573,0.0],[-102.29140186137498,21.8055758581827,0.0],[-102.29139982622094,21.805573344769687,0.0],[-102.2913978345554,21.805570796757674,0.0],[-102.29139588696644,21.805568214899004,0.0],[-102.29139398402913,21.805565599956093,0.0],[-102.29139212630533,21.80556295270105,0.0],[-102.29139031434364,21.805560273915525,0.0],[-102.29138854867908,21.805557564390554,0.0],[-102.29138682983303,21.805554824926183,0.0],[-102.291385158313,21.80555205633128,0.0],[-102.29138353461254,21.80554925942339,0.0],[-102.29138195921111,21.80554643502837,0.0],[-102.29138043257385,21.805543583980167,0.0],[-102.29137895515167,21.805540707120684,0.0],[-102.29137752738069,21.80553780529938,0.0],[-102.29137614968252,21.805534879373084,0.0],[-102.291374822464,21.805531930205756,0.0],[-102.29137354611704,21.805528958668226,0.0],[-102.29137232101844,21.80552596563792,0.0],[-102.29137114753003,21.805522951998608,0.0],[-102.29137002599825,21.80551991864016,0.0],[-102.29136895675433,21.805516866458277,0.0],[-102.29136794011391,21.80551379635416,0.0],[-102.29061742161801,21.80317256143382,0.0],[-102.29239917970303,21.802678257465494,0.0],[-102.2922457694131,21.80351636799232,0.0],[-102.29224290011999,21.80353096632384,0.0],[-102.29223980039282,21.80354551746876,0.0],[-102.29223647100643,21.803560017789874,0.0],[-102.29223305330751,21.80357391130904,0.0],[-102.29222942476756,21.80358775125982,0.0],[-102.2922255862254,21.803601534442848,0.0],[-102.2922215385684,21.803615257671805,0.0],[-102.29221728273225,21.803628917774258,0.0],[-102.29221281970078,21.803642511592333,0.0],[-102.29220815050574,21.803656035983543,0.0],[-102.2922032762265,21.803669487821413,0.0],[-102.29219819798989,21.803682863996254,0.0],[-102.29219291696982,21.803696161415832,0.0],[-102.29218743438717,21.803709377006157,0.0],[-102.2921817515093,21.803722507712134,0.0],[-102.29217586965,21.803735550498317,0.0],[-102.29216979016897,21.803748502349542,0.0],[-102.29216351447161,21.803761360271725,0.0],[-102.2921570440106,21.803774121293447,0.0],[-102.29215038027884,21.803786782463238,0.0],[-102.2921435248169,21.803799340854134,0.0],[-102.29213647920953,21.803811793563,0.0],[-102.29213159318638,21.80382013096404,0.0],[-102.29213339372298,21.803817111610954,0.0],[-102.29212934825331,21.803824171284116,0.0],[-102.29212542546205,21.803831299854732,0.0],[-102.29212162652226,21.80383849519119,0.0],[-102.2921179525699,21.803845755141857,0.0],[-102.29211440470354,21.80385307753591,0.0],[-102.2921109839841,21.803860460183728,0.0],[-102.2921076914345,21.803867900877705,0.0],[-102.29210452803925,21.803875397392936,0.0],[-102.29210149474429,21.803882947487747,0.0],[-102.29209859245664,21.80389054890452,0.0],[-102.29209582204416,21.803898199370174,0.0],[-102.2920931843353,21.803905896597062,0.0],[-102.29209068011876,21.803913638283568,0.0],[-102.29208831014338,21.803921422114666,0.0],[-102.29208607511785,21.80392924576286,0.0],[-102.29208397571047,21.80393710688867,0.0],[-102.29208201254907,21.8039450031414,0.0],[-102.2920801862206,21.8039529321599,0.0],[-102.29207849727125,21.80396089157321,0.0],[-102.29207694620601,21.803968879001264,0.0],[-102.29207553348868,21.80397689205559,0.0],[-102.29207425954176,21.803984928340153,0.0],[-102.29207312474614,21.80399298545185,0.0],[-102.29207212944115,21.804001060981435,0.0],[-102.29207127392449,21.804009152514134,0.0],[-102.29207055845185,21.80401725763035,0.0],[-102.29206998323727,21.804025373906477,0.0],[-102.2920695484527,21.80403349891555,0.0],[-102.29206925422817,21.80404163022801,0.0],[-102.29206910065169,21.804049765412355,0.0],[-102.29206908776914,21.804057902035982,0.0],[-102.2920692155844,21.804066037665844,0.0],[-102.29206948405921,21.804074169869196,0.0],[-102.29206989311335,21.804082296214325,0.0],[-102.29207044262446,21.804090414271183,0.0],[-102.29207113242822,21.804098521612374,0.0],[-102.2920719623184,21.804106615813538,0.0],[-102.29207293204682,21.804114694454313,0.0],[-102.29207404132347,21.804122755119007,0.0],[-102.29207528981676,21.804130795397274,0.0],[-102.29207667715322,21.804138812884897,0.0],[-102.29207820291809,21.804146805184406,0.0],[-102.29207986665511,21.80415476990596,0.0],[-102.29208166786677,21.804162704667885,0.0],[-102.29208360601446,21.804170607097483,0.0],[-102.29208568051868,21.804178474831733,0.0],[-102.29208789075902,21.804186305518012,0.0],[-102.2920902360746,21.80419409681475,0.0],[-102.29209271576416,21.804201846392143,0.0],[-102.29209532908614,21.804209551932917,0.0],[-102.29209807525915,21.80421721113287,0.0],[-102.29210095346194,21.804224821701744,0.0],[-102.29210396283396,21.804232381363775,0.0],[-102.29210710247527,21.804239887858493,0.0],[-102.29211037144702,21.804247338941195,0.0],[-102.29211376877177,21.804254732383885,0.0],[-102.2921172934336,21.804262065975706,0.0],[-102.29212094437857,21.80426933752376,0.0],[-102.2921247205149,21.804276544853657,0.0],[-102.29212862071356,21.804283685810237,0.0],[-102.2921300006008,21.804286143666758,0.0],[-102.29213023880814,21.80428657677032,0.0],[-102.29213046942286,21.804287013963968,0.0],[-102.29213069237473,21.804287455114622,0.0],[-102.29213090759588,21.804287900087978,0.0],[-102.29213111502082,21.804288348748578,0.0],[-102.29213131458634,21.804288800959842,0.0],[-102.29213150623177,21.804289256584113,0.0],[-102.2921316898987,21.80428971548267,0.0],[-102.29213186553127,21.80429017751583,0.0],[-102.29213203307596,21.804290642542934,0.0],[-102.29213219248179,21.804291110422398,0.0],[-102.29213234370027,21.804291581011825,0.0],[-102.29213248668533,21.804292054167938,0.0],[-102.29213262139343,21.804292529746714,0.0],[-102.2921327477836,21.80429300760335,0.0],[-102.29213286581731,21.804293487592386,0.0],[-102.2921329754587,21.804293969567695,0.0],[-102.29213307667432,21.804294453382557,0.0],[-102.2921331694334,21.80429493888971,0.0],[-102.29213325370769,21.804295425941312,0.0],[-102.29213332947155,21.804295914389137,0.0],[-102.29213339670189,21.804296404084464,0.0],[-102.29213345537825,21.80429689487822,0.0],[-102.29213350548277,21.804297386621027,0.0],[-102.29213354700019,21.804297879163133,0.0],[-102.29213357991793,21.80429837235464,0.0],[-102.29213360422591,21.804298866045396,0.0],[-102.29213361991668,21.804299360085075,0.0],[-102.29213362698557,21.804299854323368,0.0],[-102.29213362543041,21.804300348609733,0.0],[-102.2921336152516,21.80430084279372,0.0],[-102.29213359645232,21.804301336724922,0.0],[-102.29213356903823,21.80430183025293,0.0],[-102.2921335330177,21.804302323227535,0.0],[-102.29213348840169,21.804302815498644,0.0],[-102.29213343520382,21.80430330691641,0.0],[-102.29213337344025,21.80430379733121,0.0],[-102.29213330312979,21.80430428659381,0.0],[-102.29213322429382,21.8043047745552,0.0],[-102.2921331369564,21.80430526106688,0.0],[-102.29213304114406,21.80430574598071,0.0],[-102.29213293688596,21.80430622914909,0.0],[-102.29213282421387,21.804306710424942,0.0],[-102.2921327031621,21.804307189661714,0.0],[-102.29213257376749,21.804307666713573,0.0],[-102.29213243606945,21.804308141435264,0.0],[-102.29213229010983,21.80430861368225,0.0],[-102.29213213593313,21.804309083310805,0.0],[-102.29213197358625,21.80430955017793,0.0],[-102.29213180311864,21.80431001414154,0.0],[-102.29213162458217,21.804310475060365,0.0],[-102.29213143803115,21.804310932794085,0.0],[-102.2921312435225,21.804311387203388,0.0],[-102.29213104111533,21.804311838149918,0.0],[-102.29219644015059,21.804390274566714,0.0],[-102.29219693236013,21.804390242423736,0.0],[-102.2921974250522,21.80439021880236,0.0],[-102.2921979180792,21.804390203709666,0.0],[-102.29219841129357,21.80439019715017,0.0],[-102.29219890454759,21.804390199125823,0.0],[-102.29219939769358,21.804390209636033,0.0],[-102.29219989058387,21.804390228677683,0.0],[-102.2922003830709,21.804390256245043,0.0],[-102.2922008750072,21.804390292329852,0.0],[-102.29220136624546,21.804390336921337,0.0],[-102.29220185663861,21.80439039000612,0.0],[-102.29220234603982,21.804390451568302,0.0],[-102.2922028343025,21.80439052158949,0.0],[-102.29220332128054,21.804390600048666,0.0],[-102.29220380682803,21.804390686922382,0.0],[-102.29220429079967,21.804390782184594,0.0],[-102.29220477305051,21.804390885806814,0.0],[-102.29220525343612,21.80439099775797,0.0],[-102.29220573181279,21.804391118004556,0.0],[-102.29220620803711,21.804391246510587,0.0],[-102.29220668196662,21.804391383237586,0.0],[-102.29220715345932,21.804391528144578,0.0],[-102.29220762237411,21.804391681188225,0.0],[-102.29220808857058,21.80439184232266,0.0],[-102.29220855190907,21.804392011499647,0.0],[-102.29220901225094,21.804392188668533,0.0],[-102.29220946945824,21.804392373776295,0.0],[-102.29220992339421,21.80439256676745,0.0],[-102.29221037392284,21.804392767584268,0.0],[-102.29221082090922,21.8043929761666,0.0],[-102.29221126421956,21.80439319245198,0.0],[-102.29221170372115,21.804393416375653,0.0],[-102.29221213928228,21.804393647870583,0.0],[-102.29221257077265,21.80439388686745,0.0],[-102.29221299806302,21.804394133294686,0.0],[-102.29221342102541,21.804394387078503,0.0],[-102.29221383953325,21.80439464814293,0.0],[-102.29221425346118,21.804394916409798,0.0],[-102.29221466268524,21.804395191798744,0.0],[-102.29221506708296,21.80439547422736,0.0],[-102.29221546653324,21.804395763611065,0.0],[-102.29221586091641,21.804396059863198,0.0],[-102.29221625011446,21.80439636289505,0.0],[-102.29221663401086,21.8043966726159,0.0],[-102.29221701249058,21.804396988933,0.0],[-102.2922173854404,21.80439731175168,0.0],[-102.29221775274857,21.804397640975193,0.0],[-102.2922181143051,21.804397976505058,0.0],[-102.29221847000183,21.80439831824075,0.0],[-102.29221881973216,21.80439866607997,0.0],[-102.29221916339141,21.804399019918556,0.0],[-102.29221950087668,21.80439937965059,0.0],[-102.29221983208694,21.804399745168308,0.0],[-102.29222541152043,21.804404831249474,0.0],[-102.29223107184289,21.804409827152778,0.0],[-102.29223681159698,21.804414731591873,0.0],[-102.29224262930491,21.80441954330412,0.0],[-102.29224852346884,21.804424261050613,0.0],[-102.29225449257117,21.804428883616712,0.0],[-102.29226053507513,21.80443340981227,0.0],[-102.29226664942492,21.804437838471955,0.0],[-102.29264195090029,21.804705121533242,0.0],[-102.29264186523748,21.80470521229905,0.0],[-102.29264195092239,21.804705121548956,0.0],[-102.29316899822571,21.805080455324628,0.0],[-102.29318030268432,21.805088652450397,0.0],[-102.29319146517796,21.805097041871793,0.0],[-102.29320248243587,21.80510562113067,0.0],[-102.29321335122997,21.80511438771324,0.0],[-102.29322406837565,21.805123339050795,0.0],[-102.29323463073261,21.80513247252057,0.0],[-102.29324503520608,21.805141785446356,0.0],[-102.29325527874748,21.805151275099412,0.0],[-102.29326535835533,21.805160938699228,0.0],[-102.29327527107623,21.80517077341421,0.0],[-102.29328501400572,21.805180776362818,0.0],[-102.29329458428899,21.805190944614044,0.0],[-102.29330397912193,21.805201275188534,0.0],[-102.29331319575175,21.805211765059347,0.0],[-102.29332223147793,21.8052224111529,0.0],[-102.29333108365293,21.80523321034978,0.0],[-102.29333974968296,21.80524415948573,0.0],[-102.29334822702887,21.805255255352613,0.0],[-102.29335651320667,21.80526649469923,0.0],[-102.29336460578853,21.805277874232367,0.0],[-102.2933725024032,21.80528939061773,0.0],[-102.2933802007369,21.805301040480966,0.0],[-102.29338769853403,21.805312820408535,0.0],[-102.2933949935976,21.80532472694885,0.0],[-102.29340208379017,21.805336756613215,0.0],[-102.29340896703422,21.805348905876833,0.0],[-102.2934156413129,21.805361171179886,0.0],[-102.29342210467061,21.80537354892856,0.0],[-102.29342204079482,21.805373581590242,0.0],[-102.29342774091388,21.805384784333356,0.0],[-102.29343320336824,21.805396105249898,0.0]]],""type"":""Polygon""}",{},{},,,,,0,
capa,GT Group,Manzana 1,horizontal,disponible,MX,1,1,20343,San Gerardo,0,,11,,,Planta Baja con acceso directo a Piscina,,Descripción de la capa 0,0,,33500,"{""coordinates"":[[[-102.29296584381878,21.806139722284925,0.0],[-102.29284009451098,21.80600119238161,0.0],[-102.29336079361241,21.805503481215336,0.0],[-102.29336079360702,21.80550348120969,0.0],[-102.29329749968076,21.805437263347894,0.0],[-102.29335981788111,21.80550245783663,0.0],[-102.29329823335588,21.805437865983617,0.0],[-102.2934242124463,21.805377432328203,0.0],[-102.29342774091388,21.805384784333356,0.0],[-102.29343320336822,21.80539610524991,0.0],[-102.29343849073663,21.805407508990253,0.0],[-102.29352771158052,21.805604285595166,0.0],[-102.29349033116482,21.805640091804467,0.0],[-102.2934902935356,21.80564005212061,0.0],[-102.29298069398507,21.80612714891881,0.0],[-102.29297261816609,21.80613447088977,0.0],[-102.29297195143805,21.80613506480307,0.0],[-102.29297127540144,21.806135648098692,0.0],[-102.29297059022528,21.806136220630744,0.0],[-102.29296989608096,21.806136782256008,0.0],[-102.29296919314207,21.806137332834076,0.0],[-102.29296848158441,21.80613787222724,0.0],[-102.29296776158593,21.80613840030061,0.0],[-102.29296703332669,21.80613891692212,0.0],[-102.2929663316347,21.806139398199576,0.0],[-102.29296633267387,21.806139399305916,0.0],[-102.29296584381878,21.806139722284925,0.0]]],""type"":""Polygon""}",{},{},,,0,0,0,
unidad,GT Group,Lote 1,horizontal,disponible,MX,1,1,20343,San Gerardo,0,0,11-A,lote,,,,,0,,129,"{""coordinates"":[[[[-102.29330036543433,21.80582159297734,0.0],[-102.29334798330379,21.80577607773668,0.0],[-102.29321794058079,21.805640027540804,0.0],[-102.29317032290358,21.805685542982637,0.0],[-102.29330036543433,21.80582159297734,0.0]]]],""type"":""MultiPolygon""}",{},{},,,0,0,0,
unidad,GT Group,Lote 2,horizontal,disponible,MX,1,1,20343,San Gerardo,0,0,11-B,lote,,,,,0,,129,"{""coordinates"":[[[[-102.29325274756485,21.805867108218024,0.0],[-102.29330036543433,21.80582159297734,0.0],[-102.29317032290358,21.805685542982637,0.0],[-102.29312270522637,21.80573105842445,0.0],[-102.29325274756485,21.805867108218024,0.0]]]],""type"":""MultiPolygon""}",{},{},,,0,0,0,
unidad,GT Group,Lote 3,horizontal,disponible,MX,1,1,20343,San Gerardo,0,0,11-C,lote,,,,,0,,129,"{""coordinates"":[[[[-102.29320512969538,21.80591262345871,0.0],[-102.29325274756485,21.805867108218024,0.0],[-102.29312270522637,21.80573105842445,0.0],[-102.29307508754916,21.805776573866286,0.0],[-102.29320512969538,21.80591262345871,0.0]]]],""type"":""MultiPolygon""}",{},{},,,0,0,0,
unidad,GT Group,Lote 4,horizontal,disponible,MX,1,1,20343,San Gerardo,0,0,11-D,lote,,,,,0,,129,"{""coordinates"":[[[[-102.2931575118259,21.805958138699378,0.0],[-102.29320512969538,21.80591262345871,0.0],[-102.29307508754916,21.805776573866286,0.0],[-102.29302746987196,21.805822089308116,0.0],[-102.2931575118259,21.805958138699378,0.0]]]],""type"":""MultiPolygon""}",{},{},,,0,0,0,
unidad,GT Group,Lote 5,horizontal,disponible,MX,1,1,20343,San Gerardo,0,0,11-E,lote,,,,,0,,129,"{""coordinates"":[[[[-102.29310989395644,21.80600365394005,0.0],[-102.2931575118259,21.805958138699378,0.0],[-102.29302746987196,21.805822089308116,0.0],[-102.29297985219473,21.80586760474991,0.0],[-102.29310989395644,21.80600365394005,0.0]]]],""type"":""MultiPolygon""}",{},{},,,0,0,0,
unidad,GT Group,Lote 6,horizontal,disponible,MX,1,1,20343,San Gerardo,0,0,11-F,lote,,,,,0,,129,"{""coordinates"":[[[[-102.29306227608694,21.80604916918072,0.0],[-102.29310989395644,21.80600365394005,0.0],[-102.29297985219473,21.805867604749924,0.0],[-102.29293223451755,21.80591312019176,0.0],[-102.29306227608694,21.80604916918072,0.0]]]],""type"":""MultiPolygon""}",{},{},,,0,0,0,
unidad,GT Group,Lote 7,horizontal,disponible,MX,1,1,20343,San Gerardo,0,0,11-G,lote,,,,,0,,129,"{""coordinates"":[[[[-102.29301465821749,21.806094684421403,0.0],[-102.29306227608694,21.80604916918072,0.0],[-102.29293223451755,21.80591312019176,0.0],[-102.29288461684034,21.805958635633576,0.0],[-102.29301465821749,21.806094684421403,0.0]]]],""type"":""MultiPolygon""}",{},{},,,0,0,0,
unidad,GT Group,Lote 8,horizontal,disponible,MX,1,1,20343,San Gerardo,0,0,11-H,lote,,,,,0,,129,"{""coordinates"":[[[[-102.29297277587033,21.80613432761409,0.0],[-102.2929720936423,21.806134939709423,0.0],[-102.29297140156802,21.80613554064955,0.0],[-102.29297069982995,21.806136130276087,0.0],[-102.29296998861295,21.806136708433662,0.0],[-102.29296926810449,21.80613727496992,0.0],[-102.29296853849438,21.806137829735572,0.0],[-102.29296779997496,21.80613837258439,0.0],[-102.29296705274079,21.806138903373334,0.0],[-102.29296629698881,21.806139421962552,0.0],[-102.29283699897088,21.80600415087427,0.0],[-102.29288461684034,21.805958635633576,0.0],[-102.29301465821749,21.806094684421403,0.0],[-102.29298069399064,21.80612714891377,0.0],[-102.29297277587702,21.8061343276217,0.0],[-102.29297277587033,21.80613432761409,0.0]]]],""type"":""MultiPolygon""}",{},{},,,0,0,0,
unidad,GT Group,Lote 9,horizontal,disponible,MX,1,1,20343,San Gerardo,0,0,11-I,lote,,,,,0,,129,"{""coordinates"":[[[[-102.29344321904276,21.80568504725534,0.0],[-102.29349083691223,21.805639532014666,0.0],[-102.29336079361241,21.805503481215343,0.0],[-102.2933131759352,21.80554899665717,0.0],[-102.29344321904276,21.80568504725534,0.0]]]],""type"":""MultiPolygon""}",{},{},,,0,0,0,
unidad,GT Group,Lote 10,horizontal,disponible,MX,1,1,20343,San Gerardo,0,0,11-J,lote,,,,,0,,129,"{""coordinates"":[[[[-102.29339560117327,21.805730562496027,0.0],[-102.29344321904276,21.80568504725534,0.0],[-102.2933131759352,21.80554899665717,0.0],[-102.29326555825797,21.805594512098992,0.0],[-102.29339560117327,21.805730562496027,0.0]]]],""type"":""MultiPolygon""}",{},{},,,0,0,0,
unidad,GT Group,Lote 11,horizontal,disponible,MX,1,1,20343,San Gerardo,0,0,11-K,lote,,,,,0,,129,"{""coordinates"":[[[-102.29334798703869,21.805776035893544,0.0],[-102.29339560490813,21.805730520652887,0.0],[-102.29326556218511,21.80559447045701,0.0],[-102.2932179445079,21.805639985898843,0.0],[-102.29334798703869,21.805776035893544,0.0]]],""type"":""Polygon""}",{},{},,,0,0,0,
capa,GT Group,Manzana 2,horizontal,disponible,MX,1,1,20343,San Gerardo,0,,,,,Planta Baja con acceso directo a Piscina,,Descripción de la capa 0,0,,28500,"{""coordinates"":[[[-102.29305982363202,21.805233759340776,0.0],[-102.29306867951355,21.80524018308144,0.0],[-102.29307742206586,21.80524676022844,0.0],[-102.29308604863176,21.8052534887828,0.0],[-102.29309455658945,21.80526036669953,0.0],[-102.29310294335318,21.805267391888293,0.0],[-102.29311120637396,21.805274562213956,0.0],[-102.29311934314049,21.8052818754973,0.0],[-102.29312735117986,21.805289329515595,0.0],[-102.2931352280581,21.805296922003414,0.0],[-102.29314297138137,21.805304650653245,0.0],[-102.29315057879622,21.80531251311611,0.0],[-102.29315804799057,21.805320507002428,0.0],[-102.29316537669435,21.805328629882666,0.0],[-102.29317256268021,21.805336879288106,0.0],[-102.29317960376416,21.80534525271152,0.0],[-102.29318649780623,21.80535374760805,0.0],[-102.29319324271113,21.805362361395872,0.0],[-102.29319983642894,21.805371091457058,0.0],[-102.29320627695567,21.805379935138312,0.0],[-102.2932125623339,21.80538888975184,0.0],[-102.29321869065333,21.80539795257612,0.0],[-102.29322466005142,21.80540712085672,0.0],[-102.29323046871393,21.80541639180719,0.0],[-102.29323611487547,21.805425762609847,0.0],[-102.29324159682002,21.805435230416716,0.0],[-102.29324158075019,21.805435202137655,0.0],[-102.29324182682679,21.805435627102003,0.0],[-102.29324208025807,21.8054360477218,0.0],[-102.2932423409673,21.80543646386972,0.0],[-102.29324260887562,21.805436875419883,0.0],[-102.29324288390193,21.80543728224773,0.0],[-102.29324316596312,21.80543768423018,0.0],[-102.29324345497375,21.805438081245654,0.0],[-102.2932437508464,21.80543847317394,0.0],[-102.29324405349153,21.805438859896483,0.0],[-102.29324436281757,21.805439241296277,0.0],[-102.29324467873096,21.80543961725791,0.0],[-102.29324500113604,21.80543998766763,0.0],[-102.29324532993535,21.805440352413342,0.0],[-102.29324566502929,21.80544071138468,0.0],[-102.29324600631656,21.80544106447305,0.0],[-102.29324635369386,21.805441411571632,0.0],[-102.29324670705611,21.805441752575355,0.0],[-102.29324706629632,21.80544208738105,0.0],[-102.29324743130587,21.805442415887427,0.0],[-102.29324780197427,21.805442737995065,0.0],[-102.29324817818936,21.805443053606542,0.0],[-102.29324855983732,21.805443362626324,0.0],[-102.29324894680273,21.805443664960908,0.0],[-102.2932493389684,21.80544396051885,0.0],[-102.2932497362157,21.80544424921068,0.0],[-102.29325013842447,21.80544453094905,0.0],[-102.29325054547296,21.80544480564877,0.0],[-102.29325095723807,21.805445073226625,0.0],[-102.29325137359514,21.805445333601707,0.0],[-102.29325179441821,21.80544558669523,0.0],[-102.29325221957998,21.80544583243063,0.0],[-102.29325264895179,21.805446070733524,0.0],[-102.2932530824037,21.805446301531806,0.0],[-102.29325351980454,21.805446524755645,0.0],[-102.29325396102203,21.805446740337512,0.0],[-102.29325440592261,21.805446948212168,0.0],[-102.2932548543717,21.805447148316716,0.0],[-102.29325530623355,21.80544734059061,0.0],[-102.2932557613715,21.80544752497567,0.0],[-102.2932562196478,21.805447701416103,0.0],[-102.29325668092382,21.805447869858515,0.0],[-102.29325714505994,21.80544803025195,0.0],[-102.29325761191575,21.805448182547877,0.0],[-102.29325808135,21.80544832670021,0.0],[-102.29325855322062,21.805448462665332,0.0],[-102.29325902738488,21.80544859040211,0.0],[-102.29325950369923,21.805448709871865,0.0],[-102.2932599820196,21.805448821038507,0.0],[-102.29326046220129,21.805448923868337,0.0],[-102.29326094409893,21.805449018330265,0.0],[-102.29326142756676,21.80544910439572,0.0],[-102.29326191245849,21.805449182038657,0.0],[-102.29326239862736,21.805449251235547,0.0],[-102.29326288592632,21.805449311965507,0.0],[-102.2932633742079,21.805449364210126,0.0],[-102.29326386332437,21.805449407953613,0.0],[-102.2932643531277,21.80544944318273,0.0],[-102.29326484346973,21.8054494698868,0.0],[-102.29326533420205,21.805449488057757,0.0],[-102.2932658251762,21.805449497690105,0.0],[-102.29326631624365,21.805449498780924,0.0],[-102.29326680725573,21.80544949132988,0.0],[-102.29326729806395,21.805449475339255,0.0],[-102.29326778851976,21.805449450813843,0.0],[-102.2932682784748,21.805449417761093,0.0],[-102.29326876778075,21.805449376191007,0.0],[-102.29326925628963,21.805449326116157,0.0],[-102.29326974385357,21.80544926755168,0.0],[-102.29327023032508,21.80544920051532,0.0],[-102.29327071555694,21.805449125027366,0.0],[-102.29327119940237,21.805449041110624,0.0],[-102.29327168171491,21.80544894879051,0.0],[-102.29327216234869,21.80544884809498,0.0],[-102.29327264115818,21.80544873905443,0.0],[-102.29327311799864,21.805448621701938,0.0],[-102.29327359272567,21.805448496072948,0.0],[-102.29327406519569,21.805448362205514,0.0],[-102.29327453526571,21.805448220140136,0.0],[-102.29327500279351,21.805448069919763,0.0],[-102.29327546763764,21.805447911589898,0.0],[-102.29327592965741,21.80544774519841,0.0],[-102.29327638871307,21.805447570795675,0.0],[-102.29327684466567,21.80544738843445,0.0],[-102.2932772973773,21.805447198169905,0.0],[-102.29327774671094,21.805447000059623,0.0],[-102.29327819253064,21.805446794163544,0.0],[-102.29327863470152,21.805446580543975,0.0],[-102.29329843678649,21.80543786174179,0.0],[-102.29342416149476,21.80537751010396,0.0],[-102.2934156413129,21.805361171179886,0.0],[-102.29340896703422,21.805348905876833,0.0],[-102.29340208379017,21.805336756613215,0.0],[-102.2933949935976,21.80532472694885,0.0],[-102.29338769853403,21.805312820408535,0.0],[-102.2933802007369,21.805301040480966,0.0],[-102.2933725024032,21.80528939061773,0.0],[-102.29336460578853,21.805277874232367,0.0],[-102.29335651320667,21.80526649469923,0.0],[-102.29334822702887,21.805255255352613,0.0],[-102.29333974968296,21.80524415948573,0.0],[-102.29333108365293,21.80523321034978,0.0],[-102.29332223147793,21.8052224111529,0.0],[-102.29331319575175,21.805211765059347,0.0],[-102.29330397912193,21.805201275188534,0.0],[-102.29329458428899,21.805190944614044,0.0],[-102.29328501400572,21.805180776362818,0.0],[-102.29327527107623,21.80517077341421,0.0],[-102.29326535835533,21.805160938699228,0.0],[-102.29325527874748,21.805151275099412,0.0],[-102.29324503520608,21.805141785446356,0.0],[-102.29323463073261,21.80513247252057,0.0],[-102.29322406837565,21.805123339050795,0.0],[-102.29321335122997,21.80511438771324,0.0],[-102.29320248243587,21.80510562113067,0.0],[-102.29319146517796,21.805097041871793,0.0],[-102.29318030268432,21.805088652450397,0.0],[-102.29316899822571,21.805080455324628,0.0],[-102.29264195092239,21.804705121548956,0.0],[-102.29263115430008,21.804716556406646,0.0],[-102.29262055018958,21.804728170013504,0.0],[-102.29261014154982,21.804739959128867,0.0],[-102.29259993128511,21.804751920463172,0.0],[-102.29258992224455,21.804764050678752,0.0],[-102.292580117221,21.80477634639086,0.0],[-102.29257051895038,21.804788804168556,0.0],[-102.29256113011101,21.80480142053564,0.0],[-102.29255195332271,21.804814191971712,0.0],[-102.29254299114609,21.804827114913067,0.0],[-102.29253424608197,21.80484018575377,0.0],[-102.29252572057051,21.80485340084658,0.0],[-102.29305982363202,21.805233759340776,0.0]]],""type"":""Polygon""}",{},{},,,0,0,0,
capa,GT Group,Manzana 5,horizontal,disponible,MX,1,1,20343,San Gerardo,0,,,,,Planta Baja con acceso directo a Piscina,,Descripción de la capa 0,0,,29000,"{""coordinates"":[[[[-102.2911280535435,21.804767992602216,0.0],[-102.29112619645495,21.80476204100638,0.0],[-102.29112444351894,21.80475605790635,0.0],[-102.2911227952694,21.804750045124614,0.0],[-102.2911212522084,21.804744004492743,0.0],[-102.29111981480598,21.804737937850764,0.0],[-102.29111848349999,21.804731847046632,0.0],[-102.29111725869595,21.804725733935648,0.0],[-102.29111614076695,21.804719600379954,0.0],[-102.29111513005356,21.804713448247877,0.0],[-102.29111422686353,21.80470727941342,0.0],[-102.29111343147213,21.804701095755668,0.0],[-102.29111274412155,21.80469489915821,0.0],[-102.2911121650212,21.80468869150863,0.0],[-102.2911116943475,21.804682474697795,0.0],[-102.29111133224379,21.804676250619423,0.0],[-102.29111107882034,21.80467002116941,0.0],[-102.2911109341544,21.804663788245346,0.0],[-102.29111089829006,21.804657553745805,0.0],[-102.29111097123814,21.804651319569906,0.0],[-102.29111115297651,21.804645087616603,0.0],[-102.29111144344978,21.804638859784237,0.0],[-102.29111184256946,21.804632637969867,0.0],[-102.29111235021398,21.80462642406869,0.0],[-102.29111296622875,21.804620219973554,0.0],[-102.29111369042609,21.80461402757427,0.0],[-102.29111452258536,21.80460784875709,0.0],[-102.29111546245312,21.80460168540418,0.0],[-102.29111650974308,21.80459553939291,0.0],[-102.29111766413624,21.80458941259545,0.0],[-102.29111892528093,21.80458330687806,0.0],[-102.29112029279298,21.804577224100615,0.0],[-102.29112176625588,21.80457116611598,0.0],[-102.29112334522077,21.804565134769486,0.0],[-102.29112502920667,21.804559131898323,0.0],[-102.29112681770066,21.804553159331046,0.0],[-102.29112871015792,21.80454721888692,0.0],[-102.29113070600201,21.80454131237552,0.0],[-102.29113280462492,21.804535441595966,0.0],[-102.29113500538747,21.80452960833658,0.0],[-102.29113730761922,21.804523814374253,0.0],[-102.29113971061894,21.804518061473832,0.0],[-102.29114221365461,21.80451235138775,0.0],[-102.29114481596378,21.804506685855326,0.0],[-102.2911475167538,21.80450106660234,0.0],[-102.29115031520196,21.804495495340497,0.0],[-102.29115321045583,21.80448997376684,0.0],[-102.29115620163348,21.804484503563298,0.0],[-102.29115928782382,21.80447908639612,0.0],[-102.29116246808667,21.804473723915468,0.0],[-102.29116574145336,21.80446841775478,0.0],[-102.2911691069268,21.804463169530358,0.0],[-102.29117256348177,21.8044579808409,0.0],[-102.2911761100654,21.804452853266916,0.0],[-102.2911797455974,21.804447788370286,0.0],[-102.29118346897032,21.804442787693844,0.0],[-102.29118727904998,21.804437852760856,0.0],[-102.29119117467583,21.804432985074534,0.0],[-102.29119515466115,21.80442818611763,0.0],[-102.29119921779366,21.804423457351948,0.0],[-102.29120336283569,21.80441880021794,0.0],[-102.2912075885246,21.804414216134166,0.0],[-102.29121189357322,21.80440970649704,0.0],[-102.2912162766702,21.804405272680196,0.0],[-102.29122073648035,21.80440091603423,0.0],[-102.29122527164523,21.804396637886228,0.0],[-102.2912298807833,21.804392439539328,0.0],[-102.29123456249071,21.804388322272455,0.0],[-102.29123931534124,21.804384287339683,0.0],[-102.2912441378872,21.804380335970144,0.0],[-102.29124902865955,21.804376469367437,0.0],[-102.29125398616857,21.804372688709392,0.0],[-102.29125900890406,21.804368995147602,0.0],[-102.29126409533615,21.80436538980721,0.0],[-102.29126924391541,21.804361873786405,0.0],[-102.29127445307353,21.80435844815619,0.0],[-102.29127972122376,21.804355113960074,0.0],[-102.29128504676139,21.804351872213655,0.0],[-102.29129042806417,21.804348723904422,0.0],[-102.29129586349293,21.804345669991385,0.0],[-102.29130135139197,21.80434271140478,0.0],[-102.29130689008966,21.80433984904582,0.0],[-102.29131247789881,21.804337083786404,0.0],[-102.29131811311734,21.80433441646891,0.0],[-102.29132379402871,21.804331847905733,0.0],[-102.29132951890247,21.804329378879384,0.0],[-102.29133528599475,21.804327010141876,0.0],[-102.29134109354884,21.804324742414767,0.0],[-102.29134693979572,21.804322576388856,0.0],[-102.29135282295452,21.804320512723923,0.0],[-102.29135874123324,21.80431855204855,0.0],[-102.29160913412272,21.804238016999154,0.0],[-102.29162467272374,21.80423286969536,0.0],[-102.291640119441,21.804227452889698,0.0],[-102.29165546960067,21.804221768221204,0.0],[-102.29167071855807,21.804215817409908,0.0],[-102.29168586169928,21.80420960225641,0.0],[-102.29170089444222,21.80420312464133,0.0],[-102.29171581223831,21.804196386524595,0.0],[-102.29173061057377,21.804189389945037,0.0],[-102.2917452849709,21.804182137019705,0.0],[-102.29175983098958,21.804174629943116,0.0],[-102.29177424422845,21.80416687098682,0.0],[-102.29178852032636,21.804158862498483,0.0],[-102.29180265496372,21.804150606901313,0.0],[-102.29181664386364,21.804142106693273,0.0],[-102.29183048279339,21.804133364446344,0.0],[-102.29184416756557,21.804124382805757,0.0],[-102.2918576940395,21.804115164489165,0.0],[-102.2918710581223,21.804105712285814,0.0],[-102.29188425577036,21.804096029055792,0.0],[-102.29189728299029,21.804086117729003,0.0],[-102.29191013584034,21.804075981304415,0.0],[-102.29192281043147,21.8040656228491,0.0],[-102.2919353029287,21.804055045497307,0.0],[-102.29194760955197,21.80404425244951,0.0],[-102.29195972657764,21.804033246971482,0.0],[-102.29197165033933,21.804022032393213,0.0],[-102.29198337722909,21.804010612108033,0.0],[-102.29199490369868,21.803998989571454,0.0],[-102.29200622626041,21.803987168300246,0.0],[-102.29201734148833,21.803975151871235,0.0],[-102.29202824601921,21.80396294392036,0.0],[-102.29203893655355,21.803950548141522,0.0],[-102.29204940985659,21.803937968285375,0.0],[-102.29205966275936,21.803925208158297,0.0],[-102.29206969215954,21.803912271621325,0.0],[-102.29207949502246,21.8038991625887,0.0],[-102.292089068382,21.803885885026975,0.0],[-102.29209840934139,21.803872442953658,0.0],[-102.29210751507432,21.803858840436057,0.0],[-102.29211638282557,21.80384508158996,0.0],[-102.29212500991189,21.803831170578544,0.0],[-102.29213339372298,21.803817111610954,0.0],[-102.29212934825331,21.803824171284116,0.0],[-102.29212542546205,21.803831299854732,0.0],[-102.29212162652226,21.80383849519119,0.0],[-102.2921179525699,21.803845755141857,0.0],[-102.29211440470354,21.80385307753591,0.0],[-102.2921109839841,21.803860460183728,0.0],[-102.2921076914345,21.803867900877705,0.0],[-102.29210452803925,21.803875397392936,0.0],[-102.29210149474429,21.803882947487747,0.0],[-102.29209859245664,21.80389054890452,0.0],[-102.29209582204416,21.803898199370174,0.0],[-102.2920931843353,21.803905896597062,0.0],[-102.29209068011876,21.803913638283568,0.0],[-102.29208831014338,21.803921422114666,0.0],[-102.29208607511785,21.80392924576286,0.0],[-102.29208397571047,21.80393710688867,0.0],[-102.29208201254907,21.8039450031414,0.0],[-102.2920801862206,21.8039529321599,0.0],[-102.29207849727125,21.80396089157321,0.0],[-102.29207694620601,21.803968879001264,0.0],[-102.29207553348868,21.80397689205559,0.0],[-102.29207425954176,21.803984928340153,0.0],[-102.29207312474614,21.80399298545185,0.0],[-102.29207212944115,21.804001060981435,0.0],[-102.29207127392449,21.804009152514134,0.0],[-102.29207055845185,21.80401725763035,0.0],[-102.29206998323727,21.804025373906477,0.0],[-102.2920695484527,21.80403349891555,0.0],[-102.29206925422817,21.80404163022801,0.0],[-102.29206910065169,21.804049765412355,0.0],[-102.29206908776914,21.804057902035982,0.0],[-102.2920692155844,21.804066037665844,0.0],[-102.29206948405921,21.804074169869196,0.0],[-102.29206989311335,21.804082296214325,0.0],[-102.29207044262446,21.804090414271183,0.0],[-102.29207113242822,21.804098521612374,0.0],[-102.2920719623184,21.804106615813538,0.0],[-102.29207293204682,21.804114694454313,0.0],[-102.29207404132347,21.804122755119007,0.0],[-102.29207528981676,21.804130795397274,0.0],[-102.29207667715322,21.804138812884897,0.0],[-102.29207820291809,21.804146805184406,0.0],[-102.29207986665511,21.80415476990596,0.0],[-102.29208166786677,21.804162704667885,0.0],[-102.29208360601446,21.804170607097483,0.0],[-102.29208568051868,21.804178474831733,0.0],[-102.29208789075902,21.804186305518012,0.0],[-102.2920902360746,21.80419409681475,0.0],[-102.29209271576416,21.804201846392143,0.0],[-102.29209532908614,21.804209551932917,0.0],[-102.29209807525915,21.80421721113287,0.0],[-102.29210095346194,21.804224821701744,0.0],[-102.29210396283396,21.804232381363775,0.0],[-102.29210710247527,21.804239887858493,0.0],[-102.29211037144702,21.804247338941195,0.0],[-102.29211376877177,21.804254732383885,0.0],[-102.2921172934336,21.804262065975706,0.0],[-102.29212094437857,21.80426933752376,0.0],[-102.2921247205149,21.804276544853657,0.0],[-102.29212862071356,21.804283685810237,0.0],[-102.2921300006008,21.804286143666758,0.0],[-102.29213023880814,21.80428657677032,0.0],[-102.29213046942286,21.804287013963968,0.0],[-102.29213069237473,21.804287455114622,0.0],[-102.29213090759588,21.804287900087978,0.0],[-102.29213111502082,21.804288348748578,0.0],[-102.29213131458634,21.804288800959842,0.0],[-102.29213150623177,21.804289256584113,0.0],[-102.2921316898987,21.80428971548267,0.0],[-102.29213186553127,21.80429017751583,0.0],[-102.29213203307596,21.804290642542934,0.0],[-102.29213219248179,21.804291110422398,0.0],[-102.29213234370027,21.804291581011825,0.0],[-102.29213248668533,21.804292054167938,0.0],[-102.29213262139343,21.804292529746714,0.0],[-102.2921327477836,21.80429300760335,0.0],[-102.29213286581731,21.804293487592386,0.0],[-102.2921329754587,21.804293969567695,0.0],[-102.29213307667432,21.804294453382557,0.0],[-102.2921331694334,21.80429493888971,0.0],[-102.29213325370769,21.804295425941312,0.0],[-102.29213332947155,21.804295914389137,0.0],[-102.29213339670189,21.804296404084464,0.0],[-102.29213345537825,21.80429689487822,0.0],[-102.29213350548277,21.804297386621027,0.0],[-102.29213354700019,21.804297879163133,0.0],[-102.29213357991793,21.80429837235464,0.0],[-102.29213360422591,21.804298866045396,0.0],[-102.29213361991668,21.804299360085075,0.0],[-102.29213362698557,21.804299854323368,0.0],[-102.29213362543041,21.804300348609733,0.0],[-102.2921336152516,21.80430084279372,0.0],[-102.29213359645232,21.804301336724922,0.0],[-102.29213356903823,21.80430183025293,0.0],[-102.2921335330177,21.804302323227535,0.0],[-102.29213348840169,21.804302815498644,0.0],[-102.29213343520382,21.80430330691641,0.0],[-102.29213337344025,21.80430379733121,0.0],[-102.29213330312979,21.80430428659381,0.0],[-102.29213322429382,21.8043047745552,0.0],[-102.2921331369564,21.80430526106688,0.0],[-102.29213304114406,21.80430574598071,0.0],[-102.29213293688596,21.80430622914909,0.0],[-102.29213282421387,21.804306710424942,0.0],[-102.2921327031621,21.804307189661714,0.0],[-102.29213257376749,21.804307666713573,0.0],[-102.29213243606945,21.804308141435264,0.0],[-102.29213229010983,21.80430861368225,0.0],[-102.29213213593313,21.804309083310805,0.0],[-102.29213197358625,21.80430955017793,0.0],[-102.29213180311864,21.80431001414154,0.0],[-102.29213162458217,21.804310475060365,0.0],[-102.29213143803115,21.804310932794085,0.0],[-102.2921312435225,21.804311387203388,0.0],[-102.29213104111533,21.804311838149918,0.0],[-102.29213083087126,21.80431228549639,0.0],[-102.29213061285435,21.804312729106655,0.0],[-102.2921303871309,21.804313168845628,0.0],[-102.29213015376968,21.80431360457944,0.0],[-102.29212991284169,21.804314036175484,0.0],[-102.29212966442032,21.804314463502333,0.0],[-102.29212940858115,21.804314886429935,0.0],[-102.29212914540204,21.804315304829515,0.0],[-102.29212887496318,21.80431571857371,0.0],[-102.29212859734687,21.804316127536556,0.0],[-102.29212831263763,21.804316531593596,0.0],[-102.29212802092212,21.80431693062179,0.0],[-102.29212772228915,21.804317324499646,0.0],[-102.29212741682963,21.804317713107306,0.0],[-102.29212710463652,21.804318096326433,0.0],[-102.2921267858049,21.80431847404038,0.0],[-102.29212646043182,21.804318846134173,0.0],[-102.29212612861629,21.804319212494512,0.0],[-102.29212579045941,21.804319573009902,0.0],[-102.29212544606402,21.80431992757058,0.0],[-102.29212509553507,21.804320276068587,0.0],[-102.29212473897917,21.804320618397863,0.0],[-102.29212437650489,21.804320954454173,0.0],[-102.29212400822264,21.804321284135227,0.0],[-102.29212363424445,21.804321607340647,0.0],[-102.29212325468418,21.804321923972076,0.0],[-102.29212286965746,21.804322233933092,0.0],[-102.29206296688278,21.804369311690873,0.0],[-102.29203389325754,21.804332317770495,0.0],[-102.29188591757605,21.80444861227152,0.0],[-102.29200221207701,21.804596587953018,0.0],[-102.29215018775854,21.80448029345199,0.0],[-102.29212111413328,21.80444329953162,0.0],[-102.29218101690795,21.804396221773843,0.0],[-102.29218140852097,21.804395921869407,0.0],[-102.29218180526468,21.804395628786025,0.0],[-102.29218220702023,21.80439534261143,0.0],[-102.29218261366736,21.80439506343132,0.0],[-102.29218302508437,21.804394791329326,0.0],[-102.29218344114797,21.804394526386883,0.0],[-102.29218386173365,21.80439426868331,0.0],[-102.29218428671544,21.80439401829579,0.0],[-102.2921847159661,21.804393775299292,0.0],[-102.29218514935712,21.804393539766593,0.0],[-102.29218558675869,21.80439331176818,0.0],[-102.29218602803991,21.80439309137233,0.0],[-102.29218647306861,21.804392878645046,0.0],[-102.29218692171156,21.80439267365004,0.0],[-102.29218737383434,21.804392476448644,0.0],[-102.29218782930172,21.80439228709997,0.0],[-102.29218828797718,21.80439210566064,0.0],[-102.29218874972348,21.80439193218504,0.0],[-102.29218921440236,21.80439176672506,0.0],[-102.29218968187462,21.80439160933032,0.0],[-102.29219015200033,21.80439146004786,0.0],[-102.2921906246387,21.804391318922427,0.0],[-102.29219109964822,21.804391185996273,0.0],[-102.29219157688671,21.804391061309172,0.0],[-102.29219205621123,21.80439094489851,0.0],[-102.29219253747824,21.8043908367991,0.0],[-102.29219302054369,21.80439073704332,0.0],[-102.29219350526287,21.80439064566104,0.0],[-102.29219399149075,21.804390562679643,0.0],[-102.29219447908163,21.80439048812394,0.0],[-102.29219496788959,21.804390422016258,0.0],[-102.29219545776822,21.804390364376427,0.0],[-102.29219594857086,21.80439031522167,0.0],[-102.29219644015059,21.804390274566714,0.0],[-102.29219693236013,21.804390242423736,0.0],[-102.2921974250522,21.80439021880236,0.0],[-102.2921979180792,21.804390203709666,0.0],[-102.29219841129357,21.80439019715017,0.0],[-102.29219890454759,21.804390199125823,0.0],[-102.29219939769358,21.804390209636033,0.0],[-102.29219989058387,21.804390228677683,0.0],[-102.2922003830709,21.804390256245043,0.0],[-102.2922008750072,21.804390292329852,0.0],[-102.29220136624546,21.804390336921337,0.0],[-102.29220185663861,21.80439039000612,0.0],[-102.29220234603982,21.804390451568302,0.0],[-102.2922028343025,21.80439052158949,0.0],[-102.29220332128054,21.804390600048666,0.0],[-102.29220380682803,21.804390686922382,0.0],[-102.29220429079967,21.804390782184594,0.0],[-102.29220477305051,21.804390885806814,0.0],[-102.29220525343612,21.80439099775797,0.0],[-102.29220573181279,21.804391118004556,0.0],[-102.29220620803711,21.804391246510587,0.0],[-102.29220668196662,21.804391383237586,0.0],[-102.29220715345932,21.804391528144578,0.0],[-102.29220762237411,21.804391681188225,0.0],[-102.29220808857058,21.80439184232266,0.0],[-102.29220855190907,21.804392011499647,0.0],[-102.29220901225094,21.804392188668533,0.0],[-102.29220946945824,21.804392373776295,0.0],[-102.29220992339421,21.80439256676745,0.0],[-102.29221037392284,21.804392767584268,0.0],[-102.29221082090922,21.8043929761666,0.0],[-102.29221126421956,21.80439319245198,0.0],[-102.29221170372115,21.804393416375653,0.0],[-102.29221213928228,21.804393647870583,0.0],[-102.29221257077265,21.80439388686745,0.0],[-102.29221299806302,21.804394133294686,0.0],[-102.29221342102541,21.804394387078503,0.0],[-102.29221383953325,21.80439464814293,0.0],[-102.29221425346118,21.804394916409798,0.0],[-102.29221466268524,21.804395191798744,0.0],[-102.29221506708296,21.80439547422736,0.0],[-102.29221546653324,21.804395763611065,0.0],[-102.29221586091641,21.804396059863198,0.0],[-102.29221625011446,21.80439636289505,0.0],[-102.29221663401086,21.8043966726159,0.0],[-102.29221701249058,21.804396988933,0.0],[-102.2922173854404,21.80439731175168,0.0],[-102.29221775274857,21.804397640975193,0.0],[-102.2922181143051,21.804397976505058,0.0],[-102.29221847000183,21.80439831824075,0.0],[-102.29221881973216,21.80439866607997,0.0],[-102.29221916339141,21.804399019918556,0.0],[-102.29221950087668,21.80439937965059,0.0],[-102.29221983208694,21.804399745168308,0.0],[-102.29222541152043,21.804404831249474,0.0],[-102.29223107184289,21.804409827152778,0.0],[-102.29223681159698,21.804414731591873,0.0],[-102.29224262930491,21.80441954330412,0.0],[-102.29224852346884,21.804424261050613,0.0],[-102.29225449257117,21.804428883616712,0.0],[-102.29226053507513,21.80443340981227,0.0],[-102.29226664942492,21.804437838471955,0.0],[-102.29264195090029,21.804705121533242,0.0],[-102.292630763683,21.804716975182377,0.0],[-102.29261978344879,21.804729020815845,0.0],[-102.29260901349173,21.804741254819877,0.0],[-102.2925984570429,21.804753673524225,0.0],[-102.2925881172693,21.804766273203217,0.0],[-102.2925779972729,21.80477905007692,0.0],[-102.29256810008967,21.804792000312197,0.0],[-102.29255842868885,21.80480512002391,0.0],[-102.29254898597196,21.80481840527614,0.0],[-102.29253977477175,21.804831852083193,0.0],[-102.29253079785168,21.804845456411012,0.0],[-102.29252205790489,21.80485921417825,0.0],[-102.29251355755333,21.804873121257472,0.0],[-102.29250529934718,21.80488717347652,0.0],[-102.29249728576397,21.80490136661969,0.0],[-102.2924895192077,21.80491569642896,0.0],[-102.29248200200851,21.804930158605327,0.0],[-102.2924747364215,21.80494474881007,0.0],[-102.29246772462639,21.804959462666066,0.0],[-102.29246096872677,21.804974295759127,0.0],[-102.2924544707494,21.804989243639202,0.0],[-102.29244823264375,21.805004301821924,0.0],[-102.29244225628128,21.805019465789773,0.0],[-102.29243654345484,21.805034730993462,0.0],[-102.29243109587838,21.805050092853374,0.0],[-102.29242591518617,21.805065546760893,0.0],[-102.29242100293249,21.805081088079778,0.0],[-102.29241636059095,21.805096712147556,0.0],[-102.29241198955432,21.805112414276977,0.0],[-102.29240789113393,21.805128189757284,0.0],[-102.29240406655933,21.8051440338558,0.0],[-102.29240051697786,21.805159941819245,0.0],[-102.29239724345449,21.805175908875132,0.0],[-102.29239424697121,21.805191930233292,0.0],[-102.29239152842703,21.80520800108726,0.0],[-102.2923890886375,21.805224116615662,0.0],[-102.29238692833458,21.805240271983834,0.0],[-102.29238504816638,21.80525646234506,0.0],[-102.29238344869691,21.80527268284216,0.0],[-102.29238213040607,21.80528892860896,0.0],[-102.29238109368934,21.80530519477161,0.0],[-102.29238033885771,21.80532147645022,0.0],[-102.29237986613771,21.805337768760207,0.0],[-102.29237967567104,21.805354066813837,0.0],[-102.29237976751496,21.805370365721593,0.0],[-102.29238014164183,21.805386660593722,0.0],[-102.29238025342198,21.80539151715168,0.0],[-102.2923802816189,21.805396374914018,0.0],[-102.29238022622427,21.805401232442335,0.0],[-102.29238008725447,21.805406088298326,0.0],[-102.29237986475063,21.805410941044155,0.0],[-102.29237955877868,21.805415789242883,0.0],[-102.2923791694292,21.80542063145902,0.0],[-102.29237869681744,21.8054254662587,0.0],[-102.2923781410834,21.805430292210378,0.0],[-102.2923775023916,21.805435107885085,0.0],[-102.29237678093118,21.805439911856848,0.0],[-102.29237597691571,21.805444702703227,0.0],[-102.29237509058336,21.805449479005667,0.0],[-102.29237412219646,21.805454239349853,0.0],[-102.29237307204184,21.805458982326257,0.0],[-102.29237194043037,21.805463706530485,0.0],[-102.29237072769722,21.805468410563666,0.0],[-102.29236943420146,21.805473093032933,0.0],[-102.29236806032603,21.80547775255183,0.0],[-102.29236660647776,21.80548238774064,0.0],[-102.2923650730872,21.80548699722686,0.0],[-102.29236346060833,21.80549157964564,0.0],[-102.2923617695186,21.8054961336401,0.0],[-102.29236000031881,21.805500657861803,0.0],[-102.29235815353276,21.805505150971115,0.0],[-102.29235622970731,21.805509611637596,0.0],[-102.29235422941211,21.805514038540476,0.0],[-102.29235215323943,21.80551843036892,0.0],[-102.29235000180407,21.80552278582248,0.0],[-102.29234777574304,21.805527103611524,0.0],[-102.2923454757155,21.805531382457552,0.0],[-102.29234310240248,21.80553562109355,0.0],[-102.29234065650671,21.805539818264506,0.0],[-102.29233813875246,21.805543972727584,0.0],[-102.29233554988525,21.805548083252653,0.0],[-102.2923328906716,21.8055521486226,0.0],[-102.2923301618989,21.80555616763362,0.0],[-102.2923273643752,21.80556013909571,0.0],[-102.29232449892885,21.80556406183288,0.0],[-102.29232156640822,21.80556793468363,0.0],[-102.29231856768178,21.805571756501205,0.0],[-102.29231550363735,21.80557552615393,0.0],[-102.29231237518225,21.80557924252565,0.0],[-102.29230918324279,21.80558290451587,0.0],[-102.29230592876412,21.805586511040335,0.0],[-102.29230261270993,21.80559006103111,0.0],[-102.29229923606206,21.805593553437035,0.0],[-102.2922957998204,21.805596987224003,0.0],[-102.29229230500235,21.80560036137529,0.0],[-102.29228875264279,21.80560367489178,0.0],[-102.29228514379356,21.805606926792315,0.0],[-102.29228147952324,21.805610116114043,0.0],[-102.29227776091687,21.805613241912596,0.0],[-102.29227398907548,21.80561630326239,0.0],[-102.29227016511597,21.805619299256964,0.0],[-102.29226629017057,21.805622229009206,0.0],[-102.2922623653867,21.805625091651606,0.0],[-102.2922583919265,21.80562788633654,0.0],[-102.29225437096646,21.805630612236463,0.0],[-102.29225030369726,21.805633268544284,0.0],[-102.29224619132322,21.805635854473433,0.0],[-102.29224203506196,21.8056383692582,0.0],[-102.29223783614422,21.80564081215397,0.0],[-102.2922335958133,21.805643182437407,0.0],[-102.29222931532475,21.805645479406618,0.0],[-102.292224995946,21.805647702381535,0.0],[-102.29222063895611,21.805649850703894,0.0],[-102.29221624564512,21.805651923737557,0.0],[-102.29221181731394,21.805653920868725,0.0],[-102.29220735527379,21.80565584150605,0.0],[-102.29219325402569,21.80566162400556,0.0],[-102.29217905421746,21.80566716006424,0.0],[-102.29216476015571,21.805672448003097,0.0],[-102.2921503761755,21.80567748621835,0.0],[-102.2921359066393,21.805682273182047,0.0],[-102.29212135593546,21.805686807442367,0.0],[-102.29210672847692,21.805691087624147,0.0],[-102.29209202869997,21.805695112429277,0.0],[-102.29207726106274,21.80569888063712,0.0],[-102.29206243004406,21.805702391104838,0.0],[-102.29204754014181,21.805705642767755,0.0],[-102.29203259587199,21.80570863463974,0.0],[-102.29201760176682,21.80571136581335,0.0],[-102.29200256237378,21.805713835460335,0.0],[-102.29198748225404,21.805716042831627,0.0],[-102.29197236598117,21.805717987257836,0.0],[-102.29195721813963,21.8057196681492,0.0],[-102.29194204332349,21.80572108499597,0.0],[-102.29192684613503,21.805722237368396,0.0],[-102.29191163118328,21.80572312491704,0.0],[-102.29189640308267,21.80572374737269,0.0],[-102.29188116645163,21.805724104546563,0.0],[-102.2918659259111,21.805724196330335,0.0],[-102.29185080651642,21.805724008986537,0.0],[-102.29183569258907,21.805723561332965,0.0],[-102.29182058861046,21.80572285350233,0.0],[-102.29180549905912,21.805721885704546,0.0],[-102.29179042840914,21.805720658226548,0.0],[-102.29177538112907,21.80571917143229,0.0],[-102.29176036168067,21.805717425762623,0.0],[-102.29174537451725,21.805715421735187,0.0],[-102.29173042408263,21.805713159944144,0.0],[-102.2917155148098,21.805710641060163,0.0],[-102.29170065111941,21.805707865830108,0.0],[-102.29168583741873,21.805704835076853,0.0],[-102.29167107810011,21.80570154969902,0.0],[-102.29165637753981,21.805698010670806,0.0],[-102.29164174009672,21.80569421904152,0.0],[-102.2916271701109,21.805690175935435,0.0],[-102.29161267190251,21.805685882551337,0.0],[-102.29159824977039,21.80568134016228,0.0],[-102.2915839079908,21.805676550115095,0.0],[-102.29156965081624,21.805671513830116,0.0],[-102.29155548247402,21.8056662328006,0.0],[-102.29154140716524,21.805660708592402,0.0],[-102.29152742906334,21.805654942843567,0.0],[-102.29151355231285,21.805648937263623,0.0],[-102.29149978102845,21.805642693633295,0.0],[-102.29148611929344,21.805636213803883,0.0],[-102.29147257115856,21.8056294996967,0.0],[-102.29145914064101,21.805622553302534,0.0],[-102.29145629466743,21.805621017225942,0.0],[-102.29145347550848,21.80561943247372,0.0],[-102.29145068399654,21.80561779951383,0.0],[-102.29144792095592,21.80561611882845,0.0],[-102.29144518720244,21.80561439091381,0.0],[-102.29144248354336,21.805612616280168,0.0],[-102.29143981077702,21.805610795451525,0.0],[-102.29143716969261,21.80560892896552,0.0],[-102.29143456106999,21.80560701737328,0.0],[-102.2914319856794,21.805605061239273,0.0],[-102.2914294442813,21.805603061141085,0.0],[-102.29142693762616,21.80560101766932,0.0],[-102.2914244664541,21.805598931427365,0.0],[-102.29142203149478,21.805596803031225,0.0],[-102.29141963346721,21.805594633109393,0.0],[-102.2914172730795,21.805592422302563,0.0],[-102.2914149510286,21.805590171263585,0.0],[-102.29141266800018,21.805587880657093,0.0],[-102.2914104246683,21.80558555115947,0.0],[-102.29140822169546,21.805583183458598,0.0],[-102.29140605973207,21.805580778253553,0.0],[-102.29140393941658,21.805578336254573,0.0],[-102.29140186137498,21.8055758581827,0.0],[-102.29139982622094,21.805573344769687,0.0],[-102.2913978345554,21.805570796757674,0.0],[-102.29139588696644,21.805568214899004,0.0],[-102.29139398402913,21.805565599956093,0.0],[-102.29139212630533,21.80556295270105,0.0],[-102.29139031434364,21.805560273915525,0.0],[-102.29138854867908,21.805557564390554,0.0],[-102.29138682983303,21.805554824926183,0.0],[-102.291385158313,21.80555205633128,0.0],[-102.29138353461254,21.80554925942339,0.0],[-102.29138195921111,21.80554643502837,0.0],[-102.29138043257385,21.805543583980167,0.0],[-102.29137895515167,21.805540707120684,0.0],[-102.29137752738069,21.80553780529938,0.0],[-102.29137614968252,21.805534879373084,0.0],[-102.291374822464,21.805531930205756,0.0],[-102.29137354611704,21.805528958668226,0.0],[-102.29137232101844,21.80552596563792,0.0],[-102.29137114753003,21.805522951998608,0.0],[-102.29137002599825,21.80551991864016,0.0],[-102.29136895675433,21.805516866458277,0.0],[-102.29136794011391,21.80551379635416,0.0],[-102.2911280535435,21.804767992602216,0.0]]]],""type"":""MultiPolygon""}",{},{},,,0,0,0,
capa,GT Group,Manzana 10,horizontal,disponible,MX,1,1,20343,San Gerardo,0,,,,,Planta Baja con acceso directo a Piscina,,Descripción de la capa 0,0,,29500,"{""coordinates"":[[[-102.29219980794635,21.802743594174547,0.0],[-102.29210045257688,21.803273302178663,0.0],[-102.29228405755951,21.80330608878271,0.0],[-102.29240367270914,21.802678024186605,0.0],[-102.29219980794635,21.802743594174547,0.0]]],""type"":""Polygon""}",{},{},,,0,0,0,
capa,GT Group,Manzana 9,horizontal,disponible,MX,1,1,20343,San Gerardo,0,,,,,Planta Baja con acceso directo a Piscina,,Descripción de la capa 0,0,,30000,"{""coordinates"":[[[-102.29064353813102,21.803223725695084,0.0],[-102.29112805332618,21.804767992648042,0.0],[-102.29112619623766,21.80476204105221,0.0],[-102.29112444330163,21.804756057952165,0.0],[-102.29112279505209,21.804750045170444,0.0],[-102.2911212519911,21.804744004538563,0.0],[-102.29111981458868,21.80473793789658,0.0],[-102.29111848328267,21.804731847092437,0.0],[-102.29111725847864,21.804725733981464,0.0],[-102.29111614054965,21.804719600425774,0.0],[-102.29111512983621,21.804713448293704,0.0],[-102.29111422664622,21.804707279459237,0.0],[-102.29111343125481,21.804701095801473,0.0],[-102.29111274390425,21.804694899204044,0.0],[-102.2911121648039,21.80468869155445,0.0],[-102.2911116941302,21.804682474743615,0.0],[-102.29111133202647,21.80467625066524,0.0],[-102.29111107860307,21.80467002121523,0.0],[-102.2911109339371,21.804663788291172,0.0],[-102.29111089807274,21.80465755379164,0.0],[-102.29111097102084,21.804651319615722,0.0],[-102.29111115275921,21.80464508766244,0.0],[-102.29111144323248,21.804638859830064,0.0],[-102.29111184235215,21.804632638015683,0.0],[-102.29111234999668,21.8046264241145,0.0],[-102.29111296601145,21.80462022001937,0.0],[-102.29111369020877,21.80461402762009,0.0],[-102.29111452236805,21.804607848802913,0.0],[-102.2911154622358,21.804601685449995,0.0],[-102.29111650952576,21.80459553943874,0.0],[-102.29111766391893,21.804589412641263,0.0],[-102.29111892506357,21.804583306923877,0.0],[-102.29112029257568,21.804577224146428,0.0],[-102.29112176603854,21.8045711661618,0.0],[-102.29112334500346,21.80456513481529,0.0],[-102.29112502898938,21.804559131944142,0.0],[-102.29112681748333,21.804553159376866,0.0],[-102.29112870994061,21.804547218932747,0.0],[-102.29113070578467,21.804541312421335,0.0],[-102.29113280440761,21.804535441641768,0.0],[-102.29113500517013,21.804529608382392,0.0],[-102.29113730740191,21.804523814420055,0.0],[-102.29113971040162,21.80451806151965,0.0],[-102.29114221343728,21.804512351433566,0.0],[-102.29114481574648,21.804506685901142,0.0],[-102.2911475165365,21.804501066648182,0.0],[-102.29115031498465,21.804495495386327,0.0],[-102.29115321023855,21.80448997381267,0.0],[-102.29115620141619,21.804484503609114,0.0],[-102.2911592876065,21.80447908644195,0.0],[-102.29116246786937,21.804473723961284,0.0],[-102.29116574123606,21.8044684178006,0.0],[-102.29116910670946,21.804463169576206,0.0],[-102.29117256326445,21.80445798088672,0.0],[-102.29117610984811,21.804452853312732,0.0],[-102.29117974538009,21.80444778841609,0.0],[-102.291183468753,21.804442787739664,0.0],[-102.29118727883267,21.80443785280667,0.0],[-102.29119117445852,21.804432985120346,0.0],[-102.29119515444384,21.80442818616345,0.0],[-102.29119921757635,21.804423457397778,0.0],[-102.29120336261839,21.80441880026376,0.0],[-102.29120758830729,21.804414216179982,0.0],[-102.29121189335594,21.80440970654286,0.0],[-102.29121627645289,21.804405272725997,0.0],[-102.29122073626303,21.80440091608005,0.0],[-102.29122527142789,21.804396637932047,0.0],[-102.29122988056601,21.80439243958516,0.0],[-102.29123456227339,21.804388322318257,0.0],[-102.29123931512393,21.804384287385503,0.0],[-102.29124413766989,21.804380336015942,0.0],[-102.29124902844224,21.804376469413253,0.0],[-102.29125398595126,21.80437268875521,0.0],[-102.29125900868675,21.804368995193435,0.0],[-102.29126409511883,21.804365389853025,0.0],[-102.29126924369807,21.804361873832224,0.0],[-102.29127445285624,21.804358448202006,0.0],[-102.29127972100645,21.804355114005894,0.0],[-102.29128504654406,21.80435187225947,0.0],[-102.29129042784687,21.80434872395024,0.0],[-102.29129586327562,21.8043456700372,0.0],[-102.29130135117468,21.804342711450595,0.0],[-102.29130688987236,21.80433984909164,0.0],[-102.2913124776815,21.804337083832237,0.0],[-102.29131811290003,21.804334416514727,0.0],[-102.2913237938114,21.804331847951563,0.0],[-102.29132951868515,21.804329378925196,0.0],[-102.29133528577742,21.80432701018768,0.0],[-102.29134109333154,21.804324742460583,0.0],[-102.29134693957839,21.804322576434686,0.0],[-102.29135282273722,21.804320512769735,0.0],[-102.29135874101593,21.804318552094376,0.0],[-102.29137700889879,21.804312676508808,0.0],[-102.2909858763834,21.80310546338973,0.0],[-102.29064353813102,21.803223725695084,0.0]]],""type"":""Polygon""}",{},{},,,0,0,0,
capa,GT Group,Manzana 8,horizontal,disponible,MX,1,1,20343,San Gerardo,0,,,,,Planta Baja con acceso directo a Piscina,,Descripción de la capa 0,0,,30500,"{""coordinates"":[[[-102.29266145742137,21.805807443516624,0.0],[-102.29262244435795,21.805766628199933,0.0],[-102.29262244435795,21.805766628199926,0.0],[-102.29257692911726,21.805719010330474,0.0],[-102.29253141387655,21.80567139246101,0.0],[-102.29248589863587,21.805623774591545,0.0],[-102.29243388121796,21.805569354169293,0.0],[-102.29243394409846,21.805569294065354,0.0],[-102.29236230360848,21.805494469949977,0.0],[-102.29236394222072,21.805489975857192,0.0],[-102.29236550445128,21.80548545464543,0.0],[-102.2923669898516,21.805480907612797,0.0],[-102.29236839799525,21.80547633606475,0.0],[-102.2923697284779,21.805471741313845,0.0],[-102.2923709809176,21.805467124679268,0.0],[-102.29237215495473,21.80546248748648,0.0],[-102.29237325025223,21.805457831066885,0.0],[-102.29237426649561,21.80545315675738,0.0],[-102.29237520339312,21.805448465899982,0.0],[-102.29237606067576,21.805443759841495,0.0],[-102.29237683809743,21.80543903993307,0.0],[-102.29237753543485,21.805434307529808,0.0],[-102.29237815248786,21.805429563990458,0.0],[-102.2923786890793,21.805424810676918,0.0],[-102.2923791450551,21.805420048953884,0.0],[-102.29237952028433,21.80541528018853,0.0],[-102.29237981465927,21.805410505749983,0.0],[-102.29238002809542,21.805405727009045,0.0],[-102.29238016053148,21.805400945337695,0.0],[-102.29238021192944,21.80539616210886,0.0],[-102.29238018227451,21.805391378695784,0.0],[-102.29238007157527,21.805386596471852,0.0],[-102.292379708499,21.80537105354749,0.0],[-102.29237960225593,21.805355506746068,0.0],[-102.2923797528751,21.805339960311223,0.0],[-102.29238016031535,21.805324418486546,0.0],[-102.29238082446552,21.8053088855143,0.0],[-102.29238174514424,21.805293365634363,0.0],[-102.29238292210029,21.805277863083067,0.0],[-102.29238435501235,21.805262382091975,0.0],[-102.2923860434893,21.80524692688675,0.0],[-102.29256993227361,21.805439310624497,0.0],[-102.29256993227288,21.80543931062519,0.0],[-102.29256993227361,21.80543931062451,0.0],[-102.2926219496915,21.805493731046752,0.0],[-102.2926674649322,21.80554134891622,0.0],[-102.2926674649322,21.80554134891621,0.0],[-102.29271298017284,21.80558896678569,0.0],[-102.29275849541354,21.805636584655158,0.0],[-102.29279750847697,21.80567739997183,0.0],[-102.29283652154045,21.8057182152885,0.0],[-102.29287553460385,21.805759030605216,0.0],[-102.2929145476673,21.8057998459219,0.0],[-102.29279890427003,21.805910382934975,0.0],[-102.29279854911476,21.80591071658995,0.0],[-102.2927981882533,21.805911044065034,0.0],[-102.29279782179317,21.805911365262613,0.0],[-102.29279744984356,21.805911680087014,0.0],[-102.29279707251531,21.805911988444432,0.0],[-102.29279668992079,21.805912290242986,0.0],[-102.29279630217404,21.805912585392736,0.0],[-102.2927959093906,21.805912873805756,0.0],[-102.29279551168747,21.80591315539613,0.0],[-102.29279510918317,21.80591343007995,0.0],[-102.29279470199761,21.805913697775342,0.0],[-102.2927942902521,21.805913958402606,0.0],[-102.29279387406935,21.805914211884012,0.0],[-102.29279345357334,21.805914458144102,0.0],[-102.29279302888939,21.805914697109454,0.0],[-102.292792600144,21.805914928708912,0.0],[-102.29279216746492,21.805915152873435,0.0],[-102.2927917309811,21.805915369536248,0.0],[-102.2927912908225,21.80591557863277,0.0],[-102.2927908471204,21.805915780100733,0.0],[-102.29279040000692,21.805915973880122,0.0],[-102.29278994961528,21.805916159913167,0.0],[-102.29278949607973,21.80591633814445,0.0],[-102.2927890395353,21.805916508520838,0.0],[-102.29278858011811,21.805916670991635,0.0],[-102.29278811796499,21.805916825508383,0.0],[-102.29278765321368,21.80591697202504,0.0],[-102.29278718600264,21.80591711049797,0.0],[-102.29278671647107,21.805917240885897,0.0],[-102.29278624475886,21.80591736315,0.0],[-102.29278577100659,21.805917477253832,0.0],[-102.29278529535534,21.80591758316339,0.0],[-102.29278481794694,21.805917680847127,0.0],[-102.29278433892357,21.805917770275933,0.0],[-102.29278385842791,21.805917851423185,0.0],[-102.29278337660321,21.80591792426465,0.0],[-102.29278289359304,21.805917988778702,0.0],[-102.29278240954122,21.80591804494605,0.0],[-102.29278192459205,21.805918092749984,0.0],[-102.29278143889,21.805918132176274,0.0],[-102.29278095257979,21.80591816321317,0.0],[-102.29278046580629,21.80591818585139,0.0],[-102.29277997871458,21.805918200084232,0.0],[-102.29277949144978,21.805918205907442,0.0],[-102.29277900415703,21.805918203319287,0.0],[-102.29277851698156,21.805918192320522,0.0],[-102.2927780300685,21.805918172914424,0.0],[-102.29277754356296,21.80591814510682,0.0],[-102.29277705760987,21.805918108905917,0.0],[-102.292776572354,21.805918064322565,0.0],[-102.29277608794,21.805918011370036,0.0],[-102.29277560451216,21.805917950064103,0.0],[-102.29277512221447,21.805917880423,0.0],[-102.2927746411907,21.80591780246753,0.0],[-102.29277416158416,21.805917716220886,0.0],[-102.29277368353776,21.80591762170877,0.0],[-102.2927732071939,21.80591751895937,0.0],[-102.2927727326945,21.805917408003232,0.0],[-102.29277226018101,21.805917288873502,0.0],[-102.29277178979414,21.805917161605617,0.0],[-102.29277132167408,21.805917026237516,0.0],[-102.29277085596031,21.805916882809534,0.0],[-102.29277039279157,21.8059167313644,0.0],[-102.29276993230584,21.80591657194723,0.0],[-102.29276947464037,21.805916404605515,0.0],[-102.29276901993154,21.80591622938917,0.0],[-102.29276856831478,21.805916046350337,0.0],[-102.29276811992466,21.805915855543567,0.0],[-102.29276767489479,21.80591565702575,0.0],[-102.29276723335776,21.805915450855988,0.0],[-102.29276679544512,21.805915237095732,0.0],[-102.29276636128738,21.805915015808687,0.0],[-102.2927659310139,21.80591478706076,0.0],[-102.29276550475278,21.805914550920104,0.0],[-102.29276508263116,21.80591430745708,0.0],[-102.29276466477472,21.805914056744243,0.0],[-102.29276425130801,21.805913798856295,0.0],[-102.29276384235423,21.805913533870072,0.0],[-102.29276343803517,21.805913261864493,0.0],[-102.29276303847135,21.805912982920646,0.0],[-102.29276264378184,21.805912697121627,0.0],[-102.29276225408414,21.805912404552593,0.0],[-102.29276186949444,21.805912105300717,0.0],[-102.29276149012736,21.805911799455153,0.0],[-102.29276111609583,21.805911487107025,0.0],[-102.29276074751138,21.805911168349418,0.0],[-102.2927603844838,21.805910843277303,0.0],[-102.29276002712126,21.80591051198749,0.0],[-102.29275967553022,21.805910174578766,0.0],[-102.29275932981545,21.805909831151606,0.0],[-102.29275899007993,21.805909481808328,0.0],[-102.29273948354825,21.805889074149995,0.0],[-102.2927004704848,21.805848258833308,0.0],[-102.29266145742137,21.805807443516624,0.0]]],""type"":""Polygon""}",{},{},,,0,0,0,
capa,GT Group,Manzana 3,horizontal,disponible,MX,1,1,20343,San Gerardo,0,,,,,Planta Baja con acceso directo a Piscina,,Descripción de la capa 0,0,,31000,"{""coordinates"":[[[-102.29303109219121,21.805649394718753,0.0],[-102.2930314258462,21.805649749874014,0.0],[-102.29303175332127,21.805650110735456,0.0],[-102.29303207451886,21.80565047719559,0.0],[-102.29303238934324,21.8056508491452,0.0],[-102.29303269770065,21.805651226473486,0.0],[-102.2930329994992,21.805651609067976,0.0],[-102.29303329464895,21.80565199681473,0.0],[-102.293033583062,21.805652389598166,0.0],[-102.29303386465234,21.805652787301298,0.0],[-102.29303413933617,21.805653189805593,0.0],[-102.29303440703158,21.805653596991178,0.0],[-102.29303466765883,21.805654008736663,0.0],[-102.29303492114022,21.80565442491942,0.0],[-102.29303516740032,21.805654845415418,0.0],[-102.29303540636569,21.80565527009939,0.0],[-102.29303563796513,21.805655698844774,0.0],[-102.29303586212967,21.805656131523854,0.0],[-102.29303607879248,21.805656568007706,0.0],[-102.29303628788902,21.80565700816625,0.0],[-102.29303648935698,21.805657451868374,0.0],[-102.29303668313635,21.805657898981853,0.0],[-102.29303686916938,21.805658349373488,0.0],[-102.29303704740067,21.80565880290908,0.0],[-102.29303721777708,21.805659259453478,0.0],[-102.29303738024785,21.805659718870686,0.0],[-102.29303753476461,21.80566018102377,0.0],[-102.29303768128128,21.805660645775085,0.0],[-102.2930378197542,21.80566111298614,0.0],[-102.29303795014215,21.805661582517715,0.0],[-102.29303807240625,21.805662054229906,0.0],[-102.29303818651009,21.80566252798222,0.0],[-102.29303829241962,21.80566300363343,0.0],[-102.29303839010336,21.805663481041854,0.0],[-102.29303847953217,21.805663960065232,0.0],[-102.2930385606794,21.805664440560854,0.0],[-102.29303863352091,21.805664922385535,0.0],[-102.29303869803493,21.805665405395747,0.0],[-102.29303875420227,21.805665889447546,0.0],[-102.29303880200624,21.80566637439671,0.0],[-102.29303884143252,21.805666860098782,0.0],[-102.2930388724694,21.805667346408974,0.0],[-102.29303889510764,21.80566783318247,0.0],[-102.29303890934048,21.80566832027418,0.0],[-102.29303891516366,21.805668807539,0.0],[-102.29303891257548,21.80566929483175,0.0],[-102.29303890157675,21.805669782007225,0.0],[-102.29303888217068,21.80567026892028,0.0],[-102.29303885436303,21.805670755425812,0.0],[-102.29303881816213,21.80567124137892,0.0],[-102.29303877357879,21.80567172663478,0.0],[-102.29303872062626,21.80567221104878,0.0],[-102.29303865932035,21.805672694476645,0.0],[-102.29303858967924,21.805673176774317,0.0],[-102.29303851172376,21.80567365779807,0.0],[-102.29303842547712,21.805674137404623,0.0],[-102.29303833096502,21.805674615451025,0.0],[-102.29303822821558,21.805675091794882,0.0],[-102.29303811725948,21.805675566294266,0.0],[-102.29303799812972,21.805676038807782,0.0],[-102.29303787086184,21.805676509194637,0.0],[-102.29303773549375,21.805676977314693,0.0],[-102.29303759206579,21.805677443028483,0.0],[-102.29303744062065,21.80567790619723,0.0],[-102.29303728120344,21.805678366682923,0.0],[-102.29303711386176,21.805678824348387,0.0],[-102.29303693864539,21.805679279057237,0.0],[-102.29303675560656,21.805679730674,0.0],[-102.29303656479982,21.805680179064122,0.0],[-102.29303636628197,21.805680624094,0.0],[-102.29303616011224,21.805681065631024,0.0],[-102.29303594635198,21.805681503543646,0.0],[-102.29303572506488,21.8056819377014,0.0],[-102.29303549631699,21.8056823679749,0.0],[-102.2930352601763,21.805682794235977,0.0],[-102.2930350167133,21.80568321635764,0.0],[-102.29303476600047,21.80568363421405,0.0],[-102.29303450811253,21.805684047680753,0.0],[-102.29303424312629,21.80568445663456,0.0],[-102.29303397112075,21.805684860953594,0.0],[-102.29303369217688,21.80568526051742,0.0],[-102.29303340637786,21.805685655206972,0.0],[-102.29303311380882,21.80568604490463,0.0],[-102.29303281455694,21.805686429494315,0.0],[-102.29303250871138,21.805686808861434,0.0],[-102.29303219636327,21.80568718289294,0.0],[-102.29303187760566,21.805687551477398,0.0],[-102.29303155253352,21.805687914504983,0.0],[-102.29303122124372,21.80568827186752,0.0],[-102.293030883835,21.805688623458543,0.0],[-102.29303054040783,21.805688969173328,0.0],[-102.29303019106457,21.805689308908825,0.0],[-102.2929145476673,21.80579984592189,0.0],[-102.2928690324266,21.80575222805244,0.0],[-102.29286904845914,21.805752212727842,0.0],[-102.29282351718595,21.80570461018295,0.0],[-102.29277800194525,21.805656992313498,0.0],[-102.29273248670458,21.805609374444035,0.0],[-102.29268697146388,21.80556175657456,0.0],[-102.29264145622324,21.805514138705096,0.0],[-102.29259594098257,21.805466520835633,0.0],[-102.29255042574187,21.805418902966156,0.0],[-102.29250491050117,21.80537128509669,0.0],[-102.2925049105012,21.805371285096676,0.0],[-102.2924593952605,21.805323667227228,0.0],[-102.29245939526052,21.80532366722722,0.0],[-102.29241578478441,21.805278042115123,0.0],[-102.29241577894811,21.805278047859606,0.0],[-102.29238604348932,21.80524692688676,0.0],[-102.29238805055915,21.805231030206034,0.0],[-102.29239032800153,21.805215170002896,0.0],[-102.2923928751562,21.805199350875515,0.0],[-102.29239569128463,21.8051835774102,0.0],[-102.29239877557039,21.805167854179963,0.0],[-102.2924021271193,21.8051521857433,0.0],[-102.29240574495967,21.80513657664279,0.0],[-102.29240962804265,21.805121031403846,0.0],[-102.29241377524237,21.805105554533288,0.0],[-102.29241818535655,21.805090150518204,0.0],[-102.2924228571066,21.80507482382453,0.0],[-102.29242778913805,21.805059578895765,0.0],[-102.29243298002105,21.805044420151706,0.0],[-102.29243842825062,21.80502935198719,0.0],[-102.29254993107544,21.80514600581297,0.0],[-102.2925499310745,21.80514600581391,0.0],[-102.29254993107546,21.80514600581297,0.0],[-102.29259544631613,21.805193623682435,0.0],[-102.29264096155681,21.805241241551883,0.0],[-102.29264096155681,21.805241241551897,0.0],[-102.29268647679748,21.805288859421367,0.0],[-102.29268647679748,21.805288859421363,0.0],[-102.29273199203816,21.80533647729083,0.0],[-102.29273199203816,21.805336477290822,0.0],[-102.29277750727884,21.805384095160292,0.0],[-102.29282302251953,21.805431713029776,0.0],[-102.29286853776021,21.805479330899242,0.0],[-102.29291405300087,21.805526948768705,0.0],[-102.29295956824156,21.805574566638157,0.0],[-102.29300508348223,21.805622184507616,0.0],[-102.29303109219121,21.805649394718753,0.0]]],""type"":""Polygon""}",{},{},,,0,0,0,
capa,GT Group,Manzana 2,horizontal,disponible,MX,1,1,20343,San Gerardo,0,,,,,Planta Baja con acceso directo a Piscina,,Descripción de la capa 0,0,,31500,"{""coordinates"":[[[-102.29161987923102,21.804145779937585,0.0],[-102.29164551344287,21.80422548984864,0.0],[-102.29163344422302,21.80422983074138,0.0],[-102.29162131695954,21.804234006732084,0.0],[-102.29160913390538,21.804238017044973,0.0],[-102.29137700889879,21.804312676508808,0.0],[-102.29135113088573,21.804232218739067,0.0],[-102.29135115990402,21.804232209405775,0.0],[-102.29108322757091,21.80339927599424,0.0],[-102.29123551867289,21.803350293886783,0.0],[-102.29123598902108,21.803350147123094,0.0],[-102.29123646185901,21.803350008590442,0.0],[-102.29123693704268,21.803349878331048,0.0],[-102.29123741442729,21.803349756384623,0.0],[-102.29123789386743,21.803349642788266,0.0],[-102.29123837521713,21.803349537576572,0.0],[-102.29123885832968,21.803349440781638,0.0],[-102.29123934305797,21.803349352432914,0.0],[-102.29123982925431,21.803349272557323,0.0],[-102.29124031677065,21.803349201179188,0.0],[-102.29124080545846,21.803349138320264,0.0],[-102.29124129516886,21.803349083999688,0.0],[-102.2912417857527,21.803349038234014,0.0],[-102.29124227706056,21.803349001037194,0.0],[-102.29124276894274,21.803348972420515,0.0],[-102.29124326124942,21.803348952392735,0.0],[-102.29124375383071,21.803348940959953,0.0],[-102.29124424653646,21.803348938125616,0.0],[-102.29124473921662,21.803348943890622,0.0],[-102.2912452317212,21.803348958253206,0.0],[-102.29124572390006,21.803348981209005,0.0],[-102.29124621560334,21.803349012751003,0.0],[-102.29124670668122,21.8033490528696,0.0],[-102.29124719698417,21.803349101552573,0.0],[-102.29124768636281,21.80334915878512,0.0],[-102.29124817466807,21.803349224549773,0.0],[-102.29124866175117,21.803349298826504,0.0],[-102.29124914746383,21.8033493815927,0.0],[-102.29124963165802,21.803349472823147,0.0],[-102.29125011418625,21.803349572490035,0.0],[-102.29125059490161,21.803349680563052,0.0],[-102.29125107365756,21.80334979700924,0.0],[-102.29125155030837,21.80334992179312,0.0],[-102.29125202470881,21.80335005487669,0.0],[-102.29125249671434,21.80335019621946,0.0],[-102.29125296618122,21.80335034577831,0.0],[-102.29125343296646,21.803350503507716,0.0],[-102.2912538969278,21.803350669359624,0.0],[-102.291254357924,21.803350843283493,0.0],[-102.29125481581461,21.803351025226398,0.0],[-102.29125527046008,21.80335121513286,0.0],[-102.29125572172204,21.80335141294506,0.0],[-102.29125616946295,21.803351618602765,0.0],[-102.29125661354644,21.803351832043276,0.0],[-102.29125705383726,21.803352053201618,0.0],[-102.29125749020125,21.80335228201039,0.0],[-102.29125792250552,21.80335251839993,0.0],[-102.29125835061842,21.80335276229823,0.0],[-102.29125877440946,21.803353013630968,0.0],[-102.29125919374961,21.80335327232161,0.0],[-102.29125960851113,21.80335353829134,0.0],[-102.29126001856766,21.80335381145915,0.0],[-102.29126042379428,21.803354091741827,0.0],[-102.29126082406758,21.803354379053992,0.0],[-102.29126121926566,21.80335467330813,0.0],[-102.29126160926808,21.803354974414603,0.0],[-102.29126199395607,21.803355282281697,0.0],[-102.29126237321245,21.803355596815667,0.0],[-102.2912627469217,21.803355917920626,0.0],[-102.29126311497,21.80335624549883,0.0],[-102.29126347724515,21.803356579450465,0.0],[-102.29126383363692,21.803356919673792,0.0],[-102.29126418403668,21.803357266065237,0.0],[-102.29126452833772,21.803357618519204,0.0],[-102.29126486643513,21.803357976928385,0.0],[-102.29126519822594,21.80335834118359,0.0],[-102.29126552360908,21.80335871117387,0.0],[-102.29126584248547,21.80335908678652,0.0],[-102.29126615475793,21.803359467907118,0.0],[-102.29126646033137,21.80335985441958,0.0],[-102.29126675911273,21.803360246206157,0.0],[-102.2912670510109,21.803360643147514,0.0],[-102.29126733593705,21.80336104512276,0.0],[-102.29126761380441,21.803361452009433,0.0],[-102.29126788452822,21.803361863683563,0.0],[-102.29126814802618,21.803362280019797,0.0],[-102.29126840421787,21.80336270089127,0.0],[-102.29126865302536,21.80336312616982,0.0],[-102.2912688943728,21.803363555725884,0.0],[-102.29126912818674,21.803363989428618,0.0],[-102.29126935439588,21.803364427145915,0.0],[-102.29126957293131,21.803364868744428,0.0],[-102.29126978372655,21.80336531408968,0.0],[-102.29126998671732,21.80336576304598,0.0],[-102.29127018184182,21.80336621547656,0.0],[-102.29127036904057,21.803366671243634,0.0],[-102.2912705482566,21.803367130208372,0.0],[-102.29127071943529,21.803367592230938,0.0],[-102.29127088252449,21.803368057170626,0.0],[-102.29127103747454,21.803368524885816,0.0],[-102.29153437746163,21.804173280276093,0.0],[-102.29161987923102,21.804145779937585,0.0]]],""type"":""Polygon""}",{},{},,,0,0,0,
capa,GT Group,Manzana 7,horizontal,disponible,MX,1,1,20343,San Gerardo,0,,,,,Planta Baja con acceso directo a Piscina,,Descripción de la capa 0,0,,32000,"{""coordinates"":[[[-102.29199156743037,21.802975064284286,0.0],[-102.29104657553533,21.803284897692507,0.0],[-102.29098836611615,21.803107953122474,0.0],[-102.29199297327847,21.802797981395795,0.0],[-102.29199156743037,21.802975064284286,0.0]]],""type"":""Polygon""}",{},{},,,0,0,0,
capa,GT Group,Manzana 11,horizontal,disponible,MX,1,1,20343,San Gerardo,0,,,,,Planta Baja con acceso directo a Piscina,,Descripción de la capa 0,0,,32500,"{""coordinates"":[[[-102.29206648483435,21.80345143630267,0.0],[-102.29206657916163,21.803450958219734,0.0],[-102.2920666817269,21.8034504818362,0.0],[-102.29206679249953,21.803450007293954,0.0],[-102.29206691144658,21.803449534734415,0.0],[-102.2920670385326,21.8034490642984,0.0],[-102.2920671737197,21.803448596126042,0.0],[-102.2920673169676,21.80344813035684,0.0],[-102.29206746823367,21.803447667129568,0.0],[-102.29206762747283,21.80344720658227,0.0],[-102.29206779463757,21.803446748852156,0.0],[-102.29206796967813,21.803446294075584,0.0],[-102.29206815254233,21.80344584238811,0.0],[-102.29206834317571,21.803445393924246,0.0],[-102.29206854152149,21.803444948817674,0.0],[-102.29206874752052,21.803444507200947,0.0],[-102.29206896111145,21.803444069205717,0.0],[-102.29206918223065,21.803443634962456,0.0],[-102.29206941081222,21.80344320460054,0.0],[-102.29206964678804,21.803442778248186,0.0],[-102.29206989008787,21.803442356032456,0.0],[-102.29207014063911,21.803441938079157,0.0],[-102.29207039836719,21.803441524512763,0.0],[-102.2920706631953,21.803441115456536,0.0],[-102.29207093504455,21.803440711032376,0.0],[-102.2920712138339,21.80344031136073,0.0],[-102.29207149948031,21.80343991656072,0.0],[-102.29207179189869,21.80343952674999,0.0],[-102.29207209100184,21.803439142044628,0.0],[-102.29207239670072,21.8034387625593,0.0],[-102.29207270890419,21.803438388407056,0.0],[-102.29207302751928,21.803438019699396,0.0],[-102.29207335245101,21.803437656546173,0.0],[-102.29207368360264,21.80343729905557,0.0],[-102.29207402087543,21.803436947334117,0.0],[-102.29207436416888,21.803436601486602,0.0],[-102.29207471338079,21.80343626161607,0.0],[-102.29207506840703,21.80343592782382,0.0],[-102.29207542914187,21.80343560020923,0.0],[-102.29207579547779,21.803435278869994,0.0],[-102.29207616730565,21.80343496390183,0.0],[-102.29207654451469,21.80343465539855,0.0],[-102.29207692699246,21.803434353452126,0.0],[-102.29207731462506,21.803434058152476,0.0],[-102.29207770729697,21.8034337695876,0.0],[-102.2920781048912,21.803433487843513,0.0],[-102.29207850728932,21.80343321300409,0.0],[-102.29207891437134,21.803432945151297,0.0],[-102.29207932601604,21.80343268436488,0.0],[-102.29207974210077,21.803432430722587,0.0],[-102.29208016250155,21.80343218429995,0.0],[-102.29208058709305,21.803431945170406,0.0],[-102.29208101574892,21.803431713405246,0.0],[-102.29208144834128,21.803431489073464,0.0],[-102.29208188474135,21.803431272241916,0.0],[-102.292082324819,21.8034310629752,0.0],[-102.2920827684432,21.803430861335713,0.0],[-102.29208321548175,21.803430667383495,0.0],[-102.29208366580141,21.80343048117635,0.0],[-102.29208411926807,21.803430302769737,0.0],[-102.29208457574659,21.803430132216835,0.0],[-102.2920850351009,21.803429969568448,0.0],[-102.29208549719425,21.80342981487305,0.0],[-102.29208596188889,21.80342966817671,0.0],[-102.29208642904635,21.803429529523164,0.0],[-102.29208689852747,21.803429398953714,0.0],[-102.29208737019239,21.80342927650726,0.0],[-102.29208784390053,21.80342916222029,0.0],[-102.29208831951077,21.803429056126824,0.0],[-102.29208879688139,21.803428958258525,0.0],[-102.29208927587017,21.80342886864453,0.0],[-102.29208975633436,21.80342878731154,0.0],[-102.29209023813087,21.803428714283786,0.0],[-102.29209072111608,21.803428649583,0.0],[-102.29209120514614,21.803428593228507,0.0],[-102.29209169007679,21.803428545237086,0.0],[-102.29209217576356,21.803428505623035,0.0],[-102.29209266206175,21.80342847439813,0.0],[-102.29209314882642,21.803428451571712,0.0],[-102.29209363591261,21.803428437150554,0.0],[-102.29209412317513,21.80342843113898,0.0],[-102.29209461046887,21.803428433538738,0.0],[-102.29209509764854,21.80342844434916,0.0],[-102.29209558456908,21.803428463567002,0.0],[-102.29209607108533,21.803428491186533,0.0],[-102.29209655705239,21.803428527199536,0.0],[-102.29209704232544,21.80342857159529,0.0],[-102.29209752675989,21.803428624360553,0.0],[-102.29209801021143,21.803428685479567,0.0],[-102.29209849253596,21.803428754934185,0.0],[-102.29209897358983,21.803428832703688,0.0],[-102.2920994532297,21.803428918764915,0.0],[-102.29220117744033,21.8034480786705,0.0],[-102.29220213780641,21.803448268191694,0.0],[-102.29220309474258,21.80344847433385,0.0],[-102.29220404796105,21.80344869703506,0.0],[-102.29220499717542,21.803448936228367,0.0],[-102.29220594210031,21.803449191841825,0.0],[-102.29220688245174,21.803449463798664,0.0],[-102.29220781794706,21.803449752017134,0.0],[-102.29220874830504,21.803450056410558,0.0],[-102.29220967324605,21.803450376887472,0.0],[-102.29221059249207,21.803450713351555,0.0],[-102.29221150576683,21.803451065701637,0.0],[-102.29221241279573,21.803451433831867,0.0],[-102.29221331330622,21.80345181763153,0.0],[-102.29221420702763,21.803452216985292,0.0],[-102.29221509369125,21.803452631773123,0.0],[-102.29221597303062,21.803453061870336,0.0],[-102.29221684478141,21.80345350714766,0.0],[-102.2922177086816,21.80345396747123,0.0],[-102.29221856447153,21.803454442702726,0.0],[-102.29221941189391,21.80345493269925,0.0],[-102.29222025069409,21.80345543731356,0.0],[-102.29222108061991,21.80345595639396,0.0],[-102.29222190142191,21.80345648978444,0.0],[-102.29222271285342,21.803457037324645,0.0],[-102.29222351467045,21.803457598850045,0.0],[-102.29222430663206,21.80345817419179,0.0],[-102.29222508850019,21.80345876317699,0.0],[-102.29222586003982,21.803459365628605,0.0],[-102.29222662101904,21.803459981365553,0.0],[-102.2922273712091,21.803460610202713,0.0],[-102.29222811038454,21.803461251951113,0.0],[-102.29222883832314,21.80346190641785,0.0],[-102.29222955480613,21.803462573406186,0.0],[-102.29223025961817,21.80346325271567,0.0],[-102.29223095254731,21.803463944142106,0.0],[-102.29223163338538,21.803464647477607,0.0],[-102.2922323019277,21.80346536251086,0.0],[-102.29223295797328,21.803466089026873,0.0],[-102.29223360132495,21.803466826807302,0.0],[-102.29223423178934,21.803467575630368,0.0],[-102.29223484917695,21.80346833527099,0.0],[-102.29223545330218,21.80346910550084,0.0],[-102.29223604398351,21.803469886088383,0.0],[-102.29223662104329,21.803470676799048,0.0],[-102.29223718430814,21.803471477395114,0.0],[-102.29223773360872,21.803472287635945,0.0],[-102.29223826877993,21.80347310727799,0.0],[-102.29223878966091,21.80347393607491,0.0],[-102.2922392960951,21.803474773777562,0.0],[-102.29223978793031,21.803475620134165,0.0],[-102.29224026501862,21.803476474890306,0.0],[-102.29224072721671,21.803477337789055,0.0],[-102.29224117438558,21.803478208571097,0.0],[-102.29224160639086,21.80347908697462,0.0],[-102.29224202310273,21.803479972735627,0.0],[-102.29224242439585,21.803480865587886,0.0],[-102.2922428101497,21.803481765263,0.0],[-102.29224318024822,21.803482671490567,0.0],[-102.29224353458028,21.803483583998194,0.0],[-102.2922438730393,21.80348450251156,0.0],[-102.29224419552354,21.80348542675463,0.0],[-102.29224450193608,21.80348635644957,0.0],[-102.29224479218489,21.803487291316927,0.0],[-102.29224506618263,21.803488231075708,0.0],[-102.292245323847,21.80348917544345,0.0],[-102.29224556510053,21.803490124136253,0.0],[-102.29224578987069,21.80349107686902,0.0],[-102.29224599808995,21.80349203335534,0.0],[-102.29224618969572,21.80349299330771,0.0],[-102.29224636463034,21.803493956437606,0.0],[-102.29224652284134,21.80349492245553,0.0],[-102.29224666162567,21.80349587173887,0.0],[-102.29224678426068,21.80349682324328,0.0],[-102.29224689071096,21.80349777669401,0.0],[-102.29224698094573,21.8034987318158,0.0],[-102.292247054939,21.80349968833291,0.0],[-102.29224711266939,21.80350064596916,0.0],[-102.29224715412022,21.803501604448034,0.0],[-102.29224717927953,21.80350256349287,0.0],[-102.29224718814,21.803503522826734,0.0],[-102.29224718069918,21.803504482172652,0.0],[-102.29224715695914,21.803505441253666,0.0],[-102.29224711692673,21.803506399792838,0.0],[-102.29224706061358,21.803507357513467,0.0],[-102.29224698803587,21.80350831413902,0.0],[-102.29224689921458,21.8035092693933,0.0],[-102.29224679417538,21.803510223000522,0.0],[-102.29224667294858,21.803511174685347,0.0],[-102.29224653556916,21.803512124173043,0.0],[-102.29224638207681,21.803513071189446,0.0],[-102.29224621251583,21.803514015461136,0.0],[-102.2922457694131,21.80351636799232,0.0],[-102.29224290011999,21.80353096632384,0.0],[-102.29223980039282,21.80354551746876,0.0],[-102.29223647100643,21.803560017789874,0.0],[-102.29223305330751,21.80357391130904,0.0],[-102.29222942476756,21.80358775125982,0.0],[-102.2922255862254,21.803601534442848,0.0],[-102.2922215385684,21.803615257671805,0.0],[-102.29221728273225,21.803628917774258,0.0],[-102.29221281970078,21.803642511592333,0.0],[-102.29220815050574,21.803656035983543,0.0],[-102.2922032762265,21.803669487821413,0.0],[-102.29219819798989,21.803682863996254,0.0],[-102.29219291696982,21.803696161415832,0.0],[-102.29218743438717,21.803709377006157,0.0],[-102.2921817515093,21.803722507712134,0.0],[-102.29217586965,21.803735550498317,0.0],[-102.29216979016897,21.803748502349542,0.0],[-102.29216351447161,21.803761360271725,0.0],[-102.2921570440106,21.803774121293447,0.0],[-102.29215038027884,21.803786782463238,0.0],[-102.2921435248169,21.803799340854134,0.0],[-102.29213647920953,21.803811793563,0.0],[-102.2921292450855,21.80382413771105,0.0],[-102.29212182411995,21.80383637044624,0.0],[-102.29211421802651,21.803848488939668,0.0],[-102.29210642856354,21.803860490389834,0.0],[-102.2920984575317,21.803872372022386,0.0],[-102.29209030677374,21.803884131090562,0.0],[-102.29208197817383,21.803895764876007,0.0],[-102.29207347365734,21.803907270689322,0.0],[-102.29206479519031,21.80391864587063,0.0],[-102.29205594477895,21.803929887790343,0.0],[-102.29204692446923,21.80394099384961,0.0],[-102.29203773634637,21.80395196148103,0.0],[-102.29202838253447,21.803962788149168,0.0],[-102.29201886519583,21.803973471351192,0.0],[-102.29200918653065,21.803984008617462,0.0],[-102.29199934877633,21.803994397512003,0.0],[-102.29198935420709,21.80400463563323,0.0],[-102.29197920513343,21.804014720614333,0.0],[-102.29196890390155,21.804024650123974,0.0],[-102.29195845289273,21.804034421866675,0.0],[-102.29194785452306,21.804044033583516,0.0],[-102.29193711124256,21.80405348305252,0.0],[-102.29192622553484,21.804062768089214,0.0],[-102.29191519991623,21.804071886547153,0.0],[-102.2919040369357,21.804080836318402,0.0],[-102.29189273917375,21.804089615334014,0.0],[-102.29188130924214,21.804098221564512,0.0],[-102.29186974978319,21.80410665302042,0.0],[-102.29185806346905,21.80411490775253,0.0],[-102.29184625300135,21.80412298385264,0.0],[-102.29183432111033,21.80413087945373,0.0],[-102.29182227055429,21.804138592730588,0.0],[-102.29181010411905,21.804146121900118,0.0],[-102.29179782461712,21.804153465221727,0.0],[-102.29178543488719,21.804160620997877,0.0],[-102.29177293779344,21.804167587574362,0.0],[-102.29176033622481,21.804174363340667,0.0],[-102.29174763309452,21.804180946730433,0.0],[-102.29173483133916,21.80418733622174,0.0],[-102.29172193391811,21.804193530337564,0.0],[-102.29170894381294,21.804199527645938,0.0],[-102.29170861201166,21.804198806802464,0.0],[-102.29170894383992,21.804199540137223,0.0],[-102.29169641247344,21.804205100866774,0.0],[-102.29168380142521,21.804210478442542,0.0],[-102.29167111337192,21.804215671723114,0.0],[-102.29165835100667,21.804220679606225,0.0],[-102.29164551703836,21.804225501028917,0.0],[-102.29159590213527,21.804071242491286,0.0],[-102.29159584345086,21.8040710578636,0.0],[-102.2915957003977,21.804070588144263,0.0],[-102.29159556553574,21.804070116007935,0.0],[-102.29159543890577,21.804069641597458,0.0],[-102.29159532054608,21.80406916505634,0.0],[-102.2915952104925,21.804068686528733,0.0],[-102.2915951087783,21.804068206159414,0.0],[-102.29159501543425,21.804067724093716,0.0],[-102.29159493048863,21.80406724047745,0.0],[-102.2915948539671,21.804066755456912,0.0],[-102.2915947858928,21.804066269178865,0.0],[-102.29159472628636,21.804065781790374,0.0],[-102.29159467516583,21.804065293438928,0.0],[-102.29159463254658,21.804064804272233,0.0],[-102.29159459844155,21.804064314438264,0.0],[-102.29159457286111,21.804063824085222,0.0],[-102.29159455581292,21.80406333336147,0.0],[-102.29159454730221,21.80406284241541,0.0],[-102.29159454733153,21.804062351395597,0.0],[-102.29159455590083,21.804061860450567,0.0],[-102.29159457300756,21.80406136972883,0.0],[-102.29159459864654,21.804060879378863,0.0],[-102.29159463281,21.80406038954898,0.0],[-102.29159467548757,21.804059900387372,0.0],[-102.29159472666645,21.80405941204201,0.0],[-102.29159478633106,21.804058924660637,0.0],[-102.29159485446337,21.804058438390697,0.0],[-102.2915949310428,21.80405795337933,0.0],[-102.29159501604612,21.804057469773184,0.0],[-102.2915951094477,21.804056987718635,0.0],[-102.29159521121922,21.804056507361448,0.0],[-102.29159532132991,21.804056028846983,0.0],[-102.29159543974647,21.804055552319994,0.0],[-102.29159556643307,21.804055077924637,0.0],[-102.29159570135137,21.804054605804396,0.0],[-102.29159584446056,21.804054136102142,0.0],[-102.29159599571739,21.80405366895993,0.0],[-102.29159615507605,21.804053204519125,0.0],[-102.29159632248835,21.804052742920184,0.0],[-102.29159649790361,21.80405228430276,0.0],[-102.29159668126884,21.80405182880561,0.0],[-102.2915968725285,21.804051376566512,0.0],[-102.29159707162479,21.804050927722287,0.0],[-102.2915972784974,21.804050482408726,0.0],[-102.29159749308383,21.804050040760526,0.0],[-102.29159771531909,21.804049602911316,0.0],[-102.291597945136,21.804049168993526,0.0],[-102.29159818246505,21.80404873913844,0.0],[-102.29159842723436,21.8040483134761,0.0],[-102.29159867936997,21.80404789213528,0.0],[-102.29159893879559,21.804047475243433,0.0],[-102.29159920543269,21.804047062926664,0.0],[-102.29159947920067,21.804046655309726,0.0],[-102.29159976001662,21.804046252515946,0.0],[-102.2916000477957,21.804045854667145,0.0],[-102.29160034245079,21.804045461883693,0.0],[-102.29160064389275,21.80404507428441,0.0],[-102.2916009520304,21.804044691986558,0.0],[-102.29160126677051,21.80404431510579,0.0],[-102.29160158801787,21.804043943756103,0.0],[-102.29160191567532,21.804043578049868,0.0],[-102.29160224964373,21.80404321809769,0.0],[-102.29160258982203,21.804042864008476,0.0],[-102.29160293610735,21.804042515889336,0.0],[-102.29160328839491,21.804042173845595,0.0],[-102.29160364657818,21.804041837980705,0.0],[-102.29160401054874,21.80404150839629,0.0],[-102.29160438019653,21.804041185192055,0.0],[-102.29160475540968,21.804040868465773,0.0],[-102.29160513607474,21.804040558313236,0.0],[-102.2916055220765,21.80404025482834,0.0],[-102.29160591329818,21.804039958102805,0.0],[-102.29160630962147,21.804039668226462,0.0],[-102.29160671092647,21.804039385286956,0.0],[-102.29160711709177,21.804039109369928,0.0],[-102.29160752799449,21.80403884055882,0.0],[-102.29160794351037,21.804038578934957,0.0],[-102.2916083635136,21.804038324577494,0.0],[-102.29160878787721,21.80403807756336,0.0],[-102.2916092164728,21.804037837967293,0.0],[-102.29160964917074,21.804037605861783,0.0],[-102.29161008584008,21.804037381317023,0.0],[-102.29161052634873,21.804037164400974,0.0],[-102.29161097056347,21.804036955179242,0.0],[-102.29161141834986,21.8040367537151,0.0],[-102.29161186957249,21.804036560069523,0.0],[-102.29162164266837,21.804032384816026,0.0],[-102.29163135584965,21.804028072014688,0.0],[-102.29163138075093,21.80402812704608,0.0],[-102.29164174790681,21.804023261676715,0.0],[-102.2916520658436,21.804018306384062,0.0],[-102.2916623072479,21.804013194791004,0.0],[-102.29167246975216,21.8040079280792,0.0],[-102.29168255100703,21.804002507466166,0.0],[-102.29169254868204,21.80399693420498,0.0],[-102.291702460466,21.80399120958405,0.0],[-102.29171228406751,21.80398533492676,0.0],[-102.29172201721576,21.803979311591153,0.0],[-102.29173165766053,21.803973140969664,0.0],[-102.29174120317336,21.803966824488786,0.0],[-102.29175065154755,21.80396036360871,0.0],[-102.29176000059884,21.803953759822992,0.0],[-102.291769248166,21.803947014658288,0.0],[-102.29177839211128,21.803940129673883,0.0],[-102.29178743032084,21.803933106461397,0.0],[-102.29179636070529,21.80392594664439,0.0],[-102.29180518120016,21.80391865187804,0.0],[-102.29181388976636,21.803911223848665,0.0],[-102.29182248439076,21.803903664273477,0.0],[-102.29183096308648,21.803895974900005,0.0],[-102.29183932389351,21.803888157505845,0.0],[-102.29184756487905,21.803880213898125,0.0],[-102.29185568413796,21.80387214591324,0.0],[-102.29186367979335,21.803863955416283,0.0],[-102.29187154999681,21.803855644300626,0.0],[-102.29187929292897,21.803847214487625,0.0],[-102.29188690679989,21.803838667926,0.0],[-102.29189438984939,21.80383000659149,0.0],[-102.29190174034768,21.803821232486346,0.0],[-102.29190895659545,21.803812347638935,0.0],[-102.29191603692456,21.80380335410317,0.0],[-102.29192297969817,21.80379425395811,0.0],[-102.29192978331137,21.803785049307464,0.0],[-102.29193644619129,21.803775742279115,0.0],[-102.29194296679766,21.80376633502458,0.0],[-102.29194934362313,21.803756829718548,0.0],[-102.29195557519351,21.803747228558404,0.0],[-102.29196166006825,21.803737533763645,0.0],[-102.29196759684072,21.803727747575515,0.0],[-102.2919733841399,21.803717872257067,0.0],[-102.2919790206258,21.803707910089983,0.0],[-102.29198450499538,21.803697863377256,0.0],[-102.29198983598079,21.803687734441418,0.0],[-102.2919950123496,21.803677525624046,0.0],[-102.29200003290747,21.80366723928629,0.0],[-102.29200489649232,21.8036568778053,0.0],[-102.29200960197976,21.80364644357637,0.0],[-102.29201414828202,21.8036359390116,0.0],[-102.29201853434814,21.803625366539332,0.0],[-102.2920227591642,21.803614728603666,0.0],[-102.29202682175348,21.803604027663805,0.0],[-102.2920307211769,21.80359326619351,0.0],[-102.2920344565329,21.803582446680533,0.0],[-102.2920380269581,21.803571571626055,0.0],[-102.29204143162701,21.80356064354411,0.0],[-102.29204466975263,21.803549664960958,0.0],[-102.29204774058636,21.80353863841453,0.0],[-102.29205064341832,21.803527566453898,0.0],[-102.29205337757743,21.80351645163858,0.0],[-102.29205604108651,21.80350485138185,0.0],[-102.29205852086818,21.803493210466108,0.0],[-102.2920608163027,21.80348153180106,0.0],[-102.29206457668033,21.803461567117726,0.0],[-102.29206456501123,21.803461564978488,0.0],[-102.29206648483435,21.80345143630267,0.0]]],""type"":""Polygon""}",{},{},,,0,0,0,
capa,GT Group,Manzana 6,horizontal,disponible,MX,1,1,20343,San Gerardo,0,,,,,Planta Baja con acceso directo a Piscina,,Descripción de la capa 0,0,,33000,"{""coordinates"":[[[-102.29305982363202,21.805233759340776,0.0],[-102.29306867951355,21.80524018308144,0.0],[-102.29307742206586,21.80524676022844,0.0],[-102.29308604863176,21.8052534887828,0.0],[-102.29309455658945,21.80526036669953,0.0],[-102.29310294335318,21.805267391888293,0.0],[-102.29311120637396,21.805274562213956,0.0],[-102.29311934314049,21.8052818754973,0.0],[-102.29312735117986,21.805289329515595,0.0],[-102.2931352280581,21.805296922003414,0.0],[-102.29314297138137,21.805304650653245,0.0],[-102.29315057879622,21.80531251311611,0.0],[-102.29315804799057,21.805320507002428,0.0],[-102.29316537669435,21.805328629882666,0.0],[-102.29317256268021,21.805336879288106,0.0],[-102.29317960376416,21.80534525271152,0.0],[-102.29318649780623,21.80535374760805,0.0],[-102.29319324271113,21.805362361395872,0.0],[-102.29319983642894,21.805371091457058,0.0],[-102.29320627695567,21.805379935138312,0.0],[-102.2932125623339,21.80538888975184,0.0],[-102.29321869065333,21.80539795257612,0.0],[-102.29322466005142,21.80540712085672,0.0],[-102.29323046871393,21.80541639180719,0.0],[-102.29323611487547,21.805425762609847,0.0],[-102.29324159682002,21.805435230416716,0.0],[-102.29324158075019,21.805435202137655,0.0],[-102.29324182682679,21.805435627102003,0.0],[-102.29324208025807,21.8054360477218,0.0],[-102.2932423409673,21.80543646386972,0.0],[-102.29324260887562,21.805436875419883,0.0],[-102.29324288390193,21.80543728224773,0.0],[-102.29324316596312,21.80543768423018,0.0],[-102.29324345497375,21.805438081245654,0.0],[-102.2932437508464,21.80543847317394,0.0],[-102.29324405349153,21.805438859896483,0.0],[-102.29324436281757,21.805439241296277,0.0],[-102.29324467873096,21.80543961725791,0.0],[-102.29324500113604,21.80543998766763,0.0],[-102.29324532993535,21.805440352413342,0.0],[-102.29324566502929,21.80544071138468,0.0],[-102.29324600631656,21.80544106447305,0.0],[-102.29324635369386,21.805441411571632,0.0],[-102.29324670705611,21.805441752575355,0.0],[-102.29324706629632,21.80544208738105,0.0],[-102.29324743130587,21.805442415887427,0.0],[-102.29324780197427,21.805442737995065,0.0],[-102.29324817818936,21.805443053606542,0.0],[-102.29324855983732,21.805443362626324,0.0],[-102.29324894680273,21.805443664960908,0.0],[-102.2932493389684,21.80544396051885,0.0],[-102.2932497362157,21.80544424921068,0.0],[-102.29325013842447,21.80544453094905,0.0],[-102.29325054547296,21.80544480564877,0.0],[-102.29325095723807,21.805445073226625,0.0],[-102.29325137359514,21.805445333601707,0.0],[-102.29325179441821,21.80544558669523,0.0],[-102.29325221957998,21.80544583243063,0.0],[-102.29325264895179,21.805446070733524,0.0],[-102.2932530824037,21.805446301531806,0.0],[-102.29325351980454,21.805446524755645,0.0],[-102.29325396102203,21.805446740337512,0.0],[-102.29325440592261,21.805446948212168,0.0],[-102.2932548543717,21.805447148316716,0.0],[-102.29325530623355,21.80544734059061,0.0],[-102.2932557613715,21.80544752497567,0.0],[-102.2932562196478,21.805447701416103,0.0],[-102.29325668092382,21.805447869858515,0.0],[-102.29325714505994,21.80544803025195,0.0],[-102.29325761191575,21.805448182547877,0.0],[-102.29325808135,21.80544832670021,0.0],[-102.29325855322062,21.805448462665332,0.0],[-102.29325902738488,21.80544859040211,0.0],[-102.29325950369923,21.805448709871865,0.0],[-102.2932599820196,21.805448821038507,0.0],[-102.29326046220129,21.805448923868337,0.0],[-102.29326094409893,21.805449018330265,0.0],[-102.29326142756676,21.80544910439572,0.0],[-102.29326191245849,21.805449182038657,0.0],[-102.29326239862736,21.805449251235547,0.0],[-102.29326288592632,21.805449311965507,0.0],[-102.2932633742079,21.805449364210126,0.0],[-102.29326386332437,21.805449407953613,0.0],[-102.2932643531277,21.80544944318273,0.0],[-102.29326484346973,21.8054494698868,0.0],[-102.29326533420205,21.805449488057757,0.0],[-102.2932658251762,21.805449497690105,0.0],[-102.29326631624365,21.805449498780924,0.0],[-102.29326680725573,21.80544949132988,0.0],[-102.29326729806395,21.805449475339255,0.0],[-102.29326778851976,21.805449450813843,0.0],[-102.2932682784748,21.805449417761093,0.0],[-102.29326876778075,21.805449376191007,0.0],[-102.29326925628963,21.805449326116157,0.0],[-102.29326974385357,21.80544926755168,0.0],[-102.29327023032508,21.80544920051532,0.0],[-102.29327071555694,21.805449125027366,0.0],[-102.29327119940237,21.805449041110624,0.0],[-102.29327168171491,21.80544894879051,0.0],[-102.29327216234869,21.80544884809498,0.0],[-102.29327264115818,21.80544873905443,0.0],[-102.29327311799864,21.805448621701938,0.0],[-102.29327359272567,21.805448496072948,0.0],[-102.29327406519569,21.805448362205514,0.0],[-102.29327453526571,21.805448220140136,0.0],[-102.29327500279351,21.805448069919763,0.0],[-102.29327546763764,21.805447911589898,0.0],[-102.29327592965741,21.80544774519841,0.0],[-102.29327638871307,21.805447570795675,0.0],[-102.29327684466567,21.80544738843445,0.0],[-102.2932772973773,21.805447198169905,0.0],[-102.29327774671094,21.805447000059623,0.0],[-102.29327819253064,21.805446794163544,0.0],[-102.29327863470152,21.805446580543975,0.0],[-102.29329843678649,21.80543786174179,0.0],[-102.29342416149476,21.80537751010396,0.0],[-102.2934156413129,21.805361171179886,0.0],[-102.29340896703422,21.805348905876833,0.0],[-102.29340208379017,21.805336756613215,0.0],[-102.2933949935976,21.80532472694885,0.0],[-102.29338769853403,21.805312820408535,0.0],[-102.2933802007369,21.805301040480966,0.0],[-102.2933725024032,21.80528939061773,0.0],[-102.29336460578853,21.805277874232367,0.0],[-102.29335651320667,21.80526649469923,0.0],[-102.29334822702887,21.805255255352613,0.0],[-102.29333974968296,21.80524415948573,0.0],[-102.29333108365293,21.80523321034978,0.0],[-102.29332223147793,21.8052224111529,0.0],[-102.29331319575175,21.805211765059347,0.0],[-102.29330397912193,21.805201275188534,0.0],[-102.29329458428899,21.805190944614044,0.0],[-102.29328501400572,21.805180776362818,0.0],[-102.29327527107623,21.80517077341421,0.0],[-102.29326535835533,21.805160938699228,0.0],[-102.29325527874748,21.805151275099412,0.0],[-102.29324503520608,21.805141785446356,0.0],[-102.29323463073261,21.80513247252057,0.0],[-102.29322406837565,21.805123339050795,0.0],[-102.29321335122997,21.80511438771324,0.0],[-102.29320248243587,21.80510562113067,0.0],[-102.29319146517796,21.805097041871793,0.0],[-102.29318030268432,21.805088652450397,0.0],[-102.29316899822571,21.805080455324628,0.0],[-102.29264195092239,21.804705121548956,0.0],[-102.29263115430008,21.804716556406646,0.0],[-102.29262055018958,21.804728170013504,0.0],[-102.29261014154982,21.804739959128867,0.0],[-102.29259993128511,21.804751920463172,0.0],[-102.29258992224455,21.804764050678752,0.0],[-102.292580117221,21.80477634639086,0.0],[-102.29257051895038,21.804788804168556,0.0],[-102.29256113011101,21.80480142053564,0.0],[-102.29255195332271,21.804814191971712,0.0],[-102.29254299114609,21.804827114913067,0.0],[-102.29253424608197,21.80484018575377,0.0],[-102.29252572057051,21.80485340084658,0.0],[-102.29305982363202,21.805233759340776,0.0]]],""type"":""Polygon""}",{},{},,,0,0,0,
