entidad,grupo,nombre,identificador,status,nivel,capa_nivel,unidad,tipo_desarrollo,tipo_unidad_nombre,descripcion,poligono,height,min_height,levels,color,precio,area_m2,precio_tipo,precio_m2,destino_inventario,oportunidad_id,pais_codigo,estado_cve,municipio_cve,codigo_postal,colonia,metadata_cuartos,metadata_patio_servicio,metadata_cocina,metadata_banos,metadata_m2_construccion,metadata_m2_terreno,metadata_frente,metadata_cisterna,metadata_terraza,metadata_roof_garden,metadata_vestidor_recamara_principal
desarrollo,Gran Peñón Residencial,Gran Peñón Residencial,GPR,disponible,,,,horizontal,,Desarrollo de Lotes habitacionales Gran Peñon Residencial,"{""coordinates"":[[[[-100.94041755416967,22.091229949025568],[-100.93411144541093,22.089924167113548],[-100.91235354268352,22.08525614968099],[-100.91243717382355,22.08493302936737],[-100.91520460427436,22.083336434876497],[-100.91657311383796,22.08182347152563],[-100.91981191980516,22.08129127336202],[-100.92178865584144,22.082522931969248],[-100.92397827114321,22.082963896161964],[-100.92635035438678,22.08285745652924],[-100.92871103338398,22.083195782504696],[-100.93767029639501,22.08922462070303],[-100.94041755416967,22.091229949025568]]]],""type"":""MultiPolygon""}",0,0,0,#95A5A6,,,,,,,MX,24,28,78398,Aguaje 2000,,,,,,,,,,,
capa,Gran Peñón Residencial,M-8 Sección Arco de la Cañada,GPR / M-8 Sección Arco de la Cañada,disponible,0,,,,,,"SRID=4326;MULTIPOLYGON Z (((-100.93493938 22.09002174 0, -100.93493971 22.09002181 0, -100.93494005 22.09002186 0, -100.93494038 22.0900219 0, -100.93494072 22.09002193 0, -100.93494106 22.09002196 0, -100.93494139 22.09002196 0, -100.93494173 22.09002196 0, -100.93494207 22.09002195 0, -100.93494241 22.09002193 0, -100.93494274 22.09002189 0, -100.93494308 22.09002185 0, -100.93494341 22.09002179 0, -100.93494374 22.09002172 0, -100.93494407 22.09002165 0, -100.93494439 22.09002156 0, -100.93494472 22.09002146 0, -100.93494503 22.09002135 0, -100.93494535 22.09002123 0, -100.93494565 22.0900211 0, -100.93494596 22.09002096 0, -100.93494626 22.09002081 0, -100.93494655 22.09002065 0, -100.93494683 22.09002048 0, -100.93494711 22.09002031 0, -100.93494739 22.09002012 0, -100.93494765 22.09001992 0, -100.93494791 22.09001972 0, -100.93494816 22.09001951 0, -100.9349484 22.09001929 0, -100.93494863 22.09001906 0, -100.93494886 22.09001883 0, -100.93494908 22.09001858 0, -100.93494928 22.09001833 0, -100.93494948 22.09001808 0, -100.93494967 22.09001782 0, -100.93494985 22.09001755 0, -100.93495001 22.09001727 0, -100.93495017 22.090017 0, -100.93495032 22.09001671 0, -100.93495045 22.09001642 0, -100.93495058 22.09001613 0, -100.93495069 22.09001583 0, -100.9349508 22.09001553 0, -100.93495089 22.09001523 0, -100.93495097 22.09001492 0, -100.93495151 22.09001269 0, -100.93495157 22.09001239 0, -100.93495163 22.09001209 0, -100.93495168 22.09001179 0, -100.93495171 22.09001149 0, -100.93495173 22.09001118 0, -100.93495174 22.09001088 0, -100.93495174 22.09001057 0, -100.93495173 22.09001026 0, -100.93495171 22.09000996 0, -100.93495168 22.09000965 0, -100.93495164 22.09000935 0, -100.93495158 22.09000905 0, -100.93495152 22.09000875 0, -100.93495144 22.09000845 0, -100.93495135 22.09000816 0, -100.93495125 22.09000787 0, -100.93495115 22.09000758 0, -100.93495103 22.09000729 0, -100.9349509 22.09000701 0, -100.93495076 22.09000674 0, -100.93495061 22.09000646 0, -100.93495045 22.0900062 0, -100.93495028 22.09000593 0, -100.9349501 22.09000568 0, -100.93494992 22.09000543 0, -100.93494972 22.09000518 0, -100.93494952 22.09000494 0, -100.9349493 22.09000471 0, -100.93494689 22.09000209 0, -100.93494457 22.08999938 0, -100.93494236 22.08999661 0, -100.93494025 22.08999377 0, -100.93493826 22.08999086 0, -100.93493637 22.08998788 0, -100.93493459 22.08998485 0, -100.93493292 22.08998176 0, -100.93493138 22.08997862 0, -100.93492995 22.08997543 0, -100.93492864 22.08997219 0, -100.93492745 22.08996892 0, -100.93492639 22.08996561 0, -100.93492545 22.08996226 0, -100.93492463 22.08995889 0, -100.93492395 22.0899555 0, -100.93492338 22.08995208 0, -100.93492295 22.08994865 0, -100.93492265 22.0899452 0, -100.93492247 22.08994175 0, -100.93492242 22.08993829 0, -100.93492251 22.08993484 0, -100.93492272 22.08993139 0, -100.93492306 22.08992794 0, -100.93492353 22.08992451 0, -100.93492412 22.0899211 0, -100.93492484 22.08991771 0, -100.93492569 22.08991435 0, -100.93492667 22.08991101 0, -100.93492777 22.08990771 0, -100.93492899 22.08990445 0, -100.93493033 22.08990123 0, -100.93493179 22.08989805 0, -100.93493337 22.08989492 0, -100.93493506 22.08989185 0, -100.93493687 22.08988883 0, -100.93493879 22.08988587 0, -100.93494082 22.08988298 0, -100.93494296 22.08988015 0, -100.9349452 22.0898774 0, -100.93494754 22.08987472 0, -100.93494998 22.08987212 0, -100.93495251 22.08986959 0, -100.93495514 22.08986715 0, -100.93495786 22.0898648 0, -100.93496066 22.08986254 0, -100.93496355 22.08986037 0, -100.93496652 22.0898583 0, -100.93496956 22.08985632 0, -100.93497267 22.08985444 0, -100.93497586 22.08985267 0, -100.9349791 22.08985099 0, -100.93498241 22.08984943 0, -100.93498577 22.08984797 0, -100.93498919 22.08984663 0, -100.93499102 22.0898459 0, -100.93499283 22.08984512 0, -100.9349946 22.08984429 0, -100.93499634 22.08984339 0, -100.93499805 22.08984245 0, -100.93499973 22.08984144 0, -100.93500136 22.08984039 0, -100.93500296 22.08983928 0, -100.93500451 22.08983812 0, -100.93500603 22.08983692 0, -100.93500749 22.08983567 0, -100.93500891 22.08983437 0, -100.93501028 22.08983302 0, -100.9350116 22.08983164 0, -100.93501287 22.08983021 0, -100.93501409 22.08982874 0, -100.93501525 22.08982723 0, -100.93501635 22.08982569 0, -100.9350174 22.08982412 0, -100.93501839 22.08982251 0, -100.93501932 22.08982087 0, -100.93502019 22.0898192 0, -100.935021 22.08981751 0, -100.93509101 22.08966352 0, -100.93509567 22.08965278 0, -100.93509995 22.0896419 0, -100.93510385 22.08963089 0, -100.93510735 22.08961977 0, -100.93511046 22.08960855 0, -100.93511317 22.08959724 0, -100.93511548 22.08958585 0, -100.93511739 22.08957439 0, -100.93511889 22.08956289 0, -100.93511999 22.08955134 0, -100.93512067 22.08953977 0, -100.93512095 22.08952818 0, -100.93512082 22.08951659 0, -100.93512028 22.08950501 0, -100.93511933 22.08949346 0, -100.9351003 22.08930307 0, -100.93509909 22.08928846 0, -100.93509838 22.08927383 0, -100.93509817 22.08925918 0, -100.93509846 22.08924454 0, -100.93509925 22.08922991 0, -100.93510054 22.08921531 0, -100.93511483 22.08907977 0, -100.93511608 22.08906943 0, -100.93511764 22.08905912 0, -100.93511951 22.08904886 0, -100.93512169 22.08903865 0, -100.93512202 22.08903705 0, -100.9351223 22.08903545 0, -100.93512251 22.08903383 0, -100.93512267 22.08903221 0, -100.93512276 22.08903059 0, -100.9351228 22.08902896 0, -100.93512277 22.08902733 0, -100.93512268 22.08902571 0, -100.93512254 22.08902409 0, -100.93512233 22.08902247 0, -100.93512206 22.08902086 0, -100.93512174 22.08901927 0, -100.93512135 22.08901768 0, -100.93512091 22.0890161 0, -100.9351204 22.08901455 0, -100.93511984 22.08901301 0, -100.93511923 22.08901148 0, -100.93511855 22.08900998 0, -100.93511782 22.0890085 0, -100.93511704 22.08900705 0, -100.9351162 22.08900562 0, -100.93511531 22.08900422 0, -100.93511437 22.08900285 0, -100.93511338 22.08900151 0, -100.93511234 22.08900021 0, -100.93511125 22.08899893 0, -100.93511012 22.0889977 0, -100.93510894 22.0889965 0, -100.93510771 22.08899534 0, -100.93510644 22.08899422 0, -100.93510514 22.08899314 0, -100.93510379 22.08899211 0, -100.93510241 22.08899111 0, -100.93510098 22.08899017 0, -100.93509953 22.08898927 0, -100.93509804 22.08898842 0, -100.93509652 22.08898761 0, -100.93509498 22.08898686 0, -100.9350934 22.08898616 0, -100.9350918 22.0889855 0, -100.93509018 22.0889849 0, -100.93508853 22.08898436 0, -100.93508687 22.08898386 0, -100.93508519 22.08898342 0, -100.93508349 22.08898304 0, -100.93508178 22.08898271 0, -100.93508006 22.08898243 0, -100.93507833 22.08898221 0, -100.9350766 22.08898205 0, -100.93507485 22.08898194 0, -100.93507311 22.08898189 0, -100.93507136 22.0889819 0, -100.93506962 22.08898196 0, -100.93506788 22.08898208 0, -100.93506614 22.08898225 0, -100.93500124 22.08898984 0, -100.93497408 22.08899345 0, -100.93494707 22.08899792 0, -100.93492024 22.08900324 0, -100.93489361 22.0890094 0, -100.93486723 22.0890164 0, -100.93484112 22.08902424 0, -100.9348153 22.08903289 0, -100.93473151 22.08906162 0, -100.93472539 22.08906355 0, -100.9347192 22.08906528 0, -100.93471295 22.0890668 0, -100.93470665 22.08906812 0, -100.9347003 22.08906924 0, -100.93469391 22.08907014 0, -100.9346875 22.08907084 0, -100.93468106 22.08907133 0, -100.93467461 22.08907162 0, -100.93466815 22.08907169 0, -100.93466169 22.08907155 0, -100.93465524 22.0890712 0, -100.9346488 22.08907064 0, -100.9346424 22.08906988 0, -100.93463602 22.0890689 0, -100.93462969 22.08906772 0, -100.9346234 22.08906633 0, -100.93461841 22.08906508 0, -100.93461346 22.0890637 0, -100.93460856 22.08906218 0, -100.9346037 22.08906055 0, -100.9345989 22.08905894 0, -100.93459404 22.0890575 0, -100.93458913 22.08905621 0, -100.93458418 22.08905508 0, -100.93457918 22.08905412 0, -100.93457416 22.08905331 0, -100.9345691 22.08905267 0, -100.93456403 22.08905219 0, -100.93455894 22.08905188 0, -100.93455384 22.08905173 0, -100.93454874 22.08905175 0, -100.93454364 22.08905194 0, -100.93453856 22.08905228 0, -100.93453349 22.0890528 0, -100.93452844 22.08905347 0, -100.93452342 22.08905431 0, -100.93448971 22.08906071 0, -100.93446023 22.08907179 0, -100.93446279 22.08908825 0, -100.93441971 22.08909469 0, -100.93437647 22.0891001 0, -100.93456566 22.08954779 0, -100.93432771 22.08989311 0, -100.93493938 22.09002174 0)))",0,0,0,#95A5A6,,,,,,,MX,24,28,78398,Aguaje 2000,,,,,,,,,,,
unidad,Gran Peñón Residencial,Lote 1,GPR / M-8 Sección Arco de la Cañada / Lote 1,disponible,,0,1,,Terreno Departamental,Lotes de terreno Residenciales LOTE 1,"SRID=4326;MULTIPOLYGON Z (((-100.93480035 22.08920539 0, -100.9350983 22.08924981 0, -100.93509873 22.08923829 0, -100.93509948 22.08922679 0, -100.93510054 22.08921531 0, -100.93511483 22.08907977 0, -100.93511608 22.08906943 0, -100.93511764 22.08905912 0, -100.93511951 22.08904886 0, -100.93512169 22.08903865 0, -100.93512202 22.08903705 0, -100.9351223 22.08903545 0, -100.93512251 22.08903383 0, -100.93512267 22.08903221 0, -100.93512276 22.08903059 0, -100.9351228 22.08902896 0, -100.93512277 22.08902733 0, -100.93512268 22.08902571 0, -100.93512254 22.08902409 0, -100.93512233 22.08902247 0, -100.93512206 22.08902086 0, -100.93512174 22.08901927 0, -100.93512135 22.08901768 0, -100.93512091 22.0890161 0, -100.9351204 22.08901455 0, -100.93511984 22.08901301 0, -100.93511923 22.08901148 0, -100.93511855 22.08900998 0, -100.93511782 22.0890085 0, -100.93511704 22.08900705 0, -100.9351162 22.08900562 0, -100.93511531 22.08900422 0, -100.93511437 22.08900285 0, -100.93511338 22.08900151 0, -100.93511234 22.08900021 0, -100.93511125 22.08899893 0, -100.93511012 22.0889977 0, -100.93510894 22.0889965 0, -100.93510771 22.08899534 0, -100.93510644 22.08899422 0, -100.93510514 22.08899314 0, -100.93510379 22.08899211 0, -100.93510241 22.08899111 0, -100.93510098 22.08899017 0, -100.93509953 22.08898927 0, -100.93509804 22.08898842 0, -100.93509652 22.08898761 0, -100.93509498 22.08898686 0, -100.9350934 22.08898616 0, -100.9350918 22.0889855 0, -100.93509018 22.0889849 0, -100.93508853 22.08898436 0, -100.93508687 22.08898386 0, -100.93508519 22.08898342 0, -100.93508349 22.08898304 0, -100.93508178 22.08898271 0, -100.93508006 22.08898243 0, -100.93507833 22.08898221 0, -100.9350766 22.08898205 0, -100.93507485 22.08898194 0, -100.93507311 22.08898189 0, -100.93507136 22.0889819 0, -100.93506962 22.08898196 0, -100.93506788 22.08898208 0, -100.93506614 22.08898225 0, -100.93500124 22.08898984 0, -100.93497392 22.08899348 0, -100.93494675 22.08899798 0, -100.93491976 22.08900334 0, -100.93489299 22.08900956 0, -100.93486645 22.08901662 0, -100.9348402 22.08902453 0, -100.93481424 22.08903326 0, -100.93480035 22.08920539 0)))",0,0,0,#FFFFFF,5532940,790.42,,,comercial,,MX,24,28,78398,Aguaje 2000,,,,,,,,,,,
unidad,Gran Peñón Residencial,Lote 2,GPR / M-8 Sección Arco de la Cañada / Lote 2,vendido,,0,2,,Terreno Departamental,Lotes de terreno Residenciales,"SRID=4326;MULTIPOLYGON Z (((-100.93449032 22.08936949 0, -100.93478357 22.08941322 0, -100.93481424 22.08903326 0, -100.93473151 22.08906162 0, -100.93472539 22.08906355 0, -100.9347192 22.08906528 0, -100.93471295 22.0890668 0, -100.93470665 22.08906812 0, -100.9347003 22.08906924 0, -100.93469391 22.08907014 0, -100.9346875 22.08907084 0, -100.93468106 22.08907133 0, -100.9346746 22.08907162 0, -100.93466814 22.08907169 0, -100.93466169 22.08907155 0, -100.93465524 22.0890712 0, -100.9346488 22.08907064 0, -100.9346424 22.08906988 0, -100.93463602 22.0890689 0, -100.93462969 22.08906772 0, -100.9346234 22.08906633 0, -100.93461841 22.08906508 0, -100.93461346 22.0890637 0, -100.93460856 22.08906218 0, -100.9346037 22.08906055 0, -100.9345989 22.08905894 0, -100.93459404 22.0890575 0, -100.93458913 22.08905621 0, -100.93458418 22.08905508 0, -100.93457918 22.08905412 0, -100.93457416 22.08905331 0, -100.9345691 22.08905267 0, -100.93456403 22.08905219 0, -100.93455894 22.08905188 0, -100.93455384 22.08905173 0, -100.93454874 22.08905175 0, -100.93454364 22.08905194 0, -100.93453856 22.08905228 0, -100.93453349 22.0890528 0, -100.93452844 22.08905347 0, -100.93452342 22.08905431 0, -100.93448971 22.08906071 0, -100.93446023 22.08907179 0, -100.93446279 22.08908825 0, -100.93441971 22.08909469 0, -100.93437647 22.0891001 0, -100.93449032 22.08936949 0)))",0,0,0,#FFFFFF,1937910,1365.97,,,comercial,,MX,24,28,78398,Aguaje 2000,,,,,,,,,,,
unidad,Gran Peñón Residencial,Lote 3,GPR / M-8 Sección Arco de la Cañada / Lote 3,vendido,,0,3,,Terreno Departamental,Lotes de terreno Residenciales LOTE 3 VENDIDO,"SRID=4326;MULTIPOLYGON Z (((-100.93478648 22.08937707 0, -100.93511255 22.08942569 0, -100.9351003 22.08930307 0, -100.93509918 22.08928978 0, -100.93509847 22.08927647 0, -100.93509818 22.08926314 0, -100.9350983 22.08924981 0, -100.93480035 22.08920539 0, -100.93478648 22.08937707 0)))",0,0,0,#FFFFFF,4010175,616.95,,,comercial,,MX,24,28,78398,Aguaje 2000,,,,,,,,,,,
unidad,Gran Peñón Residencial,Lote 4,GPR / M-8 Sección Arco de la Cañada / Lote 4,vendido,,0,4,,Terreno Departamental,Lotes de terreno Residenciales LOTE 4 VENDIDO,"SRID=4326;MULTIPOLYGON Z (((-100.93449032 22.08936949 0, -100.93449032 22.08936949 0, -100.93456566 22.08954779 0, -100.93455577 22.08956215 0, -100.93509946 22.08964321 0, -100.93510344 22.08963212 0, -100.93510701 22.08962091 0, -100.93511019 22.08960959 0, -100.93511296 22.08959818 0, -100.93511533 22.08958669 0, -100.93511728 22.08957514 0, -100.93511882 22.08956353 0, -100.93511995 22.08955188 0, -100.93512066 22.0895402 0, -100.93512095 22.08952851 0, -100.93512082 22.08951681 0, -100.93512028 22.08950512 0, -100.93511933 22.08949346 0, -100.93511627 22.08946282 0, -100.93449032 22.08936949 0)))",0,0,0,#FFFFFF,7945925,1222.45,,,comercial,,MX,24,28,78398,Aguaje 2000,,,,,,,,,,,
unidad,Gran Peñón Residencial,Lote 5,GPR / M-8 Sección Arco de la Cañada / Lote 5,vendido,,0,5,,Terreno Departamental,Lotes de terreno Residenciales VENDIDO,"SRID=4326;MULTIPOLYGON Z (((-100.93444148 22.089728 0, -100.93502232 22.08981461 0, -100.93509101 22.08966352 0, -100.9350954 22.08965343 0, -100.93509946 22.08964321 0, -100.93455577 22.08956215 0, -100.93444148 22.089728 0)))",0,0,0,#FFFFFF,7644325,1179.05,,,comercial,,MX,24,28,78398,Aguaje 2000,,,,,,,,,,,
unidad,Gran Peñón Residencial,Lote 6,GPR / M-8 Sección Arco de la Cañada / Lote 6,disponible,,0,6,,Terreno Departamental,Lotes de terreno Residenciales,"SRID=4326;MULTIPOLYGON Z (((-100.93473922 22.08997965 0, -100.93493938 22.09002174 0, -100.93493971 22.09002181 0, -100.93494005 22.09002186 0, -100.93494038 22.0900219 0, -100.93494072 22.09002193 0, -100.93494106 22.09002196 0, -100.93494139 22.09002196 0, -100.93494173 22.09002196 0, -100.93494207 22.09002195 0, -100.93494241 22.09002193 0, -100.93494274 22.09002189 0, -100.93494308 22.09002185 0, -100.93494341 22.09002179 0, -100.93494374 22.09002172 0, -100.93494407 22.09002165 0, -100.93494439 22.09002156 0, -100.93494472 22.09002146 0, -100.93494503 22.09002135 0, -100.93494535 22.09002123 0, -100.93494565 22.0900211 0, -100.93494596 22.09002096 0, -100.93494626 22.09002081 0, -100.93494655 22.09002065 0, -100.93494683 22.09002048 0, -100.93494711 22.09002031 0, -100.93494739 22.09002012 0, -100.93494765 22.09001992 0, -100.93494791 22.09001972 0, -100.93494816 22.09001951 0, -100.9349484 22.09001929 0, -100.93494863 22.09001906 0, -100.93494886 22.09001883 0, -100.93494908 22.09001858 0, -100.93494928 22.09001833 0, -100.93494948 22.09001808 0, -100.93494967 22.09001782 0, -100.93494985 22.09001755 0, -100.93495001 22.09001727 0, -100.93495017 22.090017 0, -100.93495032 22.09001671 0, -100.93495045 22.09001642 0, -100.93495058 22.09001613 0, -100.93495069 22.09001583 0, -100.9349508 22.09001553 0, -100.93495089 22.09001523 0, -100.93495097 22.09001492 0, -100.93495151 22.09001269 0, -100.93495157 22.09001239 0, -100.93495163 22.09001209 0, -100.93495168 22.09001179 0, -100.93495171 22.09001149 0, -100.93495173 22.09001118 0, -100.93495174 22.09001088 0, -100.93495174 22.09001057 0, -100.93495173 22.09001026 0, -100.93495171 22.09000996 0, -100.93495168 22.09000965 0, -100.93495164 22.09000935 0, -100.93495158 22.09000905 0, -100.93495152 22.09000875 0, -100.93495144 22.09000845 0, -100.93495135 22.09000816 0, -100.93495125 22.09000787 0, -100.93495115 22.09000758 0, -100.93495103 22.09000729 0, -100.9349509 22.09000701 0, -100.93495076 22.09000674 0, -100.93495061 22.09000646 0, -100.93495045 22.0900062 0, -100.93495028 22.09000593 0, -100.9349501 22.09000568 0, -100.93494992 22.09000543 0, -100.93494972 22.09000518 0, -100.93494952 22.09000494 0, -100.9349493 22.09000471 0, -100.93494689 22.09000209 0, -100.93494457 22.08999938 0, -100.93494236 22.08999661 0, -100.93494025 22.08999377 0, -100.93493826 22.08999086 0, -100.93493637 22.08998788 0, -100.93493459 22.08998485 0, -100.93493292 22.08998176 0, -100.93493138 22.08997862 0, -100.93492995 22.08997543 0, -100.93492864 22.08997219 0, -100.93492745 22.08996892 0, -100.93492639 22.08996561 0, -100.93492545 22.08996226 0, -100.93492463 22.08995889 0, -100.93492395 22.0899555 0, -100.93492339 22.08995208 0, -100.93492295 22.08994865 0, -100.93492265 22.0899452 0, -100.93492247 22.08994175 0, -100.93492242 22.08993829 0, -100.93492251 22.08993484 0, -100.93492272 22.08993139 0, -100.93492306 22.08992794 0, -100.93492353 22.08992452 0, -100.93492412 22.0899211 0, -100.93492484 22.08991771 0, -100.93492569 22.08991435 0, -100.93492667 22.08991101 0, -100.93492777 22.08990771 0, -100.93492899 22.08990445 0, -100.93493033 22.08990123 0, -100.93493179 22.08989805 0, -100.93493337 22.08989492 0, -100.93493506 22.08989185 0, -100.93493687 22.08988883 0, -100.93493879 22.08988587 0, -100.93494082 22.08988298 0, -100.93494296 22.08988015 0, -100.9349452 22.0898774 0, -100.93494754 22.08987472 0, -100.93494998 22.08987212 0, -100.93495251 22.08986959 0, -100.93495514 22.08986715 0, -100.93495786 22.0898648 0, -100.93496066 22.08986254 0, -100.93496355 22.08986037 0, -100.93496652 22.0898583 0, -100.93496956 22.08985632 0, -100.93497267 22.08985444 0, -100.93497586 22.08985267 0, -100.9349791 22.08985099 0, -100.93498241 22.08984943 0, -100.93498577 22.08984797 0, -100.93498919 22.08984663 0, -100.93499102 22.0898459 0, -100.93499283 22.08984512 0, -100.9349946 22.08984429 0, -100.93499634 22.08984339 0, -100.93499805 22.08984245 0, -100.93499973 22.08984144 0, -100.93500136 22.08984039 0, -100.93500296 22.08983928 0, -100.93500451 22.08983812 0, -100.93500603 22.08983692 0, -100.93500749 22.08983567 0, -100.93500891 22.08983437 0, -100.93501028 22.08983302 0, -100.9350116 22.08983164 0, -100.93501287 22.08983021 0, -100.93501409 22.08982874 0, -100.93501525 22.08982723 0, -100.93501635 22.08982569 0, -100.9350174 22.08982412 0, -100.93501839 22.08982251 0, -100.93501932 22.08982087 0, -100.93502019 22.0898192 0, -100.935021 22.08981751 0, -100.93502232 22.08981461 0, -100.93477391 22.08977757 0, -100.93473922 22.08997965 0)))",0,0,0,#FFFFFF,3119155,479.87,,,comercial,,MX,24,28,78398,Aguaje 2000,,,,,,,,,,,
unidad,Gran Peñón Residencial,Lote 7,GPR / M-8 Sección Arco de la Cañada / Lote 7,disponible,,0,7,,Terreno Departamental,Lotes de terreno Residenciales,"SRID=4326;MULTIPOLYGON Z (((-100.93473922 22.08997965 0, -100.934559 22.08994175 0, -100.93459185 22.08975042 0, -100.93477391 22.08977757 0, -100.93473922 22.08997965 0)))",0,0,0,#FFFFFF,2728635,419.79,,,comercial,,MX,24,28,78398,Aguaje 2000,,,,,,,,,,,
unidad,Gran Peñón Residencial,Lote 8,GPR / M-8 Sección Arco de la Cañada / Lote 8,disponible,,0,8,,Terreno Departamental,Lotes de terreno Residenciales,"SRID=4326;MULTIPOLYGON Z (((-100.93459185 22.08975042 0, -100.934559 22.08994175 0, -100.93432771 22.08989311 0, -100.93444148 22.089728 0, -100.93459185 22.08975042 0)))",0,0,0,#FFFFFF,2719925,418.45,,,comercial,,MX,24,28,78398,Aguaje 2000,,,,,,,,,,,
capa,Gran Peñón Residencial,M-9 Sección Arco de la Cañada II,GPR / M-9 Sección Arco de la Cañada II,disponible,0,,,,,,"SRID=4326;MULTIPOLYGON Z (((-100.93520187 22.0896972 0, -100.93519807 22.0897058 0, -100.93512806 22.08985978 0, -100.9351273 22.08986154 0, -100.9351266 22.08986332 0, -100.93512598 22.08986512 0, -100.93512542 22.08986694 0, -100.93512493 22.08986877 0, -100.93512452 22.08987058 0, -100.93512417 22.08987239 0, -100.9351239 22.08987422 0, -100.93512368 22.08987605 0, -100.93512354 22.08987789 0, -100.93512346 22.08987973 0, -100.93512345 22.08988157 0, -100.93512351 22.08988342 0, -100.93512363 22.08988526 0, -100.93512383 22.08988709 0, -100.93512409 22.08988892 0, -100.93512441 22.08989074 0, -100.9351248 22.08989254 0, -100.93512526 22.08989434 0, -100.93512578 22.08989612 0, -100.93512637 22.08989788 0, -100.93512702 22.08989962 0, -100.93512773 22.08990134 0, -100.93512906 22.08990454 0, -100.93513027 22.08990779 0, -100.93513136 22.08991107 0, -100.93513233 22.08991438 0, -100.93513317 22.08991773 0, -100.93513389 22.08992109 0, -100.93513448 22.08992449 0, -100.93513495 22.08992789 0, -100.93513529 22.08993131 0, -100.9351355 22.08993474 0, -100.93513559 22.08993818 0, -100.93513554 22.08994161 0, -100.93513538 22.08994504 0, -100.93513508 22.08994847 0, -100.93513466 22.08995188 0, -100.93513411 22.08995527 0, -100.93513343 22.08995865 0, -100.93513263 22.089962 0, -100.93513171 22.08996533 0, -100.93513066 22.08996862 0, -100.93512949 22.08997188 0, -100.9351282 22.0899751 0, -100.93512679 22.08997827 0, -100.93512527 22.0899814 0, -100.93512363 22.08998448 0, -100.93512188 22.0899875 0, -100.93512001 22.08999046 0, -100.93511804 22.08999337 0, -100.93511596 22.0899962 0, -100.93511378 22.08999897 0, -100.9351115 22.09000166 0, -100.93510911 22.09000429 0, -100.93510663 22.09000683 0, -100.93510406 22.09000929 0, -100.9351014 22.09001166 0, -100.93509865 22.09001395 0, -100.93509582 22.09001615 0, -100.93509291 22.09001826 0, -100.93508992 22.09002027 0, -100.93508686 22.09002219 0, -100.93508373 22.090024 0, -100.93508054 22.09002571 0, -100.93507728 22.09002732 0, -100.93507397 22.09002882 0, -100.9350706 22.09003022 0, -100.9350703 22.09003034 0, -100.93507 22.09003048 0, -100.93506971 22.09003062 0, -100.93506943 22.09003077 0, -100.93506915 22.09003093 0, -100.93506888 22.0900311 0, -100.93506861 22.09003128 0, -100.93506835 22.09003146 0, -100.9350681 22.09003166 0, -100.93506785 22.09003186 0, -100.93506761 22.09003207 0, -100.93506738 22.09003229 0, -100.93506716 22.09003251 0, -100.93506694 22.09003274 0, -100.93506674 22.09003298 0, -100.93506654 22.09003323 0, -100.93506635 22.09003348 0, -100.93506617 22.09003373 0, -100.935066 22.09003399 0, -100.93506584 22.09003426 0, -100.93506569 22.09003453 0, -100.93506555 22.09003481 0, -100.93506542 22.09003509 0, -100.9350653 22.09003537 0, -100.93506519 22.09003566 0, -100.93506509 22.09003595 0, -100.93506501 22.09003625 0, -100.93506493 22.09003655 0, -100.93506478 22.09003682 0, -100.93506464 22.09003711 0, -100.93506451 22.09003739 0, -100.9350644 22.09003769 0, -100.93506429 22.09003798 0, -100.9350642 22.09003828 0, -100.93506411 22.09003858 0, -100.93506404 22.09003888 0, -100.93506398 22.09003919 0, -100.93506393 22.0900395 0, -100.93506389 22.09003981 0, -100.93506386 22.09004012 0, -100.93506384 22.09004043 0, -100.93506384 22.09004074 0, -100.93506385 22.09004105 0, -100.93506387 22.09004136 0, -100.9350639 22.09004167 0, -100.93506394 22.09004198 0, -100.93506399 22.09004228 0, -100.93506405 22.09004259 0, -100.93506413 22.09004289 0, -100.93506422 22.09004319 0, -100.93506431 22.09004349 0, -100.93506442 22.09004378 0, -100.93506454 22.09004407 0, -100.93506467 22.09004436 0, -100.93506481 22.09004464 0, -100.93506496 22.09004492 0, -100.93506512 22.09004519 0, -100.93506529 22.09004546 0, -100.93506547 22.09004572 0, -100.93506566 22.09004598 0, -100.93506586 22.09004623 0, -100.93506607 22.09004647 0, -100.93506629 22.09004671 0, -100.93506652 22.09004693 0, -100.93506675 22.09004716 0, -100.93506699 22.09004737 0, -100.93506724 22.09004757 0, -100.9350675 22.09004777 0, -100.93506777 22.09004796 0, -100.93506804 22.09004814 0, -100.93506832 22.09004831 0, -100.9350686 22.09004848 0, -100.93506889 22.09004863 0, -100.93506919 22.09004877 0, -100.93506949 22.09004891 0, -100.93506979 22.09004903 0, -100.9350701 22.09004915 0, -100.93507042 22.09004925 0, -100.93507073 22.09004935 0, -100.93507106 22.09004943 0, -100.93507138 22.09004951 0, -100.93507171 22.09004957 0, -100.93548548 22.09013659 0, -100.93560818 22.08997815 0, -100.9356156 22.08996642 0, -100.93562271 22.08995452 0, -100.9356295 22.08994245 0, -100.93563813 22.08992596 0, -100.93564616 22.08990922 0, -100.93565358 22.08989223 0, -100.93566038 22.08987502 0, -100.93566656 22.0898576 0, -100.93567211 22.08984 0, -100.93567703 22.08982224 0, -100.9356813 22.08980433 0, -100.93568492 22.0897863 0, -100.93568789 22.08976817 0, -100.93568847 22.08976405 0, -100.93571249 22.08958896 0, -100.93573285 22.08944051 0, -100.93573483 22.0894251 0, -100.9357363 22.08940963 0, -100.93573726 22.08939413 0, -100.9357377 22.08937861 0, -100.93573762 22.08936308 0, -100.93573703 22.08934756 0, -100.93573693 22.08934411 0, -100.93573669 22.08934067 0, -100.93573633 22.08933724 0, -100.93573584 22.08933382 0, -100.93573523 22.08933042 0, -100.93573448 22.08932704 0, -100.93573362 22.08932369 0, -100.93573262 22.08932036 0, -100.93573151 22.08931708 0, -100.93573027 22.08931383 0, -100.93572891 22.08931062 0, -100.93572743 22.08930746 0, -100.93572584 22.08930434 0, -100.93572413 22.08930128 0, -100.9357223 22.08929828 0, -100.93572037 22.08929534 0, -100.93571832 22.08929247 0, -100.93571618 22.08928966 0, -100.93571392 22.08928692 0, -100.93571157 22.08928426 0, -100.93570767 22.08928014 0, -100.93570393 22.08927589 0, -100.93570034 22.08927153 0, -100.93569691 22.08926707 0, -100.93569364 22.08926249 0, -100.93569055 22.08925782 0, -100.93568762 22.08925305 0, -100.93568487 22.08924819 0, -100.9356823 22.08924324 0, -100.9356799 22.08923822 0, -100.93567769 22.08923313 0, -100.93567567 22.08922797 0, -100.93567384 22.08922275 0, -100.93567219 22.08921747 0, -100.93567066 22.08921183 0, -100.93566204 22.08917981 0, -100.93565235 22.08914806 0, -100.93560309 22.08899591 0, -100.93560207 22.08899296 0, -100.93560095 22.08899004 0, -100.93559972 22.08898717 0, -100.93559839 22.08898433 0, -100.93559695 22.08898154 0, -100.93559541 22.08897879 0, -100.93559377 22.0889761 0, -100.93559204 22.08897346 0, -100.9355902 22.08897088 0, -100.93558828 22.08896836 0, -100.93558626 22.0889659 0, -100.93558415 22.0889635 0, -100.93558195 22.08896118 0, -100.93557967 22.08895893 0, -100.93557731 22.08895675 0, -100.93557487 22.08895465 0, -100.93557236 22.08895262 0, -100.93556977 22.08895068 0, -100.93556711 22.08894882 0, -100.93556439 22.08894705 0, -100.9355616 22.08894537 0, -100.93555875 22.08894378 0, -100.93555584 22.08894227 0, -100.93555288 22.08894087 0, -100.93554987 22.08893955 0, -100.93554682 22.08893834 0, -100.93554372 22.08893722 0, -100.93554058 22.08893621 0, -100.93553741 22.08893529 0, -100.9355342 22.08893447 0, -100.93553097 22.08893376 0, -100.93552771 22.08893316 0, -100.93552443 22.08893265 0, -100.93552113 22.08893225 0, -100.93551783 22.08893196 0, -100.93551451 22.08893177 0, -100.93551119 22.08893169 0, -100.93550787 22.08893172 0, -100.93550455 22.08893185 0, -100.93550123 22.08893209 0, -100.93545269 22.08893706 0, -100.93532291 22.08895223 0, -100.93532022 22.0889526 0, -100.93531755 22.08895306 0, -100.93531489 22.0889536 0, -100.93531226 22.08895423 0, -100.93530965 22.08895494 0, -100.93530707 22.08895573 0, -100.93530452 22.08895661 0, -100.93530201 22.08895757 0, -100.93529953 22.08895861 0, -100.93529709 22.08895972 0, -100.9352947 22.08896092 0, -100.93529235 22.08896219 0, -100.93529004 22.08896354 0, -100.93528779 22.08896496 0, -100.9352856 22.08896645 0, -100.93528346 22.08896801 0, -100.93528138 22.08896964 0, -100.93527936 22.08897133 0, -100.9352774 22.08897309 0, -100.93527551 22.08897491 0, -100.93527369 22.08897679 0, -100.93527194 22.08897873 0, -100.93527027 22.08898072 0, -100.93526866 22.08898277 0, -100.93526714 22.08898486 0, -100.93526569 22.088987 0, -100.93526432 22.08898919 0, -100.93525985 22.08899704 0, -100.93525566 22.08900503 0, -100.93525177 22.08901315 0, -100.93524817 22.08902138 0, -100.93524487 22.08902973 0, -100.93524188 22.08903817 0, -100.93523921 22.08904671 0, -100.93523684 22.08905532 0, -100.93523479 22.089064 0, -100.93523305 22.08907274 0, -100.93523164 22.08908154 0, -100.93523054 22.08909037 0, -100.93522404 22.08915203 0, -100.93521625 22.08922591 0, -100.93521526 22.08923707 0, -100.93521466 22.08924826 0, -100.93521444 22.08925946 0, -100.9352146 22.08927066 0, -100.93521514 22.08928185 0, -100.93521607 22.08929301 0, -100.93522019 22.08933427 0, -100.9352351 22.08948341 0, -100.93523613 22.08949544 0, -100.93523682 22.08950749 0, -100.93523718 22.08951956 0, -100.93523714 22.08953471 0, -100.93523657 22.08954985 0, -100.93523547 22.08956497 0, -100.93523383 22.08958005 0, -100.93523166 22.08959507 0, -100.93522896 22.08961001 0, -100.93522574 22.08962486 0, -100.93522199 22.08963961 0, -100.93521772 22.08965423 0, -100.93521295 22.08966872 0, -100.93520766 22.08968304 0, -100.93520187 22.0896972 0)))",0,0,0,#95A5A6,,,,,,,MX,24,28,78398,Aguaje 2000,,,,,,,,,,,
unidad,Gran Peñón Residencial,Lote 1,GPR / M-9 Sección Arco de la Cañada II / Lote 1,vendido,,0,1,,Terreno Residencial,Lotes de terreno Residenciales SERA UNA MANZANA 2 COMPLETA Y YA ESTA VENDIDA,"SRID=4326;MULTIPOLYGON Z (((-100.93523054 22.08909037 0, -100.93522404 22.08915203 0, -100.93543435 22.08918274 0, -100.93567219 22.08921747 0, -100.93567066 22.08921183 0, -100.93566204 22.08917981 0, -100.93565235 22.08914806 0, -100.93560309 22.08899591 0, -100.93560207 22.08899296 0, -100.93560095 22.08899004 0, -100.93559972 22.08898717 0, -100.93559839 22.08898433 0, -100.93559695 22.08898154 0, -100.93559541 22.08897879 0, -100.93559377 22.0889761 0, -100.93559204 22.08897346 0, -100.9355902 22.08897088 0, -100.93558828 22.08896836 0, -100.93558626 22.0889659 0, -100.93558415 22.0889635 0, -100.93558195 22.08896118 0, -100.93557967 22.08895893 0, -100.93557731 22.08895675 0, -100.93557487 22.08895465 0, -100.93557236 22.08895262 0, -100.93556977 22.08895068 0, -100.93556711 22.08894882 0, -100.93556439 22.08894705 0, -100.9355616 22.08894537 0, -100.93555875 22.08894378 0, -100.93555584 22.08894227 0, -100.93555288 22.08894087 0, -100.93554987 22.08893955 0, -100.93554682 22.08893834 0, -100.93554372 22.08893722 0, -100.93554058 22.08893621 0, -100.93553741 22.08893529 0, -100.9355342 22.08893447 0, -100.93553097 22.08893376 0, -100.93552771 22.08893316 0, -100.93552443 22.08893265 0, -100.93552113 22.08893225 0, -100.93551783 22.08893196 0, -100.93551451 22.08893177 0, -100.93551119 22.08893169 0, -100.93550787 22.08893172 0, -100.93550455 22.08893185 0, -100.93550123 22.08893209 0, -100.93545269 22.08893706 0, -100.93532291 22.08895223 0, -100.93532022 22.0889526 0, -100.93531755 22.08895306 0, -100.93531489 22.0889536 0, -100.93531226 22.08895423 0, -100.93530965 22.08895494 0, -100.93530707 22.08895573 0, -100.93530452 22.08895661 0, -100.93530201 22.08895757 0, -100.93529953 22.08895861 0, -100.93529709 22.08895972 0, -100.9352947 22.08896092 0, -100.93529235 22.08896219 0, -100.93529004 22.08896354 0, -100.93528779 22.08896496 0, -100.9352856 22.08896645 0, -100.93528346 22.08896801 0, -100.93528138 22.08896964 0, -100.93527936 22.08897133 0, -100.9352774 22.08897309 0, -100.93527551 22.08897491 0, -100.93527369 22.08897679 0, -100.93527194 22.08897873 0, -100.93527027 22.08898072 0, -100.93526866 22.08898277 0, -100.93526714 22.08898486 0, -100.93526569 22.088987 0, -100.93526432 22.08898919 0, -100.93525985 22.08899704 0, -100.93525566 22.08900503 0, -100.93525177 22.08901315 0, -100.93524817 22.08902138 0, -100.93524487 22.08902973 0, -100.93524188 22.08903817 0, -100.93523921 22.08904671 0, -100.93523684 22.08905532 0, -100.93523479 22.089064 0, -100.93523305 22.08907274 0, -100.93523164 22.08908154 0, -100.93523054 22.08909037 0)))",0,0,0,#FFFFFF,3146400,1048.8,,,comercial,,MX,24,28,78398,Aguaje 2000,,,,,,,,,,,
unidad,Gran Peñón Residencial,Lote 10-10,GPR / M-9 Sección Arco de la Cañada II / Lote 10-10,disponible,,0,10,,Terreno Residencial,Lotes de terreno Residenciales MANZANA 3 LOTE 10  RESERVADO,"SRID=4326;MULTIPOLYGON Z (((-100.9357363 22.08940963 0, -100.93573483 22.0894251 0, -100.93573285 22.08944051 0, -100.93571249 22.08958896 0, -100.93547037 22.08955361 0, -100.9354729 22.08937117 0, -100.9357363 22.08940963 0)))",0,0,0,#FFFFFF,3701740,528.82,,,comercial,,MX,24,28,78398,Aguaje 2000,,,,,,,,,,,
unidad,Gran Peñón Residencial,Lote 11-11,GPR / M-9 Sección Arco de la Cañada II / Lote 11-11,disponible,,0,11,,Terreno Residencial,Lotes de terreno Residenciales MANZANA 3 MANZANA 3 LOTE 11 RESERVA,"SRID=4326;MULTIPOLYGON Z (((-100.9354729 22.08937117 0, -100.9357363 22.08940963 0, -100.93573726 22.08939413 0, -100.9357377 22.08937861 0, -100.93573762 22.08936308 0, -100.93573703 22.08934756 0, -100.93573693 22.08934411 0, -100.93573669 22.08934067 0, -100.93573633 22.08933724 0, -100.93573584 22.08933382 0, -100.93573523 22.08933042 0, -100.93573448 22.08932704 0, -100.93573362 22.08932369 0, -100.93573262 22.08932036 0, -100.93573151 22.08931708 0, -100.93573027 22.08931383 0, -100.93572891 22.08931062 0, -100.93572743 22.08930746 0, -100.93572584 22.08930434 0, -100.93572413 22.08930128 0, -100.9357223 22.08929828 0, -100.93572037 22.08929534 0, -100.93571832 22.08929247 0, -100.93571618 22.08928966 0, -100.93571392 22.08928692 0, -100.93571157 22.08928426 0, -100.93570767 22.08928014 0, -100.93570393 22.08927589 0, -100.93570034 22.08927153 0, -100.93569691 22.08926707 0, -100.93569364 22.08926249 0, -100.93569055 22.08925782 0, -100.93568762 22.08925305 0, -100.93568487 22.08924819 0, -100.9356823 22.08924324 0, -100.9356799 22.08923822 0, -100.93567769 22.08923313 0, -100.93567567 22.08922797 0, -100.93567384 22.08922275 0, -100.93567219 22.08921747 0, -100.93543435 22.08918274 0, -100.9354729 22.08937117 0)))",0,0,0,#FFFFFF,3868620,552.66,,,comercial,,MX,24,28,78398,Aguaje 2000,,,,,,,,,,,
unidad,Gran Peñón Residencial,Lote 2-,GPR / M-9 Sección Arco de la Cañada II / Lote 2-,vendido,,0,2,,Terreno Residencial,"Lotes de terreno Residenciales MANZANA 1 LOTE, VENDIIDO","SRID=4326;MULTIPOLYGON Z (((-100.9354729 22.08937117 0, -100.93522019 22.08933427 0, -100.93521607 22.08929301 0, -100.93521514 22.08928185 0, -100.9352146 22.08927066 0, -100.93521444 22.08925946 0, -100.93521466 22.08924826 0, -100.93521526 22.08923707 0, -100.93521625 22.08922591 0, -100.93522404 22.08915203 0, -100.93543435 22.08918274 0, -100.9354729 22.08937117 0)))",0,0,0,#FFFFFF,1478070,492.69,,,comercial,,MX,24,28,78398,Aguaje 2000,,,,,,,,,,,
unidad,Gran Peñón Residencial,Lote 3-3,GPR / M-9 Sección Arco de la Cañada II / Lote 3-3,disponible,,0,3,,Terreno Residencial,Lotes de terreno Residenciales MANZANA 1 LOTE 3,"SRID=4326;MULTIPOLYGON Z (((-100.93523718 22.08951956 0, -100.93523682 22.08950749 0, -100.93523613 22.08949544 0, -100.9352351 22.08948341 0, -100.93522019 22.08933427 0, -100.93543429 22.08936553 0, -100.935432 22.08954801 0, -100.93523718 22.08951956 0)))",0,0,0,#FFFFFF,2767505,425.77,,,comercial,,MX,24,28,78398,Aguaje 2000,,,,,,,,,,,
unidad,Gran Peñón Residencial,Lote 4-4,GPR / M-9 Sección Arco de la Cañada II / Lote 4-4,disponible,,0,4,,Terreno Residencial,Lotes de terreno Residenciales MNZANA 1 LOTE 4,"SRID=4326;MULTIPOLYGON Z (((-100.93540658 22.0897271 0, -100.93520187 22.0896972 0, -100.93520766 22.08968304 0, -100.93521295 22.08966872 0, -100.93521772 22.08965423 0, -100.93522199 22.08963961 0, -100.93522574 22.08962486 0, -100.93522896 22.08961001 0, -100.93523166 22.08959507 0, -100.93523383 22.08958005 0, -100.93523547 22.08956497 0, -100.93523657 22.08954985 0, -100.93523714 22.08953471 0, -100.93523718 22.08951956 0, -100.935432 22.08954801 0, -100.93540658 22.0897271 0)))",0,0,0,#FFFFFF,2626910,404.14,,,comercial,,MX,24,28,78398,Aguaje 2000,,,,,,,,,,,
unidad,Gran Peñón Residencial,Lote 5-5,GPR / M-9 Sección Arco de la Cañada II / Lote 5-5,disponible,,0,5,,Terreno Residencial,Lotes de terreno Residenciales MANZANA 1 LOTE 5,"SRID=4326;MULTIPOLYGON Z (((-100.93544488 22.08973269 0, -100.93537722 22.08990561 0, -100.93512493 22.08986877 0, -100.93512542 22.08986694 0, -100.93512598 22.08986512 0, -100.9351266 22.08986332 0, -100.9351273 22.08986154 0, -100.93512806 22.08985978 0, -100.93519807 22.0897058 0, -100.93520187 22.0896972 0, -100.93544488 22.08973269 0)))",0,0,0,#FFFFFF,3368430,518.22,,,comercial,,MX,24,28,78398,Aguaje 2000,,,,,,,,,,,
unidad,Gran Peñón Residencial,Lote 6-6,GPR / M-9 Sección Arco de la Cañada II / Lote 6-6,disponible,,0,6,,Terreno Residencial,Lotes de terreno Residenciales MANZNA 1 LOTE 6,"SRID=4326;MULTIPOLYGON Z (((-100.9350706 22.09003022 0, -100.9350703 22.09003034 0, -100.93507 22.09003048 0, -100.93506971 22.09003062 0, -100.93506943 22.09003077 0, -100.93506915 22.09003093 0, -100.93506888 22.0900311 0, -100.93506861 22.09003128 0, -100.93506835 22.09003146 0, -100.9350681 22.09003166 0, -100.93506785 22.09003186 0, -100.93506761 22.09003207 0, -100.93506738 22.09003229 0, -100.93506716 22.09003251 0, -100.93506694 22.09003274 0, -100.93506674 22.09003298 0, -100.93506654 22.09003323 0, -100.93506635 22.09003348 0, -100.93506617 22.09003373 0, -100.935066 22.09003399 0, -100.93506584 22.09003426 0, -100.93506569 22.09003453 0, -100.93506555 22.09003481 0, -100.93506542 22.09003509 0, -100.9350653 22.09003537 0, -100.93506519 22.09003566 0, -100.93506509 22.09003595 0, -100.93506501 22.09003625 0, -100.93506493 22.09003655 0, -100.93506439 22.09003878 0, -100.93506432 22.09003908 0, -100.93506426 22.09003939 0, -100.93506422 22.09003971 0, -100.93506418 22.09004002 0, -100.93506416 22.09004034 0, -100.93506415 22.09004065 0, -100.93506415 22.09004097 0, -100.93506417 22.09004128 0, -100.93506419 22.09004159 0, -100.93506423 22.09004191 0, -100.93506428 22.09004222 0, -100.93506434 22.09004253 0, -100.93506441 22.09004284 0, -100.93506449 22.09004314 0, -100.93506459 22.09004345 0, -100.93506469 22.09004375 0, -100.93506481 22.09004404 0, -100.93506494 22.09004433 0, -100.93506508 22.09004462 0, -100.93506523 22.0900449 0, -100.93506539 22.09004518 0, -100.93506556 22.09004545 0, -100.93506574 22.09004572 0, -100.93506593 22.09004598 0, -100.93506613 22.09004623 0, -100.93506634 22.09004648 0, -100.93506656 22.09004672 0, -100.93506679 22.09004695 0, -100.93506702 22.09004718 0, -100.93506727 22.0900474 0, -100.93506752 22.09004761 0, -100.93506778 22.09004781 0, -100.93506805 22.090048 0, -100.93506832 22.09004819 0, -100.9350686 22.09004836 0, -100.93506889 22.09004853 0, -100.93506918 22.09004868 0, -100.93506948 22.09004883 0, -100.93506979 22.09004897 0, -100.9350701 22.09004909 0, -100.93507041 22.09004921 0, -100.93507073 22.09004932 0, -100.93507105 22.09004941 0, -100.93507138 22.0900495 0, -100.93507171 22.09004957 0, -100.935306 22.09009884 0, -100.93537722 22.08990561 0, -100.93512493 22.08986877 0, -100.93512452 22.08987058 0, -100.93512417 22.08987239 0, -100.9351239 22.08987422 0, -100.93512368 22.08987605 0, -100.93512354 22.08987789 0, -100.93512346 22.08987973 0, -100.93512345 22.08988157 0, -100.93512351 22.08988342 0, -100.93512363 22.08988526 0, -100.93512383 22.08988709 0, -100.93512408 22.08988892 0, -100.93512441 22.08989074 0, -100.9351248 22.08989254 0, -100.93512526 22.08989434 0, -100.93512578 22.08989612 0, -100.93512637 22.08989788 0, -100.93512702 22.08989962 0, -100.93512773 22.08990134 0, -100.93512906 22.08990454 0, -100.93513027 22.08990779 0, -100.93513136 22.08991107 0, -100.93513233 22.08991438 0, -100.93513317 22.08991773 0, -100.93513389 22.0899211 0, -100.93513448 22.08992449 0, -100.93513495 22.08992789 0, -100.93513529 22.08993131 0, -100.9351355 22.08993474 0, -100.93513559 22.08993818 0, -100.93513554 22.08994161 0, -100.93513538 22.08994504 0, -100.93513508 22.08994847 0, -100.93513466 22.08995188 0, -100.93513411 22.08995528 0, -100.93513343 22.08995865 0, -100.93513263 22.089962 0, -100.93513171 22.08996533 0, -100.93513066 22.08996862 0, -100.93512949 22.08997188 0, -100.9351282 22.0899751 0, -100.93512679 22.08997827 0, -100.93512527 22.0899814 0, -100.93512363 22.08998448 0, -100.93512188 22.0899875 0, -100.93512001 22.08999046 0, -100.93511804 22.08999337 0, -100.93511596 22.0899962 0, -100.93511378 22.08999897 0, -100.9351115 22.09000166 0, -100.93510911 22.09000429 0, -100.93510663 22.09000683 0, -100.93510406 22.09000929 0, -100.9351014 22.09001166 0, -100.93509865 22.09001395 0, -100.93509582 22.09001615 0, -100.93509291 22.09001826 0, -100.93508992 22.09002027 0, -100.93508686 22.09002219 0, -100.93508373 22.090024 0, -100.93508054 22.09002571 0, -100.93507728 22.09002732 0, -100.93507397 22.09002882 0, -100.9350706 22.09003022 0)))",0,0,0,#FFFFFF,3359395,516.83,,,comercial,,MX,24,28,78398,Aguaje 2000,,,,,,,,,,,
unidad,Gran Peñón Residencial,Lote 7,GPR / M-9 Sección Arco de la Cañada II / Lote 7,disponible,,0,7,,Terreno Residencial,Lotes de terreno Residenciales MANZNA 3  LOTE 7  RESERVADO,"SRID=4326;MULTIPOLYGON Z (((-100.93537722 22.08990561 0, -100.9356295 22.08994245 0, -100.93562271 22.08995452 0, -100.9356156 22.08996642 0, -100.93560818 22.08997815 0, -100.93548548 22.09013659 0, -100.935306 22.09009884 0, -100.93537722 22.08990561 0)))",0,0,0,#FFFFFF,3707270,529.61,,,comercial,,MX,24,28,78398,Aguaje 2000,,,,,,,,,,,
unidad,Gran Peñón Residencial,Lote 8,GPR / M-9 Sección Arco de la Cañada II / Lote 8,disponible,,0,8,,Terreno Residencial,Lotes de terreno Residenciales MANZNA 3 LOTE 8 RESERVADO,"SRID=4326;MULTIPOLYGON Z (((-100.9356295 22.08994245 0, -100.93537722 22.08990561 0, -100.93544488 22.08973269 0, -100.93568789 22.08976817 0, -100.93568492 22.08978631 0, -100.9356813 22.08980433 0, -100.93567703 22.08982224 0, -100.93567211 22.08984 0, -100.93566656 22.0898576 0, -100.93566038 22.08987502 0, -100.93565358 22.08989223 0, -100.93564616 22.08990922 0, -100.93563813 22.08992596 0, -100.9356295 22.08994245 0)))",0,0,0,#FFFFFF,3702300,528.09,,,comercial,,MX,24,28,78398,Aguaje 2000,,,,,,,,,,,
unidad,Gran Peñón Residencial,Lote 9-9,GPR / M-9 Sección Arco de la Cañada II / Lote 9-9,disponible,,0,9,,Terreno Residencial,Lotes de terreno Residenciales MANZANA 3 LOTE 9 RESERVADO,"SRID=4326;MULTIPOLYGON Z (((-100.93569282 22.08973233 0, -100.93544998 22.08969687 0, -100.93547037 22.08955361 0, -100.93571249 22.08958896 0, -100.93569282 22.08973233 0)))",0,0,0,#FFFFFF,2837100,405.3,,,comercial,,MX,24,28,78398,Aguaje 2000,,,,,,,,,,,
capa,Gran Peñón Residencial,CERRADA DE LA CAÑADA,GPR / CERRADA DE LA CAÑADA,disponible,0,,,,,,"SRID=4326;MULTIPOLYGON Z (((-100.93531176 22.08860771 0, -100.93442473 22.08881374 0, -100.9344163 22.08881611 0, -100.93440779 22.08881821 0, -100.93439921 22.08882004 0, -100.93439057 22.0888216 0, -100.93438187 22.08882287 0, -100.93437314 22.08882388 0, -100.93436437 22.0888246 0, -100.93435558 22.08882504 0, -100.93418018 22.08882335 0, -100.93420555 22.08858953 0, -100.93420555 22.08858953 0, -100.9342219 22.08843881 0, -100.93422636 22.08839765 0, -100.93423507 22.08831741 0, -100.93423913 22.08827997 0, -100.93424006 22.08826862 0, -100.93424056 22.08825724 0, -100.93424063 22.08824586 0, -100.93424028 22.08823448 0, -100.93423949 22.08822311 0, -100.93423829 22.08821179 0, -100.93423665 22.0882005 0, -100.9342346 22.08818928 0, -100.93423212 22.08817813 0, -100.93422932 22.08816739 0, -100.93422613 22.08815675 0, -100.93422255 22.08814622 0, -100.9342186 22.0881358 0, -100.93421426 22.08812551 0, -100.93420955 22.08811537 0, -100.93420448 22.08810539 0, -100.93419904 22.08809557 0, -100.93419325 22.08808592 0, -100.93418711 22.08807647 0, -100.93418064 22.08806721 0, -100.93417382 22.08805817 0, -100.93416668 22.08804935 0, -100.93415923 22.08804076 0, -100.93446861 22.08796638 0, -100.93452492 22.08795284 0, -100.93488306 22.08786674 0, -100.93521144 22.0877878 0, -100.93521184 22.08783052 0, -100.93521384 22.08787321 0, -100.93521742 22.0879158 0, -100.93522259 22.08795826 0, -100.93522882 22.08799758 0, -100.93523639 22.08803671 0, -100.93523725 22.08804048 0, -100.93524296 22.0880658 0, -100.93524322 22.08806697 0, -100.93524407 22.08807015 0, -100.9352448 22.08807335 0, -100.93524541 22.08807658 0, -100.9352459 22.08807982 0, -100.93524627 22.08808308 0, -100.93524652 22.08808635 0, -100.93524665 22.08808962 0, -100.93524665 22.0880929 0, -100.93524653 22.08809617 0, -100.93524629 22.08809944 0, -100.9352456 22.08810259 0, -100.93524483 22.08810573 0, -100.93524343 22.08811168 0, -100.93524224 22.08811766 0, -100.93524127 22.08812368 0, -100.93524051 22.08812972 0, -100.93523998 22.08813579 0, -100.93523967 22.08814186 0, -100.93523957 22.08814795 0, -100.9352397 22.08815403 0, -100.93524004 22.08816002 0, -100.93524059 22.08816599 0, -100.93524135 22.08817195 0, -100.93524233 22.08817787 0, -100.93524233 22.08817787 0, -100.93524346 22.08818353 0, -100.93524479 22.08818916 0, -100.93524631 22.08819474 0, -100.93524802 22.08820027 0, -100.93524992 22.08820575 0, -100.93526523 22.08824546 0, -100.93528196 22.08828466 0, -100.93529822 22.08831951 0, -100.9353156 22.08835389 0, -100.93533408 22.08838777 0, -100.93534572 22.08840776 0, -100.93538487 22.08847506 0, -100.93538643 22.08847784 0, -100.93538787 22.08848067 0, -100.93538921 22.08848354 0, -100.93539044 22.08848646 0, -100.93539157 22.08848941 0, -100.93539258 22.0884924 0, -100.93539348 22.08849542 0, -100.93539427 22.08849846 0, -100.93539494 22.08850153 0, -100.9353955 22.08850462 0, -100.93539595 22.08850773 0, -100.93539628 22.08851084 0, -100.93539649 22.08851397 0, -100.93539658 22.0885171 0, -100.93539656 22.08852023 0, -100.93539643 22.08852336 0, -100.93539617 22.08852649 0, -100.9353958 22.0885296 0, -100.93539532 22.0885327 0, -100.93539472 22.08853578 0, -100.935394 22.08853884 0, -100.93539317 22.08854188 0, -100.93539223 22.08854489 0, -100.93539118 22.08854786 0, -100.93539002 22.0885508 0, -100.93538875 22.0885537 0, -100.93538737 22.08855656 0, -100.93538588 22.08855937 0, -100.9353843 22.08856213 0, -100.93538261 22.08856484 0, -100.93538082 22.08856749 0, -100.93537893 22.08857008 0, -100.93537695 22.08857261 0, -100.93537487 22.08857508 0, -100.93537271 22.08857747 0, -100.93537045 22.0885798 0, -100.93536811 22.08858205 0, -100.93536569 22.08858422 0, -100.93536319 22.08858632 0, -100.93536062 22.08858833 0, -100.93535797 22.08859025 0, -100.93535525 22.0885921 0, -100.93535246 22.08859385 0, -100.93534961 22.08859551 0, -100.9353467 22.08859707 0, -100.93534373 22.08859854 0, -100.93534071 22.08859992 0, -100.93533764 22.0886012 0, -100.93533452 22.08860237 0, -100.93533137 22.08860345 0, -100.93532817 22.08860442 0, -100.93532494 22.08860529 0, -100.93532168 22.08860605 0, -100.9353184 22.08860671 0, -100.93531509 22.08860726 0, -100.93531176 22.08860771 0)))",0,0,0,#95A5A6,,,,,,,MX,24,28,78398,Aguaje 2000,,,,,,,,,,,
unidad,Gran Peñón Residencial,Lote ???,GPR / CERRADA DE LA CAÑADA / Lote ???,disponible,,0,?,,Terreno Residencial,Lotes de terreno Residenciales,"SRID=4326;MULTIPOLYGON Z (((-100.93420555 22.08858953 0, -100.93457171 22.0885015 0, -100.93458622 22.08855394 0, -100.9345881 22.08856083 0, -100.93458972 22.08856776 0, -100.93459109 22.08857475 0, -100.93459219 22.08858178 0, -100.93459304 22.08858883 0, -100.93459363 22.08859591 0, -100.93459396 22.08860301 0, -100.93459403 22.08861011 0, -100.93459384 22.08861721 0, -100.93459338 22.0886243 0, -100.93459266 22.08863137 0, -100.93459169 22.08863841 0, -100.93459046 22.08864542 0, -100.93458896 22.08865238 0, -100.93458722 22.0886593 0, -100.93458522 22.08866615 0, -100.93458297 22.08867293 0, -100.93458047 22.08867964 0, -100.93457773 22.08868627 0, -100.93457474 22.0886928 0, -100.93457152 22.08869924 0, -100.93456806 22.08870556 0, -100.93456437 22.08871178 0, -100.93456045 22.08871787 0, -100.93455631 22.08872383 0, -100.93455196 22.08872966 0, -100.93454653 22.08873612 0, -100.93454087 22.0887424 0, -100.93453499 22.0887485 0, -100.93452888 22.08875441 0, -100.93452256 22.08876012 0, -100.93451604 22.08876563 0, -100.93450932 22.08877093 0, -100.93450241 22.08877601 0, -100.93449532 22.08878087 0, -100.93448805 22.0887855 0, -100.93448062 22.0887899 0, -100.93447304 22.08879406 0, -100.9344653 22.08879797 0, -100.93445743 22.08880164 0, -100.93444942 22.08880505 0, -100.9344413 22.08880821 0, -100.93443306 22.08881111 0, -100.93442473 22.08881374 0, -100.9344163 22.08881611 0, -100.93440779 22.08881821 0, -100.93439921 22.08882004 0, -100.93439057 22.0888216 0, -100.93438187 22.08882287 0, -100.93437314 22.08882388 0, -100.93436437 22.0888246 0, -100.93435558 22.08882504 0, -100.93418018 22.08882335 0, -100.93420555 22.08858953 0)))",0,0,0,#FFFFFF,111111111,28511,,,comercial,,MX,24,28,78398,Aguaje 2000,,,,,,,,,,,
unidad,Gran Peñón Residencial,Lote 1,GPR / CERRADA DE LA CAÑADA / Lote 1,disponible,,0,1,,Terreno Residencial,Lotes de terreno Residenciales,"SRID=4326;MULTIPOLYGON Z (((-100.93523725 22.08804048 0, -100.93524296 22.0880658 0, -100.93497594 22.08813 0, -100.93494676 22.08802457 0, -100.93522259 22.08795826 0, -100.93522882 22.08799758 0, -100.93523639 22.08803671 0, -100.93523725 22.08804048 0)))",0,0,0,#FFFFFF,2260505,347.77,,,comercial,,MX,24,28,78398,Aguaje 2000,,,,,,,,,,,
unidad,Gran Peñón Residencial,Lote 13,GPR / CERRADA DE LA CAÑADA / Lote 13,disponible,,0,13,,Terreno Residencial,Lotes de terreno Residenciales,"SRID=4326;MULTIPOLYGON Z (((-100.93524322 22.08806697 0, -100.93524407 22.08807015 0, -100.9352448 22.08807335 0, -100.93524541 22.08807658 0, -100.9352459 22.08807982 0, -100.93524627 22.08808308 0, -100.93524652 22.08808635 0, -100.93524665 22.08808962 0, -100.93524665 22.0880929 0, -100.93524653 22.08809617 0, -100.93524629 22.08809944 0, -100.9352456 22.08810259 0, -100.93524483 22.08810573 0, -100.93524343 22.08811168 0, -100.93524224 22.08811766 0, -100.93524127 22.08812368 0, -100.93524051 22.08812972 0, -100.93523998 22.08813579 0, -100.93523967 22.08814186 0, -100.93523957 22.08814795 0, -100.9352397 22.08815403 0, -100.93524004 22.08816002 0, -100.93524059 22.08816599 0, -100.93524135 22.08817195 0, -100.93524233 22.08817787 0, -100.93500499 22.08823493 0, -100.93497594 22.08813 0, -100.93524296 22.0880658 0, -100.93524322 22.08806697 0)))",0,0,0,#FFFFFF,2096705,322.57,,,comercial,,MX,24,28,78398,Aguaje 2000,,,,,,,,,,,
unidad,Gran Peñón Residencial,Lote 14,GPR / CERRADA DE LA CAÑADA / Lote 14,disponible,,0,14,,Terreno Residencial,Lotes de terreno Residenciales,"SRID=4326;MULTIPOLYGON Z (((-100.93503517 22.08834399 0, -100.93500499 22.08823493 0, -100.93524233 22.08817787 0, -100.93524346 22.08818353 0, -100.93524479 22.08818916 0, -100.93524631 22.08819474 0, -100.93524802 22.08820027 0, -100.93524992 22.08820575 0, -100.93526523 22.08824546 0, -100.93528196 22.08828466 0, -100.93503517 22.08834399 0)))",0,0,0,#FFFFFF,2076815,319.51,,,comercial,,MX,24,28,78398,Aguaje 2000,,,,,,,,,,,
unidad,Gran Peñón Residencial,Lote 15,GPR / CERRADA DE LA CAÑADA / Lote 15,disponible,,0,15,,Terreno Residencial,Lotes de terreno Residenciales MANZANAN PASEO CAÑADAS SUR,"SRID=4326;MULTIPOLYGON Z (((-100.93528196 22.08828466 0, -100.93529822 22.08831951 0, -100.9353156 22.08835389 0, -100.93533408 22.08838777 0, -100.93534572 22.08840776 0, -100.9350711 22.08847378 0, -100.93503517 22.08834399 0, -100.93528196 22.08828466 0)))",0,0,0,#FFFFFF,2667470,410.38,,,comercial,,MX,24,28,78398,Aguaje 2000,,,,,,,,,,,
unidad,Gran Peñón Residencial,Lote 16,GPR / CERRADA DE LA CAÑADA / Lote 16,disponible,,0,16,,Terreno Residencial,Lotes de terreno Residenciales PASEO CAÑADA SUR,"SRID=4326;MULTIPOLYGON Z (((-100.93531176 22.08860771 0, -100.93511455 22.08863076 0, -100.9350711 22.08847378 0, -100.93534572 22.08840776 0, -100.93538487 22.08847506 0, -100.93538643 22.08847784 0, -100.93538787 22.08848067 0, -100.93538921 22.08848354 0, -100.93539044 22.08848646 0, -100.93539157 22.08848941 0, -100.93539258 22.0884924 0, -100.93539348 22.08849542 0, -100.93539427 22.08849846 0, -100.93539494 22.08850153 0, -100.9353955 22.08850462 0, -100.93539595 22.08850773 0, -100.93539628 22.08851084 0, -100.93539649 22.08851397 0, -100.93539658 22.0885171 0, -100.93539656 22.08852023 0, -100.93539643 22.08852336 0, -100.93539617 22.08852649 0, -100.9353958 22.0885296 0, -100.93539532 22.0885327 0, -100.93539472 22.08853578 0, -100.935394 22.08853884 0, -100.93539317 22.08854188 0, -100.93539223 22.08854489 0, -100.93539118 22.08854786 0, -100.93539002 22.0885508 0, -100.93538875 22.0885537 0, -100.93538737 22.08855656 0, -100.93538588 22.08855937 0, -100.9353843 22.08856213 0, -100.93538261 22.08856484 0, -100.93538082 22.08856749 0, -100.93537893 22.08857008 0, -100.93537695 22.08857261 0, -100.93537487 22.08857508 0, -100.93537271 22.08857747 0, -100.93537045 22.0885798 0, -100.93536811 22.08858205 0, -100.93536569 22.08858422 0, -100.93536319 22.08858632 0, -100.93536062 22.08858833 0, -100.93535797 22.08859025 0, -100.93535525 22.0885921 0, -100.93535246 22.08859385 0, -100.93534961 22.08859551 0, -100.9353467 22.08859707 0, -100.93534373 22.08859854 0, -100.93534071 22.08859992 0, -100.93533764 22.0886012 0, -100.93533452 22.08860237 0, -100.93533137 22.08860345 0, -100.93532817 22.08860442 0, -100.93532494 22.08860529 0, -100.93532168 22.08860605 0, -100.9353184 22.08860671 0, -100.93531509 22.08860726 0, -100.93531176 22.08860771 0)))",0,0,0,#FFFFFF,4143860,591.98,,,comercial,,MX,24,28,78398,Aguaje 2000,,,,,,,,,,,
unidad,Gran Peñón Residencial,Lote 17,GPR / CERRADA DE LA CAÑADA / Lote 17,disponible,,0,17,,Terreno Residencial,Lotes de terreno Residenciales RESERVADO,"SRID=4326;MULTIPOLYGON Z (((-100.93474407 22.08858194 0, -100.93471694 22.08848394 0, -100.93501411 22.0884125 0, -100.93507578 22.0886353 0, -100.93487989 22.0886569 0, -100.9348738 22.08865754 0, -100.9348677 22.088658 0, -100.93486158 22.08865829 0, -100.93485546 22.0886584 0, -100.93484933 22.08865833 0, -100.9348452 22.08865797 0, -100.93484107 22.08865747 0, -100.93483697 22.08865684 0, -100.93483289 22.08865608 0, -100.93482885 22.08865519 0, -100.93482484 22.08865418 0, -100.93482087 22.08865303 0, -100.93481694 22.08865176 0, -100.93481306 22.08865036 0, -100.93480924 22.08864884 0, -100.93480548 22.0886472 0, -100.93480178 22.08864543 0, -100.93479814 22.08864355 0, -100.93479458 22.08864156 0, -100.93479109 22.08863945 0, -100.93478768 22.08863723 0, -100.93478436 22.0886349 0, -100.93478113 22.08863247 0, -100.93477798 22.08862993 0, -100.93477493 22.0886273 0, -100.93477198 22.08862457 0, -100.93476914 22.08862175 0, -100.9347664 22.08861884 0, -100.93476376 22.08861584 0, -100.93476125 22.08861276 0, -100.93475884 22.0886096 0, -100.93475655 22.08860636 0, -100.93475439 22.08860305 0, -100.93475235 22.08859968 0, -100.93475043 22.08859624 0, -100.93474864 22.08859274 0, -100.93474698 22.08858919 0, -100.93474546 22.08858559 0, -100.93474407 22.08858194 0)))",0,0,0,#FFFFFF,5007940,715.42,,,comercial,,MX,24,28,78398,Aguaje 2000,,,,,,,,,,,
unidad,Gran Peñón Residencial,Lote 18,GPR / CERRADA DE LA CAÑADA / Lote 18,disponible,,0,18,,Terreno Residencial,Lotes de terreno Residenciales,"SRID=4326;MULTIPOLYGON Z (((-100.93471694 22.08848394 0, -100.9346804 22.0883519 0, -100.93497756 22.08828046 0, -100.93501411 22.0884125 0, -100.93471694 22.08848394 0)))",0,0,0,#FFFFFF,2869680,478.28,,,comercial,,MX,24,28,78398,Aguaje 2000,,,,,,,,,,,
unidad,Gran Peñón Residencial,Lote 19,GPR / CERRADA DE LA CAÑADA / Lote 19,disponible,,0,19,,Terreno Residencial,Lotes de terreno Residenciales,"SRID=4326;MULTIPOLYGON Z (((-100.9346804 22.0883519 0, -100.93464385 22.08821987 0, -100.93494102 22.08814843 0, -100.93497756 22.08828046 0, -100.9346804 22.0883519 0)))",0,0,0,#FFFFFF,2869680,478.28,,,comercial,,MX,24,28,78398,Aguaje 2000,,,,,,,,,,,
unidad,Gran Peñón Residencial,Lote 2,GPR / CERRADA DE LA CAÑADA / Lote 2,vendido,,0,2,,Terreno Residencial,Lotes de terreno Residenciales MANZANA PASEO CANADAS SUR VENDIDO,"SRID=4326;MULTIPOLYGON Z (((-100.93522259 22.08795826 0, -100.93494676 22.08802457 0, -100.93494135 22.08800503 0, -100.93492261 22.08800961 0, -100.93488306 22.08786674 0, -100.93521144 22.0877878 0, -100.93521184 22.08783052 0, -100.93521384 22.08787321 0, -100.93521742 22.0879158 0, -100.93522259 22.08795826 0)))",0,0,0,#FFFFFF,,607.77,,,comercial,,MX,24,28,78398,Aguaje 2000,,,,,,,,,,,
unidad,Gran Peñón Residencial,Lote 20,GPR / CERRADA DE LA CAÑADA / Lote 20,disponible,,0,20,,Terreno Residencial,Lotes de terreno Residenciales,"SRID=4326;MULTIPOLYGON Z (((-100.93461579 22.08811848 0, -100.93461536 22.08811603 0, -100.93461501 22.08811356 0, -100.93461476 22.08811109 0, -100.93461459 22.08810861 0, -100.93461452 22.08810612 0, -100.93461453 22.08810364 0, -100.93461463 22.08810116 0, -100.93461482 22.08809868 0, -100.9346151 22.08809621 0, -100.93461547 22.08809375 0, -100.93461593 22.0880913 0, -100.93461647 22.08808887 0, -100.93461711 22.08808645 0, -100.93461782 22.08808406 0, -100.93490386 22.08801418 0, -100.93494102 22.08814843 0, -100.93464385 22.08821987 0, -100.93461579 22.08811848 0)))",0,0,0,#FFFFFF,2896920,482.91,,,comercial,,MX,24,28,78398,Aguaje 2000,,,,,,,,,,,
unidad,Gran Peñón Residencial,Lote 21,GPR / CERRADA DE LA CAÑADA / Lote 21,vendido,,0,21,,Terreno Residencial,Lotes de terreno Residenciales  VENDIDO,"SRID=4326;MULTIPOLYGON Z (((-100.93452585 22.08795663 0, -100.93452492 22.08795284 0, -100.93488306 22.08786674 0, -100.93492261 22.08800961 0, -100.93461782 22.08808406 0, -100.93461899 22.08808093 0, -100.93462004 22.08807776 0, -100.93462097 22.08807456 0, -100.93462178 22.08807133 0, -100.93462247 22.08806808 0, -100.93462303 22.08806481 0, -100.93462347 22.08806152 0, -100.93462379 22.08805822 0, -100.93462398 22.08805491 0, -100.93462405 22.0880516 0, -100.934624 22.08804828 0, -100.93462382 22.08804497 0, -100.93462352 22.08804167 0, -100.93462309 22.08803838 0, -100.93462254 22.0880351 0, -100.93462187 22.08803185 0, -100.93462108 22.08802862 0, -100.93462016 22.08802541 0, -100.93461913 22.08802224 0, -100.93461798 22.08801911 0, -100.93461671 22.08801601 0, -100.93461532 22.08801296 0, -100.93461382 22.08800995 0, -100.93461221 22.088007 0, -100.93461049 22.08800409 0, -100.93460867 22.08800125 0, -100.93460673 22.08799847 0, -100.9346047 22.08799575 0, -100.93460256 22.0879931 0, -100.93460032 22.08799052 0, -100.93459799 22.08798802 0, -100.93459557 22.08798559 0, -100.93459306 22.08798325 0, -100.93459046 22.08798098 0, -100.93458778 22.08797881 0, -100.93458502 22.08797672 0, -100.93458218 22.08797472 0, -100.93457927 22.08797282 0, -100.93457628 22.08797101 0, -100.93457324 22.0879693 0, -100.93457013 22.08796769 0, -100.93456696 22.08796619 0, -100.93456374 22.08796479 0, -100.93456046 22.08796349 0, -100.93455714 22.0879623 0, -100.93455378 22.08796122 0, -100.93455038 22.08796025 0, -100.93454694 22.08795939 0, -100.93454348 22.08795865 0, -100.93453999 22.08795801 0, -100.93453647 22.0879575 0, -100.93453294 22.08795709 0, -100.9345294 22.0879568 0, -100.93452585 22.08795663 0)))",0,0,0,#FFFFFF,3176700,529.45,,,comercial,,MX,24,28,78398,Aguaje 2000,,,,,,,,,,,
unidad,Gran Peñón Residencial,Lote 23,GPR / CERRADA DE LA CAÑADA / Lote 23,disponible,,0,23,,Terreno Residencial,Lotes de terreno Residenciales,"SRID=4326;MULTIPOLYGON Z (((-100.93420555 22.08858953 0, -100.9342219 22.08843881 0, -100.93453361 22.08836388 0, -100.93457171 22.0885015 0, -100.93420555 22.08858953 0)))",0,0,0,#FFFFFF,3411720,568.62,,,comercial,,MX,24,28,78398,Aguaje 2000,,,,,,,,,,,
unidad,Gran Peñón Residencial,Lote 24,GPR / CERRADA DE LA CAÑADA / Lote 24,disponible,,0,24,,Terreno Residencial,Lotes de terreno Residenciales,"SRID=4326;MULTIPOLYGON Z (((-100.93422636 22.08839765 0, -100.93423507 22.08831741 0, -100.93450293 22.08825301 0, -100.93453361 22.08836388 0, -100.9342219 22.08843881 0, -100.93422636 22.08839765 0)))",0,0,0,#FFFFFF,2349780,391.63,,,comercial,,MX,24,28,78398,Aguaje 2000,,,,,,,,,,,
unidad,Gran Peñón Residencial,Lote 25,GPR / CERRADA DE LA CAÑADA / Lote 25,vendido,,0,25,,Terreno Residencial,Lotes de terreno Residenciales,"SRID=4326;MULTIPOLYGON Z (((-100.93423913 22.08827997 0, -100.93424006 22.08826862 0, -100.93424056 22.08825724 0, -100.93424063 22.08824586 0, -100.93424028 22.08823448 0, -100.93423949 22.08822311 0, -100.93423829 22.08821179 0, -100.93423665 22.0882005 0, -100.9342346 22.08818928 0, -100.93423212 22.08817813 0, -100.93445697 22.08812408 0, -100.93445837 22.08812524 0, -100.93445972 22.08812645 0, -100.93446103 22.0881277 0, -100.93446229 22.08812898 0, -100.93446351 22.08813031 0, -100.93446468 22.08813167 0, -100.93446579 22.08813307 0, -100.93446686 22.08813451 0, -100.93446788 22.08813597 0, -100.93446884 22.08813747 0, -100.93446975 22.08813899 0, -100.93447061 22.08814055 0, -100.9344714 22.08814212 0, -100.93447215 22.08814373 0, -100.93447283 22.08814535 0, -100.93447346 22.08814699 0, -100.93447402 22.08814866 0, -100.93447453 22.08815034 0, -100.93447498 22.08815203 0, -100.93450293 22.08825301 0, -100.93423507 22.08831741 0, -100.93423913 22.08827997 0)))",0,0,0,#FFFFFF,2361240,393.54,,,comercial,,MX,24,28,78398,Aguaje 2000,,,,,,,,,,,
unidad,Gran Peñón Residencial,Lote 26,GPR / CERRADA DE LA CAÑADA / Lote 26,disponible,,0,26,,Terreno Residencial,Lotes de terreno Residenciales vendido,"SRID=4326;MULTIPOLYGON Z (((-100.93446957 22.08797031 0, -100.9344666 22.08797206 0, -100.93446369 22.0879739 0, -100.93446086 22.08797584 0, -100.9344581 22.08797786 0, -100.93445542 22.08797997 0, -100.93445281 22.08798217 0, -100.93445029 22.08798445 0, -100.93444786 22.0879868 0, -100.93444551 22.08798924 0, -100.93444325 22.08799175 0, -100.93444109 22.08799433 0, -100.93443903 22.08799698 0, -100.93443706 22.08799969 0, -100.9344352 22.08800246 0, -100.93443344 22.0880053 0, -100.93443179 22.08800818 0, -100.93443024 22.08801112 0, -100.9344288 22.08801411 0, -100.93442748 22.08801714 0, -100.93442627 22.08802021 0, -100.93442517 22.08802332 0, -100.93442419 22.08802647 0, -100.93442332 22.08802964 0, -100.93442258 22.08803284 0, -100.93442195 22.08803606 0, -100.93442144 22.0880393 0, -100.93442105 22.08804255 0, -100.93442079 22.08804581 0, -100.93442064 22.08804908 0, -100.93442061 22.08805236 0, -100.93442071 22.08805563 0, -100.93442093 22.0880589 0, -100.93442127 22.08806215 0, -100.93442172 22.0880654 0, -100.9344223 22.08806863 0, -100.934423 22.08807184 0, -100.93442381 22.08807502 0, -100.93442475 22.08807818 0, -100.9344258 22.0880813 0, -100.93442696 22.08808439 0, -100.93442824 22.08808744 0, -100.93442963 22.08809044 0, -100.93443113 22.0880934 0, -100.93443274 22.08809631 0, -100.93443445 22.08809917 0, -100.93443627 22.08810197 0, -100.9344382 22.08810471 0, -100.93444022 22.08810738 0, -100.93444234 22.08810999 0, -100.93444456 22.08811253 0, -100.93444687 22.088115 0, -100.93444927 22.08811739 0, -100.93445175 22.0881197 0, -100.93445432 22.08812193 0, -100.93445697 22.08812408 0, -100.93423212 22.08817813 0, -100.93422932 22.08816739 0, -100.93422613 22.08815675 0, -100.93422255 22.08814622 0, -100.9342186 22.0881358 0, -100.93421426 22.08812551 0, -100.93420955 22.08811537 0, -100.93420448 22.08810539 0, -100.93419904 22.08809557 0, -100.93419325 22.08808592 0, -100.93418711 22.08807647 0, -100.93418064 22.08806721 0, -100.93417382 22.08805817 0, -100.93416668 22.08804935 0, -100.93415923 22.08804076 0, -100.93446861 22.08796638 0, -100.93446957 22.08797031 0)))",0,0,0,#FFFFFF,2460360,410.06,,,comercial,,MX,24,28,78398,Aguaje 2000,,,,,,,,,,,
capa,Gran Peñón Residencial,MANZANA 2-B,GPR / MANZANA 2-B,disponible,0,,,,,,"SRID=4326;MULTIPOLYGON Z (((-100.93767171 22.09059633 0, -100.93717769 22.09049245 0, -100.93704973 22.09040072 0, -100.93690732 22.09029863 0, -100.93689617 22.09029056 0, -100.93685842 22.09026198 0, -100.93682171 22.09023225 0, -100.93678609 22.09020138 0, -100.9367516 22.09016943 0, -100.93672498 22.09014323 0, -100.93669912 22.09011639 0, -100.93667404 22.09008891 0, -100.93662188 22.09003021 0, -100.93649504 22.08988746 0, -100.93644118 22.08982685 0, -100.93636243 22.08975176 0, -100.93619403 22.08959119 0, -100.9361919 22.08958874 0, -100.93618986 22.08958623 0, -100.9361879 22.08958365 0, -100.93618605 22.08958102 0, -100.93618428 22.08957832 0, -100.93618262 22.08957558 0, -100.93618105 22.08957278 0, -100.93617958 22.08956994 0, -100.93617822 22.08956705 0, -100.93617696 22.08956412 0, -100.9361758 22.08956116 0, -100.93617476 22.08955816 0, -100.93614597 22.08946925 0, -100.93614491 22.08946575 0, -100.93614397 22.08946222 0, -100.93614316 22.08945866 0, -100.93614248 22.08945508 0, -100.93614193 22.08945148 0, -100.9361415 22.08944787 0, -100.93614121 22.08944424 0, -100.93614105 22.08944061 0, -100.93614102 22.08943697 0, -100.93614112 22.08943334 0, -100.93614135 22.08942971 0, -100.93614171 22.08942609 0, -100.93614216 22.08942282 0, -100.9361427 22.08941956 0, -100.93614336 22.08941632 0, -100.93614411 22.0894131 0, -100.93614498 22.0894099 0, -100.93614644 22.08940443 0, -100.9361477 22.08939892 0, -100.93614875 22.08939337 0, -100.9361496 22.08938779 0, -100.93615024 22.08938219 0, -100.93615067 22.08937656 0, -100.93615089 22.08937093 0, -100.9361509 22.0893653 0, -100.9361507 22.08935966 0, -100.93615029 22.08935404 0, -100.93614967 22.08934843 0, -100.93614885 22.08934285 0, -100.93614781 22.0893373 0, -100.93614657 22.08933178 0, -100.93614513 22.08932631 0, -100.93614349 22.08932089 0, -100.93610205 22.08919289 0, -100.93610081 22.0891888 0, -100.93609972 22.08918467 0, -100.93609879 22.08918052 0, -100.93609801 22.08917633 0, -100.93609739 22.08917212 0, -100.93609693 22.08916789 0, -100.93609663 22.08916365 0, -100.93609648 22.08915941 0, -100.9360965 22.08915516 0, -100.93609667 22.08915092 0, -100.936097 22.08914668 0, -100.93609749 22.08914245 0, -100.93609814 22.08913825 0, -100.93609895 22.08913407 0, -100.93609991 22.08912991 0, -100.93610102 22.0891258 0, -100.93610229 22.08912172 0, -100.93610371 22.08911768 0, -100.93610528 22.08911369 0, -100.936107 22.08910976 0, -100.93610887 22.08910588 0, -100.93611087 22.08910206 0, -100.93611302 22.08909832 0, -100.93611531 22.08909464 0, -100.93611774 22.08909105 0, -100.93612029 22.08908753 0, -100.93612298 22.0890841 0, -100.9361258 22.08908076 0, -100.93612873 22.08907751 0, -100.93613179 22.08907436 0, -100.93613496 22.08907131 0, -100.93613825 22.08906836 0, -100.93614164 22.08906552 0, -100.93614514 22.0890628 0, -100.93614874 22.08906019 0, -100.93615243 22.0890577 0, -100.93615621 22.08905533 0, -100.93616008 22.08905308 0, -100.93616403 22.08905097 0, -100.93616806 22.08904898 0, -100.93617216 22.08904712 0, -100.93617633 22.0890454 0, -100.93618056 22.08904381 0, -100.93618484 22.08904236 0, -100.93618918 22.08904105 0, -100.93619356 22.08903989 0, -100.93619799 22.08903886 0, -100.93620245 22.08903799 0, -100.93620694 22.08903725 0, -100.93621145 22.08903666 0, -100.93621598 22.08903622 0, -100.93622053 22.08903593 0, -100.93622509 22.08903579 0, -100.93622965 22.08903579 0, -100.9362342 22.08903594 0, -100.93623875 22.08903624 0, -100.93624328 22.08903669 0, -100.9362478 22.08903728 0, -100.93625228 22.08903802 0, -100.93625674 22.0890389 0, -100.93626117 22.08903993 0, -100.93626555 22.0890411 0, -100.93626988 22.08904242 0, -100.93627417 22.08904387 0, -100.93641414 22.08909396 0, -100.93645696 22.08910928 0, -100.93649559 22.0891225 0, -100.93653463 22.08913466 0, -100.93657403 22.08914573 0, -100.93661377 22.08915571 0, -100.9366538 22.0891646 0, -100.93666073 22.08916593 0, -100.93666771 22.08916704 0, -100.93667473 22.08916794 0, -100.93668177 22.08916861 0, -100.93668883 22.08916907 0, -100.9366959 22.08916931 0, -100.93670298 22.08916934 0, -100.93671006 22.08916914 0, -100.93671712 22.08916872 0, -100.93672417 22.08916809 0, -100.93673119 22.08916724 0, -100.93673715 22.08916651 0, -100.93674314 22.08916599 0, -100.93674914 22.08916565 0, -100.93675515 22.08916551 0, -100.93676117 22.08916556 0, -100.93676717 22.0891658 0, -100.93677317 22.08916624 0, -100.93677915 22.08916687 0, -100.93683833 22.08917155 0, -100.93689156 22.08917406 0, -100.93694484 22.08917499 0, -100.93699812 22.08917432 0, -100.93705136 22.08917206 0, -100.93710449 22.08916821 0, -100.93715746 22.08916277 0, -100.93721022 22.08915575 0, -100.93722728 22.0891561 0, -100.93724433 22.08915694 0, -100.93726134 22.08915827 0, -100.9372783 22.08916009 0, -100.93729519 22.08916239 0, -100.93731199 22.08916518 0, -100.9373287 22.08916846 0, -100.93734118 22.08917124 0, -100.93735359 22.08917429 0, -100.93736859 22.08917733 0, -100.93738346 22.08918086 0, -100.9373982 22.08918488 0, -100.93741277 22.08918938 0, -100.93742716 22.08919435 0, -100.93744136 22.08919978 0, -100.93745534 22.08920568 0, -100.9374691 22.08921203 0, -100.9374826 22.08921882 0, -100.93749585 22.08922605 0, -100.93750881 22.08923371 0, -100.93752148 22.08924179 0, -100.93753383 22.08925028 0, -100.93760187 22.08929875 0, -100.93767067 22.08934776 0, -100.93796243 22.0895556 0, -100.93797383 22.08956402 0, -100.9379849 22.0895728 0, -100.93799564 22.08958194 0, -100.93800603 22.08959142 0, -100.93801606 22.08960124 0, -100.93802572 22.08961137 0, -100.93803499 22.08962182 0, -100.93804387 22.08963255 0, -100.93805233 22.08964357 0, -100.93806038 22.08965486 0, -100.938068 22.08966641 0, -100.93807519 22.08967819 0, -100.93808193 22.0896902 0, -100.93808821 22.08970242 0, -100.93809404 22.08971484 0, -100.93809939 22.08972744 0, -100.93810427 22.08974021 0, -100.93810867 22.08975313 0, -100.93811258 22.08976618 0, -100.938116 22.08977936 0, -100.93811893 22.08979263 0, -100.93812135 22.089806 0, -100.93812328 22.08981943 0, -100.9381247 22.08983292 0, -100.93812561 22.08984645 0, -100.93812602 22.08986 0, -100.93812592 22.08987355 0, -100.93812531 22.08988709 0, -100.9381242 22.08990061 0, -100.93812258 22.08991407 0, -100.93812045 22.08992748 0, -100.93811783 22.08994081 0, -100.93811471 22.08995405 0, -100.93811109 22.08996718 0, -100.93810698 22.08998018 0, -100.9381024 22.08999304 0, -100.93809733 22.09000575 0, -100.93809179 22.09001828 0, -100.93808578 22.09003062 0, -100.93807931 22.09004276 0, -100.9380724 22.09005469 0, -100.93806504 22.09006638 0, -100.93805725 22.09007782 0, -100.93804903 22.090089 0, -100.9380404 22.09009991 0, -100.93781111 22.09037944 0, -100.93780611 22.09038553 0, -100.93780133 22.09039179 0, -100.9377968 22.09039819 0, -100.9377925 22.09040474 0, -100.93778845 22.09041142 0, -100.93778466 22.09041823 0, -100.93778112 22.09042516 0, -100.93777784 22.0904322 0, -100.93777482 22.09043934 0, -100.93777208 22.09044658 0, -100.9377696 22.0904539 0, -100.9377674 22.09046129 0, -100.93776548 22.09046876 0, -100.93776389 22.0904755 0, -100.93776205 22.0904822 0, -100.93775996 22.09048882 0, -100.93775763 22.09049538 0, -100.93775504 22.09050185 0, -100.93775222 22.09050824 0, -100.93774916 22.09051453 0, -100.93774587 22.09052072 0, -100.93774234 22.0905268 0, -100.93773859 22.09053276 0, -100.93773462 22.09053859 0, -100.93773043 22.09054429 0, -100.93772603 22.09054984 0, -100.93772142 22.09055526 0, -100.93771662 22.09056052 0, -100.93771162 22.09056561 0, -100.93770643 22.09057055 0, -100.93770106 22.09057531 0, -100.93769551 22.09057989 0, -100.93768979 22.09058429 0, -100.93768392 22.0905885 0, -100.93767789 22.09059252 0, -100.93767171 22.09059633 0)))",0,0,0,#95A5A6,,,,,,,MX,24,28,78398,Aguaje 2000,,,,,,,,,,,
unidad,Gran Peñón Residencial,Lote 1,GPR / MANZANA 2-B / Lote 1,disponible,,0,1,,Terreno Residencial,Lotes de terreno Residenciales RESERVADO,"SRID=4326;MULTIPOLYGON Z (((-100.93785776 22.09001034 0, -100.93809616 22.08971969 0, -100.93810127 22.08973219 0, -100.93810591 22.08974485 0, -100.93811008 22.08975765 0, -100.93811378 22.08977058 0, -100.938117 22.08978362 0, -100.93811973 22.08979675 0, -100.93812198 22.08980997 0, -100.93812373 22.08982325 0, -100.938125 22.08983657 0, -100.93812577 22.08984993 0, -100.93812604 22.08986331 0, -100.93812582 22.08987669 0, -100.93812511 22.08989005 0, -100.9381239 22.08990338 0, -100.93812221 22.08991667 0, -100.93812002 22.08992989 0, -100.93811734 22.08994304 0, -100.93811418 22.08995609 0, -100.93811054 22.08996903 0, -100.93810642 22.08998185 0, -100.93810183 22.08999452 0, -100.93809678 22.09000705 0, -100.93809126 22.0900194 0, -100.9380853 22.09003157 0, -100.93807888 22.09004354 0, -100.93807203 22.09005529 0, -100.93806474 22.09006682 0, -100.93805704 22.09007811 0, -100.93804892 22.09008915 0, -100.9380404 22.09009991 0, -100.93801941 22.0901255 0, -100.93785776 22.09001034 0)))",0,0,0,#FFFFFF,,624.19,,,comercial,,MX,24,28,78398,Aguaje 2000,,,,,,,,,,,
unidad,Gran Peñón Residencial,Lote 10,GPR / MANZANA 2-B / Lote 10,disponible,,0,10,,Terreno Residencial,Lotes de terreno Residenciales,"SRID=4326;MULTIPOLYGON Z (((-100.93662188 22.09003021 0, -100.93687949 22.08971613 0, -100.93703345 22.08982581 0, -100.9367516 22.09016943 0, -100.93672498 22.09014323 0, -100.93669912 22.09011639 0, -100.93667404 22.09008891 0, -100.93662188 22.09003021 0)))",0,0,0,#FFFFFF,6438180,919.74,,,comercial,,MX,24,28,78398,Aguaje 2000,,,,,,,,,,,
unidad,Gran Peñón Residencial,Lote 11,GPR / MANZANA 2-B / Lote 11,disponible,,0,11,,Terreno Residencial,Lotes de terreno Residenciales,"SRID=4326;MULTIPOLYGON Z (((-100.9367516 22.09016943 0, -100.93703345 22.08982581 0, -100.9371874 22.08993549 0, -100.93689617 22.09029056 0, -100.93685842 22.09026198 0, -100.93682171 22.09023225 0, -100.93678609 22.09020138 0, -100.9367516 22.09016943 0)))",0,0,0,#FFFFFF,6848800,978.4,,,comercial,,MX,24,28,78398,Aguaje 2000,,,,,,,,,,,
unidad,Gran Peñón Residencial,Lote 12,GPR / MANZANA 2-B / Lote 12,vendido,,0,12,,Terreno Residencial,Lotes de terreno Residenciales VENDDO,"SRID=4326;MULTIPOLYGON Z (((-100.93689617 22.09029056 0, -100.9371874 22.08993549 0, -100.93734136 22.09004517 0, -100.93704973 22.09040072 0, -100.93690732 22.09029863 0, -100.93689617 22.09029056 0)))",0,0,0,#FFFFFF,,990.61,,,comercial,,MX,24,28,78398,Aguaje 2000,,,,,,,,,,,
unidad,Gran Peñón Residencial,Lote 13,GPR / MANZANA 2-B / Lote 13,vendido,,0,13,,Terreno Residencial,Lotes de terreno Residenciales VENDIDO,"SRID=4326;MULTIPOLYGON Z (((-100.93704973 22.09040072 0, -100.93734136 22.09004517 0, -100.93749532 22.09015485 0, -100.93721242 22.09049975 0, -100.93717769 22.09049245 0, -100.93704973 22.09040072 0)))",0,0,0,#FFFFFF,,989.24,,,comercial,,MX,24,28,78398,Aguaje 2000,,,,,,,,,,,
unidad,Gran Peñón Residencial,Lote 14,GPR / MANZANA 2-B / Lote 14,disponible,,0,14,,Terreno Residencial,Lotes de terreno Residenciales,"SRID=4326;MULTIPOLYGON Z (((-100.93724363 22.09050631 0, -100.93747387 22.0902256 0, -100.93777462 22.09043986 0, -100.93777194 22.09044697 0, -100.93776952 22.09045416 0, -100.93776737 22.09046143 0, -100.93776548 22.09046876 0, -100.93776389 22.0904755 0, -100.93776205 22.0904822 0, -100.93775996 22.09048882 0, -100.93775763 22.09049538 0, -100.93775504 22.09050185 0, -100.93775222 22.09050824 0, -100.93774916 22.09051453 0, -100.93774587 22.09052072 0, -100.93774234 22.0905268 0, -100.93773859 22.09053276 0, -100.93773462 22.09053859 0, -100.93773043 22.09054429 0, -100.93772603 22.09054984 0, -100.93772142 22.09055526 0, -100.93771662 22.09056052 0, -100.93771162 22.09056561 0, -100.93770643 22.09057055 0, -100.93770106 22.09057531 0, -100.93769551 22.09057989 0, -100.93768979 22.09058429 0, -100.93768392 22.0905885 0, -100.93767789 22.09059252 0, -100.93767171 22.09059633 0, -100.93764137 22.09058995 0, -100.93724363 22.09050631 0)))",0,0,0,#FFFFFF,8602090,1228.87,,,comercial,,MX,24,28,78398,Aguaje 2000,,,,,,,,,,,
unidad,Gran Peñón Residencial,Lote 15,GPR / MANZANA 2-B / Lote 15,disponible,,0,15,,Terreno Residencial,Lotes de terreno Residenciales,"SRID=4326;MULTIPOLYGON Z (((-100.93777462 22.09043986 0, -100.93747387 22.0902256 0, -100.93753607 22.09014978 0, -100.93751297 22.09013332 0, -100.93756846 22.09006567 0, -100.93788406 22.0902905 0, -100.93781111 22.09037944 0, -100.93780607 22.09038558 0, -100.93780126 22.09039189 0, -100.93779669 22.09039835 0, -100.93779237 22.09040495 0, -100.9377883 22.09041169 0, -100.93778449 22.09041856 0, -100.93778093 22.09042555 0, -100.93777764 22.09043265 0, -100.93777462 22.09043986 0)))",0,0,0,#FFFFFF,5535320,790.76,,,comercial,,MX,24,28,78398,Aguaje 2000,,,,,,,,,,,
unidad,Gran Peñón Residencial,Lote 16,GPR / MANZANA 2-B / Lote 16,disponible,,0,16,,Terreno Residencial,Lotes de terreno Residenciales reservado,"SRID=4326;MULTIPOLYGON Z (((-100.93788406 22.0902905 0, -100.93756846 22.09006567 0, -100.93768615 22.08992219 0, -100.93800176 22.09014702 0, -100.93788406 22.0902905 0)))",0,0,0,#FFFFFF,,819.97,,,comercial,,MX,24,28,78398,Aguaje 2000,,,,,,,,,,,
unidad,Gran Peñón Residencial,Lote 2,GPR / MANZANA 2-B / Lote 2,disponible,,0,2,,Terreno Residencial,Lotes de terreno Residenciales RESERVAADO,"SRID=4326;MULTIPOLYGON Z (((-100.93768615 22.08992219 0, -100.93797755 22.08956691 0, -100.93798856 22.08957585 0, -100.93799922 22.08958514 0, -100.93800953 22.08959477 0, -100.93801947 22.08960473 0, -100.93802903 22.08961502 0, -100.9380382 22.0896256 0, -100.93804696 22.08963649 0, -100.93805531 22.08964765 0, -100.93806323 22.08965907 0, -100.93807072 22.08967075 0, -100.93807777 22.08968267 0, -100.93808436 22.0896948 0, -100.93809049 22.08970715 0, -100.93809616 22.08971969 0, -100.93784011 22.09003187 0, -100.93768615 22.08992219 0)))",0,0,0,#FFFFFF,,948.34,,,comercial,,MX,24,28,78398,Aguaje 2000,,,,,,,,,,,
unidad,Gran Peñón Residencial,Lote 3,GPR / MANZANA 2-B / Lote 3,vendido,,0,3,,Terreno Residencial,Lotes de terreno Residenciales VENDIDO,"SRID=4326;MULTIPOLYGON Z (((-100.93720506 22.08991397 0, -100.93767067 22.08934776 0, -100.93796243 22.0895556 0, -100.93797006 22.08956117 0, -100.93797755 22.08956691 0, -100.93751297 22.09013332 0, -100.93720506 22.08991397 0)))",0,0,0,#FFFFFF,,3156.07,,,comercial,,MX,24,28,78398,Aguaje 2000,,,,,,,,,,,
unidad,Gran Peñón Residencial,Lote 4,GPR / MANZANA 2-B / Lote 4,vendido,,0,4,,Terreno Residencial,Lotes de terreno Residenciales VENDIDO,"SRID=4326;MULTIPOLYGON Z (((-100.93689714 22.08969461 0, -100.93732864 22.08916845 0, -100.9373287 22.08916846 0, -100.93734118 22.08917124 0, -100.93735359 22.08917429 0, -100.93736859 22.08917733 0, -100.93738346 22.08918086 0, -100.9373982 22.08918488 0, -100.93741277 22.08918938 0, -100.93742716 22.08919435 0, -100.93744136 22.08919978 0, -100.93745534 22.08920568 0, -100.9374691 22.08921203 0, -100.9374826 22.08921882 0, -100.93749585 22.08922605 0, -100.93750881 22.08923371 0, -100.93752148 22.08924179 0, -100.93753383 22.08925028 0, -100.93760187 22.08929875 0, -100.93767067 22.08934776 0, -100.93720506 22.08991397 0, -100.93689714 22.08969461 0)))",0,0,0,#FFFFFF,,3121.66,,,comercial,,MX,24,28,78398,Aguaje 2000,,,,,,,,,,,
unidad,Gran Peñón Residencial,Lote 5,GPR / MANZANA 2-B / Lote 5,vendido,,0,5,,Terreno Residencial,Lotes de terreno Residenciales VENDIDO,"SRID=4326;MULTIPOLYGON Z (((-100.93658923 22.08947525 0, -100.93683833 22.08917155 0, -100.93689156 22.08917406 0, -100.93694484 22.08917499 0, -100.93699812 22.08917432 0, -100.93705136 22.08917206 0, -100.93710449 22.08916821 0, -100.93715746 22.08916277 0, -100.93721022 22.08915575 0, -100.93722728 22.0891561 0, -100.93724431 22.08915694 0, -100.93726132 22.08915827 0, -100.93727827 22.08916008 0, -100.93729515 22.08916239 0, -100.93731194 22.08916518 0, -100.93732864 22.08916845 0, -100.93689714 22.08969461 0, -100.93658923 22.08947525 0)))",0,0,0,#FFFFFF,,2326.04,,,comercial,,MX,24,28,78398,Aguaje 2000,,,,,,,,,,,
unidad,Gran Peñón Residencial,Lote 6,GPR / MANZANA 2-B / Lote 6,vendido,,0,6,,Terreno Residencial,Lotes de terreno Residenciales VENDIDO,"SRID=4326;MULTIPOLYGON Z (((-100.93614171 22.08942609 0, -100.93641414 22.08909396 0, -100.93645696 22.08910928 0, -100.93649559 22.0891225 0, -100.93653463 22.08913466 0, -100.93657403 22.08914573 0, -100.93661377 22.08915571 0, -100.9366538 22.0891646 0, -100.93666073 22.08916593 0, -100.93666771 22.08916704 0, -100.93667473 22.08916794 0, -100.93668177 22.08916861 0, -100.93668883 22.08916907 0, -100.9366959 22.08916931 0, -100.93670298 22.08916934 0, -100.93671006 22.08916914 0, -100.93671712 22.08916872 0, -100.93672417 22.08916809 0, -100.93673119 22.08916724 0, -100.93673715 22.08916651 0, -100.93674314 22.08916599 0, -100.93674914 22.08916565 0, -100.93675515 22.08916551 0, -100.93676117 22.08916556 0, -100.93676717 22.0891658 0, -100.93677317 22.08916624 0, -100.93677915 22.08916687 0, -100.93683833 22.08917155 0, -100.93636243 22.08975176 0, -100.93619403 22.08959119 0, -100.9361919 22.08958874 0, -100.93618986 22.08958623 0, -100.9361879 22.08958365 0, -100.93618605 22.08958102 0, -100.93618428 22.08957832 0, -100.93618262 22.08957558 0, -100.93618105 22.08957278 0, -100.93617958 22.08956994 0, -100.93617822 22.08956705 0, -100.93617696 22.08956412 0, -100.9361758 22.08956116 0, -100.93617476 22.08955816 0, -100.93614597 22.08946925 0, -100.93614491 22.08946575 0, -100.93614397 22.08946222 0, -100.93614316 22.08945866 0, -100.93614248 22.08945508 0, -100.93614193 22.08945148 0, -100.9361415 22.08944787 0, -100.93614121 22.08944424 0, -100.93614105 22.08944061 0, -100.93614102 22.08943697 0, -100.93614112 22.08943334 0, -100.93614135 22.08942971 0, -100.93614171 22.08942609 0)))",0,0,0,#FFFFFF,,2594.9,,,comercial,,MX,24,28,78398,Aguaje 2000,,,,,,,,,,,
unidad,Gran Peñón Residencial,Lote 7,GPR / MANZANA 2-B / Lote 7,vendido,,0,7,,Terreno Residencial,Lotes de terreno Residenciales VENDIDO,"SRID=4326;MULTIPOLYGON Z (((-100.93610205 22.08919289 0, -100.93610081 22.0891888 0, -100.93609972 22.08918467 0, -100.93609879 22.08918052 0, -100.93609801 22.08917633 0, -100.93609739 22.08917212 0, -100.93609693 22.08916789 0, -100.93609663 22.08916365 0, -100.93609648 22.08915941 0, -100.9360965 22.08915516 0, -100.93609667 22.08915092 0, -100.936097 22.08914668 0, -100.93609749 22.08914245 0, -100.93609814 22.08913825 0, -100.93609895 22.08913407 0, -100.93609991 22.08912991 0, -100.93610102 22.0891258 0, -100.93610229 22.08912172 0, -100.93610371 22.08911768 0, -100.93610528 22.08911369 0, -100.936107 22.08910976 0, -100.93610887 22.08910588 0, -100.93611087 22.08910206 0, -100.93611302 22.08909832 0, -100.93611531 22.08909464 0, -100.93611774 22.08909105 0, -100.93612029 22.08908753 0, -100.93612298 22.0890841 0, -100.9361258 22.08908076 0, -100.93612873 22.08907751 0, -100.93613179 22.08907436 0, -100.93613496 22.08907131 0, -100.93613825 22.08906836 0, -100.93614164 22.08906552 0, -100.93614514 22.0890628 0, -100.93614874 22.08906019 0, -100.93615243 22.0890577 0, -100.93615621 22.08905533 0, -100.93616008 22.08905308 0, -100.93616403 22.08905097 0, -100.93616806 22.08904898 0, -100.93617216 22.08904712 0, -100.93617633 22.0890454 0, -100.93618056 22.08904381 0, -100.93618484 22.08904236 0, -100.93618918 22.08904105 0, -100.93619356 22.08903989 0, -100.93619799 22.08903886 0, -100.93620245 22.08903799 0, -100.93620694 22.08903725 0, -100.93621145 22.08903666 0, -100.93621598 22.08903622 0, -100.93622053 22.08903593 0, -100.93622509 22.08903579 0, -100.93622965 22.08903579 0, -100.9362342 22.08903594 0, -100.93623875 22.08903624 0, -100.93624328 22.08903669 0, -100.9362478 22.08903728 0, -100.93625228 22.08903802 0, -100.93625674 22.0890389 0, -100.93626117 22.08903993 0, -100.93626555 22.0890411 0, -100.93626988 22.08904242 0, -100.93627417 22.08904387 0, -100.93641414 22.08909396 0, -100.93614171 22.08942609 0, -100.93614216 22.08942282 0, -100.9361427 22.08941956 0, -100.93614336 22.08941632 0, -100.93614411 22.0894131 0, -100.93614498 22.0894099 0, -100.93614644 22.08940443 0, -100.9361477 22.08939892 0, -100.93614875 22.08939337 0, -100.9361496 22.08938779 0, -100.93615024 22.08938219 0, -100.93615067 22.08937656 0, -100.93615089 22.08937093 0, -100.9361509 22.0893653 0, -100.9361507 22.08935966 0, -100.93615029 22.08935404 0, -100.93614967 22.08934843 0, -100.93614885 22.08934285 0, -100.93614781 22.0893373 0, -100.93614657 22.08933178 0, -100.93614513 22.08932631 0, -100.93614349 22.08932089 0, -100.93610205 22.08919289 0)))",0,0,0,#FFFFFF,,705.54,,,comercial,,MX,24,28,78398,Aguaje 2000,,,,,,,,,,,
unidad,Gran Peñón Residencial,Lote 8,GPR / MANZANA 2-B / Lote 8,vendido,,0,8,,Terreno Residencial,Lotes de terreno Residenciales VENDIDO,"SRID=4326;MULTIPOLYGON Z (((-100.93636243 22.08975176 0, -100.93657157 22.08949677 0, -100.93672553 22.08960645 0, -100.93649504 22.08988746 0, -100.93644118 22.08982685 0, -100.93636243 22.08975176 0)))",0,0,0,#FFFFFF,,742.96,,,comercial,,MX,24,28,78398,Aguaje 2000,,,,,,,,,,,
unidad,Gran Peñón Residencial,Lote 9,GPR / MANZANA 2-B / Lote 9,vendido,,0,9,,Terreno Residencial,Lotes de terreno Residenciales VENDIDO,"SRID=4326;MULTIPOLYGON Z (((-100.93649504 22.08988746 0, -100.93672553 22.08960645 0, -100.93687949 22.08971613 0, -100.93662188 22.09003021 0, -100.93649504 22.08988746 0)))",0,0,0,#FFFFFF,,829.5,,,comercial,,MX,24,28,78398,Aguaje 2000,,,,,,,,,,,
capa,Gran Peñón Residencial,MANZANA 2-A,GPR / MANZANA 2-A,disponible,0,,,,,,"SRID=4326;MULTIPOLYGON Z (((-100.93954699 22.09068442 0, -100.93954699 22.09068442 0, -100.93956891 22.09069465 0, -100.9395905 22.09070547 0, -100.93961175 22.09071686 0, -100.93963264 22.09072881 0, -100.93965316 22.09074132 0, -100.93993502 22.09095993 0, -100.93993629 22.09096124 0, -100.9399375 22.0909626 0, -100.93993867 22.09096399 0, -100.93993979 22.09096542 0, -100.93994085 22.09096689 0, -100.93994186 22.09096838 0, -100.93994282 22.09096991 0, -100.93994372 22.09097146 0, -100.93994456 22.09097305 0, -100.93994535 22.09097465 0, -100.93994608 22.09097628 0, -100.93994675 22.09097794 0, -100.93994736 22.09097961 0, -100.93994791 22.0909813 0, -100.9399484 22.09098301 0, -100.93994883 22.09098473 0, -100.9399492 22.09098647 0, -100.9399495 22.09098821 0, -100.93994975 22.09098996 0, -100.93994992 22.09099172 0, -100.93995015 22.09099352 0, -100.9399503 22.09099532 0, -100.93995039 22.09099713 0, -100.93995042 22.09099894 0, -100.93995037 22.09100075 0, -100.93995026 22.09100256 0, -100.93995008 22.09100436 0, -100.93994984 22.09100615 0, -100.93994952 22.09100794 0, -100.93994915 22.09100971 0, -100.9399487 22.09101148 0, -100.9399482 22.09101322 0, -100.93994762 22.09101495 0, -100.93994699 22.09101666 0, -100.93994629 22.09101835 0, -100.93994552 22.09102001 0, -100.9399447 22.09102165 0, -100.93994382 22.09102326 0, -100.93994287 22.09102485 0, -100.93994187 22.0910264 0, -100.93994082 22.09102791 0, -100.9399397 22.0910294 0, -100.93993853 22.09103084 0, -100.93993731 22.09103225 0, -100.93993604 22.09103362 0, -100.93993472 22.09103494 0, -100.93993335 22.09103622 0, -100.93993193 22.09103746 0, -100.93993047 22.09103865 0, -100.93992896 22.09103979 0, -100.93992742 22.09104089 0, -100.93992583 22.09104193 0, -100.93992421 22.09104292 0, -100.93992255 22.09104386 0, -100.93992085 22.09104474 0, -100.93991913 22.09104557 0, -100.93991737 22.09104635 0, -100.93991559 22.09104706 0, -100.93991378 22.09104772 0, -100.93991195 22.09104832 0, -100.93991009 22.09104886 0, -100.93990822 22.09104934 0, -100.93990633 22.09104976 0, -100.93990443 22.09105012 0, -100.93988231 22.0910536 0, -100.93986009 22.09105649 0, -100.93807435 22.090681 0, -100.93796938 22.09065893 0, -100.937968 22.09065063 0, -100.93796692 22.0906423 0, -100.93796615 22.09063394 0, -100.93796568 22.09062555 0, -100.93796551 22.09061716 0, -100.93796565 22.09060877 0, -100.93796609 22.09060039 0, -100.93796684 22.09059202 0, -100.93796789 22.09058369 0, -100.93796924 22.09057539 0, -100.93797089 22.09056714 0, -100.93797284 22.09055894 0, -100.93797509 22.09055081 0, -100.93797762 22.09054276 0, -100.93798045 22.09053479 0, -100.93798357 22.09052692 0, -100.93798697 22.09051915 0, -100.93799065 22.09051149 0, -100.93799461 22.09050395 0, -100.93799884 22.09049654 0, -100.93800333 22.09048926 0, -100.93800809 22.09048213 0, -100.9380131 22.09047516 0, -100.93821748 22.09022601 0, -100.93822651 22.09021539 0, -100.93823593 22.09020507 0, -100.93824574 22.09019506 0, -100.93825591 22.09018538 0, -100.93826644 22.09017603 0, -100.93827732 22.09016703 0, -100.93828852 22.09015839 0, -100.93830004 22.09015012 0, -100.93831187 22.09014223 0, -100.93832398 22.09013473 0, -100.93833637 22.09012763 0, -100.93834901 22.09012093 0, -100.9383619 22.09011465 0, -100.93837501 22.0901088 0, -100.93838834 22.09010337 0, -100.93840186 22.09009838 0, -100.93841556 22.09009383 0, -100.93842942 22.09008973 0, -100.93844342 22.09008609 0, -100.93845756 22.0900829 0, -100.9384718 22.09008018 0, -100.93848614 22.09007791 0, -100.93850056 22.09007612 0, -100.93851503 22.0900748 0, -100.93852954 22.09007394 0, -100.93854408 22.09007357 0, -100.93855862 22.09007366 0, -100.93857315 22.09007423 0, -100.93858765 22.09007526 0, -100.9386021 22.09007677 0, -100.93861649 22.09007875 0, -100.93863079 22.0900812 0, -100.938645 22.09008411 0, -100.93865908 22.09008748 0, -100.93867303 22.0900913 0, -100.93868683 22.09009558 0, -100.93870046 22.0901003 0, -100.93871391 22.09010546 0, -100.93872715 22.09011106 0, -100.93874018 22.09011709 0, -100.93875297 22.09012353 0, -100.93876551 22.09013039 0, -100.93877779 22.09013765 0, -100.93878979 22.0901453 0, -100.9388015 22.09015335 0, -100.93954699 22.09068442 0)))",0,0,0,#95A5A6,,,,,,,MX,24,28,78398,Aguaje 2000,,,,,,,,,,,
unidad,Gran Peñón Residencial,Lote 1,GPR / MANZANA 2-A / Lote 1,vendido,,0,1,,Terreno Residencial,Lotes de terreno Residenciales VENDIDO,"SRID=4326;MULTIPOLYGON Z (((-100.9394509 22.09097045 0, -100.93954699 22.09068442 0, -100.93956891 22.09069465 0, -100.9395905 22.09070547 0, -100.93961175 22.09071686 0, -100.93963264 22.09072881 0, -100.93965316 22.09074132 0, -100.93993502 22.09095993 0, -100.93993629 22.09096124 0, -100.9399375 22.0909626 0, -100.93993867 22.09096399 0, -100.93993979 22.09096542 0, -100.93994085 22.09096689 0, -100.93994186 22.09096838 0, -100.93994282 22.09096991 0, -100.93994372 22.09097146 0, -100.93994456 22.09097305 0, -100.93994535 22.09097465 0, -100.93994608 22.09097628 0, -100.93994675 22.09097794 0, -100.93994736 22.09097961 0, -100.93994791 22.0909813 0, -100.9399484 22.09098301 0, -100.93994883 22.09098473 0, -100.9399492 22.09098647 0, -100.9399495 22.09098821 0, -100.93994975 22.09098996 0, -100.93994992 22.09099172 0, -100.93995015 22.09099352 0, -100.9399503 22.09099532 0, -100.93995039 22.09099713 0, -100.93995042 22.09099894 0, -100.93995037 22.09100075 0, -100.93995026 22.09100256 0, -100.93995008 22.09100436 0, -100.93994984 22.09100615 0, -100.93994952 22.09100794 0, -100.93994915 22.09100971 0, -100.9399487 22.09101148 0, -100.9399482 22.09101322 0, -100.93994762 22.09101495 0, -100.93994699 22.09101666 0, -100.93994629 22.09101835 0, -100.93994552 22.09102001 0, -100.9399447 22.09102165 0, -100.93994382 22.09102326 0, -100.93994287 22.09102485 0, -100.93994187 22.0910264 0, -100.93994082 22.09102791 0, -100.9399397 22.0910294 0, -100.93993853 22.09103084 0, -100.93993731 22.09103225 0, -100.93993604 22.09103362 0, -100.93993472 22.09103494 0, -100.93993335 22.09103622 0, -100.93993193 22.09103746 0, -100.93993047 22.09103865 0, -100.93992896 22.09103979 0, -100.93992742 22.09104089 0, -100.93992583 22.09104193 0, -100.93992421 22.09104292 0, -100.93992255 22.09104386 0, -100.93992085 22.09104474 0, -100.93991913 22.09104557 0, -100.93991737 22.09104635 0, -100.93991559 22.09104706 0, -100.93991378 22.09104772 0, -100.93991195 22.09104832 0, -100.93991009 22.09104886 0, -100.93990822 22.09104934 0, -100.93990633 22.09104976 0, -100.93990443 22.09105012 0, -100.93988231 22.0910536 0, -100.93986009 22.09105649 0, -100.9394509 22.09097045 0)))",0,0,0,#FFFFFF,,900,,,comercial,,MX,24,28,78398,Aguaje 2000,,,,,,,,,,,
unidad,Gran Peñón Residencial,Lote 2,GPR / MANZANA 2-A / Lote 2,vendido,,0,2,,Terreno Residencial,Lotes de terreno Residenciales VENDIDO,"SRID=4326;MULTIPOLYGON Z (((-100.93917092 22.09091158 0, -100.93938286 22.09056749 0, -100.93954699 22.09068442 0, -100.9394509 22.09097045 0, -100.93917092 22.09091158 0)))",0,0,0,#FFFFFF,,954.35,,,comercial,,MX,24,28,78398,Aguaje 2000,,,,,,,,,,,
unidad,Gran Peñón Residencial,Lote 3,GPR / MANZANA 2-A / Lote 3,vendido,,0,3,,Terreno Residencial,Lotes de terreno Residenciales VENDIDO,"SRID=4326;MULTIPOLYGON Z (((-100.93887672 22.09084972 0, -100.9392095 22.09044399 0, -100.93938286 22.09056749 0, -100.93917092 22.09091158 0, -100.93887672 22.09084972 0)))",0,0,0,#FFFFFF,,1290.24,,,comercial,,MX,24,28,78398,Aguaje 2000,,,,,,,,,,,
unidad,Gran Peñón Residencial,Lote 4,GPR / MANZANA 2-A / Lote 4,vendido,,0,4,,Terreno Residencial,Lotes de terreno Residenciales VENDIDO,"SRID=4326;MULTIPOLYGON Z (((-100.93866868 22.09080597 0, -100.93905554 22.09033432 0, -100.9392095 22.09044399 0, -100.93887672 22.09084972 0, -100.93866868 22.09080597 0)))",0,0,0,#FFFFFF,,1222.98,,,comercial,,MX,24,28,78398,Aguaje 2000,,,,,,,,,,,
unidad,Gran Peñón Residencial,Lote 5,GPR / MANZANA 2-A / Lote 5,vendido,,0,5,,Terreno Residencial,Lotes de terreno Residenciales VENDIDO,"SRID=4326;MULTIPOLYGON Z (((-100.93846064 22.09076223 0, -100.93890158 22.09022464 0, -100.93905554 22.09033432 0, -100.93866868 22.09080597 0, -100.93846064 22.09076223 0)))",0,0,0,#FFFFFF,,1406.79,,,comercial,,MX,24,28,78398,Aguaje 2000,,,,,,,,,,,
unidad,Gran Peñón Residencial,Lote 6,GPR / MANZANA 2-A / Lote 6,vendido,,0,6,,Terreno Residencial,Lotes de terreno Residenciales VENDIDO,"SRID=4326;MULTIPOLYGON Z (((-100.93864855 22.09053313 0, -100.93841159 22.09036432 0, -100.93864106 22.09008325 0, -100.93865435 22.09008629 0, -100.93866753 22.09008973 0, -100.93868057 22.09009358 0, -100.93869348 22.09009782 0, -100.93870622 22.09010245 0, -100.9387188 22.09010747 0, -100.9387312 22.09011288 0, -100.93874111 22.09011754 0, -100.93875371 22.09012392 0, -100.93876605 22.0901307 0, -100.93877815 22.09013787 0, -100.93878997 22.09014542 0, -100.9388015 22.09015335 0, -100.93890158 22.09022464 0, -100.93864855 22.09053313 0)))",0,0,0,#FFFFFF,,1302.97,,,comercial,,MX,24,28,78398,Aguaje 2000,,,,,,,,,,,
unidad,Gran Peñón Residencial,Lote 7,GPR / MANZANA 2-A / Lote 7,vendido,,0,7,,Terreno Residencial,Lotes de terreno Residenciales VENDIDO,"SRID=4326;MULTIPOLYGON Z (((-100.93819912 22.0902484 0, -100.93821748 22.09022601 0, -100.93822589 22.0902161 0, -100.93823465 22.09020644 0, -100.93824373 22.09019705 0, -100.93825314 22.09018795 0, -100.93826287 22.09017913 0, -100.93827289 22.09017062 0, -100.93828321 22.09016241 0, -100.93829381 22.09015452 0, -100.93830468 22.09014696 0, -100.93831581 22.09013973 0, -100.93832718 22.09013284 0, -100.93833708 22.09012724 0, -100.93834954 22.09012067 0, -100.93836224 22.0901145 0, -100.93837516 22.09010874 0, -100.93838828 22.09010339 0, -100.93840159 22.09009847 0, -100.93841508 22.09009398 0, -100.93842872 22.09008993 0, -100.93844251 22.09008631 0, -100.93845642 22.09008314 0, -100.93847044 22.09008042 0, -100.93848455 22.09007814 0, -100.93849874 22.09007632 0, -100.93851299 22.09007496 0, -100.93852727 22.09007405 0, -100.93854159 22.0900736 0, -100.93855591 22.09007361 0, -100.93857022 22.09007407 0, -100.93858451 22.090075 0, -100.93859875 22.09007638 0, -100.93861294 22.09007822 0, -100.93862705 22.09008051 0, -100.93864106 22.09008325 0, -100.93841159 22.09036432 0, -100.93839363 22.09038632 0, -100.93819912 22.0902484 0)))",0,0,0,#FFFFFF,,786.18,,,comercial,,MX,24,28,78398,Aguaje 2000,,,,,,,,,,,
unidad,Gran Peñón Residencial,Lote 8,GPR / MANZANA 2-A / Lote 8,disponible,,0,8,,Terreno Residencial,Lotes de terreno Residenciales RESERVA,"SRID=4326;MULTIPOLYGON Z (((-100.93849012 22.09068168 0, -100.93808212 22.09039103 0, -100.93819912 22.0902484 0, -100.93860781 22.0905382 0, -100.93849012 22.09068168 0)))",0,0,0,#FFFFFF,,1056.9,,,comercial,,MX,24,28,78398,Aguaje 2000,,,,,,,,,,,
unidad,Gran Peñón Residencial,Lote 9,GPR / MANZANA 2-A / Lote 9,disponible,,0,9,,Terreno Residencial,Lotes de terreno Residenciales RESERVA,"SRID=4326;MULTIPOLYGON Z (((-100.93796938 22.09065893 0, -100.937968 22.09065063 0, -100.93796692 22.0906423 0, -100.93796615 22.09063394 0, -100.93796568 22.09062555 0, -100.93796551 22.09061716 0, -100.93796565 22.09060877 0, -100.93796609 22.09060039 0, -100.93796684 22.09059202 0, -100.93796789 22.09058369 0, -100.93796924 22.09057539 0, -100.93797089 22.09056714 0, -100.93797284 22.09055894 0, -100.93797509 22.09055081 0, -100.93797762 22.09054276 0, -100.93798045 22.09053479 0, -100.93798357 22.09052692 0, -100.93798697 22.09051915 0, -100.93799065 22.09051149 0, -100.93799461 22.09050395 0, -100.93799884 22.09049654 0, -100.93800333 22.09048926 0, -100.93800809 22.09048213 0, -100.9380131 22.09047516 0, -100.93808212 22.09039103 0, -100.93849012 22.09068168 0, -100.93842944 22.09075567 0, -100.93807435 22.090681 0, -100.93796938 22.09065893 0)))",0,0,0,#FFFFFF,,1120.15,,,comercial,,MX,24,28,78398,Aguaje 2000,,,,,,,,,,,
capa,Gran Peñón Residencial,Plateros,GPR / Plateros,disponible,0,,,,,,"{""coordinates"":[[[-100.91568527311594,22.083094396758888],[-100.91572174036583,22.083049845483636],[-100.91575739090489,22.083004723681967],[-100.91579221446008,22.0829590443572],[-100.91582620099676,22.082912820673315],[-100.91585934072144,22.082866065951176],[-100.9158916240848,22.082818793664636],[-100.9159230417842,22.082771017436723],[-100.91595358476665,22.082722751035625],[-100.91598324423114,22.08267400837082],[-100.91601201163141,22.082624803488997],[-100.91603987867818,22.082575150570023],[-100.91606683734173,22.082525063922887],[-100.91608211402861,22.082499455827165],[-100.91609784935666,22.082474090111184],[-100.91611403889982,22.082448973909525],[-100.91613067810418,22.0824241142866],[-100.91614776228944,22.08239951823462],[-100.91616528665013,22.082375192671687],[-100.91618324625689,22.08235114443981],[-100.91620163605809,22.082327380302974],[-100.916220450881,22.082303906945288],[-100.91623968543345,22.082280730969035],[-100.91625933430508,22.082257858892856],[-100.91627939196914,22.08223529714994],[-100.91629985278387,22.08221305208615],[-100.91632071099406,22.082191129958286],[-100.91634196073282,22.082169536932327],[-100.91636359602312,22.082148279081675],[-100.91638561077943,22.08212736238544],[-100.91640799880958,22.082106792726773],[-100.91643075381643,22.082086575891257],[-100.9164538693995,22.082066717565183],[-100.9164773390571,22.08204722333402],[-100.91650115618778,22.08202809868083],[-100.91652531409242,22.082009348984716],[-100.91654980597613,22.081990979519336],[-100.91657462495,22.081972995451363],[-100.9165955115312,22.081961020602414],[-100.91661661599775,22.08194938232403],[-100.91663793210658,22.081938084058994],[-100.916659453552,22.081927129149495],[-100.91668117396752,22.08191652083617],[-100.91670308692791,22.081906262257124],[-100.91672518595084,22.081896356446993],[-100.91674746449905,22.08188680633608],[-100.91676991598216,22.081877614749423],[-100.91679253375858,22.081868784406048],[-100.91681234948112,22.081861339043456],[-100.91683228286765,22.081854171707683],[-100.91685232942777,22.081847284013335],[-100.91687248464548,22.081840677512],[-100.91689274398036,22.081834353691963],[-100.9169131028685,22.08182831397778],[-100.91692004311042,22.081826519534022],[-100.91692701552137,22.081824836899084],[-100.91693401802779,22.081823266573362],[-100.91694104854733,22.081821809023833],[-100.91694810498919,22.081820464683954],[-100.91695518525488,22.081819233953514],[-100.91696228723886,22.081818117198498],[-100.91696940882913,22.08181711475102],[-100.91697654790784,22.081816226909186],[-100.91698370235193,22.08181545393703],[-100.9169908700338,22.08181479606441],[-100.91699804882191,22.081814253486964],[-100.91700523658136,22.08181382636607],[-100.91701243117464,22.081813514828713],[-100.91701963046224,22.08181331896756],[-100.91702683230316,22.081813238840834],[-100.91703403455573,22.08181327447239],[-100.91704123507809,22.081813425851603],[-100.91704843172894,22.081813692933476],[-100.91705562236811,22.081814075638565],[-100.9170628048572,22.08181457385307],[-100.91706990209977,22.081815180414413],[-100.91707698720367,22.0818158997597],[-100.9170840581058,22.081816731679453],[-100.91709111274712,22.081817675931454],[-100.91709814907334,22.081818732240706],[-100.91710516503557,22.081819900299628],[-100.91711215859073,22.081821179768088],[-100.91711912770238,22.08182257027351],[-100.91712607034114,22.081824071410978],[-100.91713298448532,22.081825682743375],[-100.9171398681216,22.08182740380148],[-100.91714671924544,22.081829234084132],[-100.91715353586186,22.081831173058365],[-100.91716031598592,22.081833220159552],[-100.91716705764323,22.08183537479158],[-100.91795603710855,22.0823056153254],[-100.91822129211269,22.082493660779736],[-100.91848950346359,22.082678028057167],[-100.91876061245289,22.082858676796537],[-100.91870572476647,22.08294295304783],[-100.91865233772775,22.083028062546894],[-100.91860046589808,22.08311398208465],[-100.91855012342563,22.083200688231088],[-100.91850132404167,22.083288157341627],[-100.91845408105671,22.08337636556359],[-100.91840840735686,22.083465288842696],[-100.91836431540044,22.083554902929603],[-100.91832181721445,22.08364518338657],[-100.9182809243913,22.083736105594042],[-100.91824164808577,22.08382764475743],[-100.91820399901175,22.083919775913863],[-100.9181679874396,22.08401247393893],[-100.91813362319297,22.084105713553654],[-100.91810091564656,22.084199469331246],[-100.91806987372318,22.084293715704135],[-100.91804050589154,22.084388426970893],[-100.9180128201638,22.084483577303292],[-100.91734694206377,22.084180128855238],[-100.91727561902503,22.084146982802068],[-100.9172048578376,22.08411280677458],[-100.91713467562397,22.084077609042566],[-100.91706508936643,22.084041398123066],[-100.91699611590306,22.084004182778276],[-100.91692777192364,22.08396597201343],[-100.91685989271343,22.08361700193723],[-100.916820276371,22.083669850480856],[-100.91677988101881,22.083722184300726],[-100.91673871435421,22.08377399342345],[-100.91669678422153,22.0838252679756],[-100.91651501068816,22.083704572756748],[-100.91646375982744,22.083668121590552],[-100.91641300515911,22.083631072282515],[-100.91568527311594,22.083094396758888]]],""type"":""Polygon""}",0,0,0,#95A5A6,,,,,,,MX,24,28,78398,Aguaje 2000,,,,,,,,,,,
unidad,Gran Peñón Residencial,Lote 27,GPR / Plateros / Lote 27,disponible,,0,27,,Terreno Residencial,Lote de terreno Residencial,"{""coordinates"":[[[-100.91568527311594,22.083094396758888],[-100.91572174036583,22.083049845483636],[-100.91575739090489,22.083004723681967],[-100.91579221446008,22.0829590443572],[-100.91582620099676,22.082912820673315],[-100.91585934072144,22.082866065951176],[-100.9158916240848,22.082818793664636],[-100.9159230417842,22.082771017436723],[-100.91595358476665,22.082722751035625],[-100.91598324423114,22.08267400837082],[-100.91601201163141,22.082624803488997],[-100.91603987867818,22.082575150570023],[-100.91606683734173,22.082525063922887],[-100.91608211402861,22.082499455827165],[-100.91609784935666,22.082474090111184],[-100.91611403889982,22.082448973909525],[-100.91613067810418,22.0824241142866],[-100.91614776228944,22.08239951823462],[-100.91616528665013,22.082375192671687],[-100.91618324625689,22.08235114443981],[-100.91620163605809,22.082327380302974],[-100.916220450881,22.082303906945288],[-100.91623968543345,22.082280730969035],[-100.91625933430508,22.082257858892856],[-100.91627939196914,22.08223529714994],[-100.91629985278387,22.08221305208615],[-100.91632071099406,22.082191129958286],[-100.91634196073282,22.082169536932327],[-100.91636359602312,22.082148279081675],[-100.91638561077943,22.08212736238544],[-100.91640799880958,22.082106792726773],[-100.91643075381643,22.082086575891257],[-100.9164538693995,22.082066717565183],[-100.9164773390571,22.08204722333402],[-100.91650115618778,22.08202809868083],[-100.91652531409242,22.082009348984716],[-100.91654980597613,22.081990979519336],[-100.91657462495,22.081972995451363],[-100.9165955115312,22.081961020602414],[-100.91661661599775,22.08194938232403],[-100.91663793210658,22.081938084058994],[-100.916659453552,22.081927129149495],[-100.91668117396752,22.08191652083617],[-100.91670308692791,22.081906262257124],[-100.91672518595084,22.081896356446993],[-100.91674746449905,22.08188680633608],[-100.91676991598216,22.081877614749423],[-100.91679253375858,22.081868784406048],[-100.91681234948112,22.081861339043456],[-100.91683228286765,22.081854171707683],[-100.91685232942777,22.081847284013335],[-100.91687248464548,22.081840677512],[-100.91689274398036,22.081834353691963],[-100.9169131028685,22.08182831397778],[-100.91692004311042,22.081826519534022],[-100.91692701552137,22.081824836899084],[-100.91693401802779,22.081823266573362],[-100.91694104854733,22.081821809023833],[-100.91694810498919,22.081820464683954],[-100.91695518525488,22.081819233953514],[-100.91696228723886,22.081818117198498],[-100.91696940882913,22.08181711475102],[-100.91697654790784,22.081816226909186],[-100.91698370235193,22.08181545393703],[-100.9169908700338,22.08181479606441],[-100.91699804882191,22.081814253486964],[-100.91700523658136,22.08181382636607],[-100.91701243117464,22.081813514828713],[-100.91701963046224,22.08181331896756],[-100.91702683230316,22.081813238840834],[-100.91703403455573,22.08181327447239],[-100.91704123507809,22.081813425851603],[-100.91704843172894,22.081813692933476],[-100.91705562236811,22.081814075638565],[-100.9170628048572,22.08181457385307],[-100.91706990209977,22.081815180414413],[-100.91707698720367,22.0818158997597],[-100.9170840581058,22.081816731679453],[-100.91709111274712,22.081817675931454],[-100.91709814907334,22.081818732240706],[-100.91710516503557,22.081819900299628],[-100.91711215859073,22.081821179768088],[-100.91711912770238,22.08182257027351],[-100.91712607034114,22.081824071410978],[-100.91713298448532,22.081825682743375],[-100.9171398681216,22.08182740380148],[-100.91714671924544,22.081829234084132],[-100.91715353586186,22.081831173058365],[-100.91716031598592,22.081833220159552],[-100.91716705764323,22.08183537479158],[-100.91795603710855,22.0823056153254],[-100.91822129211269,22.082493660779736],[-100.91848950346359,22.082678028057167],[-100.91876061245289,22.082858676796537],[-100.91870572476647,22.08294295304783],[-100.91865233772775,22.083028062546894],[-100.91860046589808,22.08311398208465],[-100.91855012342563,22.083200688231088],[-100.91850132404167,22.083288157341627],[-100.91845408105671,22.08337636556359],[-100.91840840735686,22.083465288842696],[-100.91836431540044,22.083554902929603],[-100.91832181721445,22.08364518338657],[-100.9182809243913,22.083736105594042],[-100.91824164808577,22.08382764475743],[-100.91820399901175,22.083919775913863],[-100.9181679874396,22.08401247393893],[-100.91813362319297,22.084105713553654],[-100.91810091564656,22.084199469331246],[-100.91806987372318,22.084293715704135],[-100.91804050589154,22.084388426970893],[-100.9180128201638,22.084483577303292],[-100.91734694206377,22.084180128855238],[-100.91727561902503,22.084146982802068],[-100.9172048578376,22.08411280677458],[-100.91713467562397,22.084077609042566],[-100.91706508936643,22.084041398123066],[-100.91699611590306,22.084004182778276],[-100.91692777192364,22.08396597201343],[-100.91685989271343,22.08361700193723],[-100.916820276371,22.083669850480856],[-100.91677988101881,22.083722184300726],[-100.91673871435421,22.08377399342345],[-100.91669678422153,22.0838252679756],[-100.91651501068816,22.083704572756748],[-100.91646375982744,22.083668121590552],[-100.91641300515911,22.083631072282515],[-100.91568527311594,22.083094396758888]]],""type"":""Polygon""}",0,0,0,#FFFFFF,,160,,,comercial,,MX,24,28,78398,Aguaje 2000,,,,,,,,,,,
unidad,Gran Peñón Residencial,Lote 26,GPR / Plateros / Lote 26,disponible,,0,26,,Terreno Residencial,Lote de terreno Residencial,"{""coordinates"":[[[[-100.91737306667706,22.083622837801673],[-100.91738689332438,22.083693920021794],[-100.91719622167693,22.083726135952293],[-100.91718239511935,22.083655053709684],[-100.91737306667706,22.083622837801673]]]],""type"":""MultiPolygon""}",0,0,0,#FFFFFF,,160,,,comercial,,MX,24,28,78398,Aguaje 2000,,,,,,,,,,,
unidad,Gran Peñón Residencial,Lote 25,GPR / Plateros / Lote 25,disponible,,0,25,,Terreno Residencial,Lote de terreno Residencial,"{""coordinates"":[[[[-100.91735924004647,22.08355175557879],[-100.91737306667706,22.083622837801673],[-100.91718239511935,22.083655053709684],[-100.91716856857843,22.083583971464318],[-100.91735924004647,22.08355175557879]]]],""type"":""MultiPolygon""}",0,0,0,#FFFFFF,,160,,,comercial,,MX,24,28,78398,Aguaje 2000,,,,,,,,,,,
unidad,Gran Peñón Residencial,Lote 24,GPR / Plateros / Lote 24,disponible,,0,24,,Terreno Residencial,Lote de terreno Residencial,"{""coordinates"":[[[[-100.91734541343254,22.083480673353172],[-100.91735924004647,22.08355175557879],[-100.91716856857843,22.083583971464318],[-100.91715474205425,22.083512889216205],[-100.91734541343254,22.083480673353172]]]],""type"":""MultiPolygon""}",0,0,0,#FFFFFF,,160,,,comercial,,MX,24,28,78398,Aguaje 2000,,,,,,,,,,,
unidad,Gran Peñón Residencial,Lote 23,GPR / Plateros / Lote 23,disponible,,0,23,,Terreno Residencial,Lote de terreno Residencial,"{""coordinates"":[[[[-100.91733158683532,22.08340959112479],[-100.91734541343254,22.083480673353172],[-100.91715474205425,22.083512889216205],[-100.91714091554675,22.083441806965354],[-100.91733158683532,22.08340959112479]]]],""type"":""MultiPolygon""}",0,0,0,#FFFFFF,,160,,,comercial,,MX,24,28,78398,Aguaje 2000,,,,,,,,,,,
unidad,Gran Peñón Residencial,Lote 22,GPR / Plateros / Lote 22,disponible,,0,22,,Terreno Residencial,Lote de terreno Residencial,"{""coordinates"":[[[[-100.91731776025478,22.083338508893686],[-100.91733158683532,22.08340959112479],[-100.91714091554675,22.083441806965354],[-100.91712708905592,22.083370724711745],[-100.91731776025478,22.083338508893686]]]],""type"":""MultiPolygon""}",0,0,0,#FFFFFF,,160,,,comercial,,MX,24,28,78398,Aguaje 2000,,,,,,,,,,,
unidad,Gran Peñón Residencial,Lote 21,GPR / Plateros / Lote 21,disponible,,0,21,,Terreno Residencial,Lote de terreno Residencial,"{""coordinates"":[[[[-100.91730393369092,22.083267426659845],[-100.91731776025478,22.083338508893686],[-100.91712708905592,22.083370724711745],[-100.91711326258181,22.083299642455408],[-100.91730393369092,22.083267426659845]]]],""type"":""MultiPolygon""}",0,0,0,#FFFFFF,,160,,,comercial,,MX,24,28,78398,Aguaje 2000,,,,,,,,,,,
unidad,Gran Peñón Residencial,Lote 20,GPR / Plateros / Lote 20,disponible,,0,20,,Terreno Residencial,Lote de terreno Residencial,"{""coordinates"":[[[[-100.91729010714376,22.083196344423225],[-100.91730393369092,22.083267426659845],[-100.91711326258181,22.083299642455408],[-100.91709943612435,22.083228560196307],[-100.91729010714376,22.083196344423225]]]],""type"":""MultiPolygon""}",0,0,0,#FFFFFF,,160,,,comercial,,MX,24,28,78398,Aguaje 2000,,,,,,,,,,,
unidad,Gran Peñón Residencial,Lote 19,GPR / Plateros / Lote 19,disponible,,0,19,,Terreno Residencial,Lote de terreno Residencial,"{""coordinates"":[[[[-100.9172762806133,22.08312526218388],[-100.91729010714376,22.083196344423225],[-100.91709943612435,22.083228560196307],[-100.91709839884406,22.083223227501698],[-100.91709829646352,22.08322245632751],[-100.9170982083219,22.083221683627013],[-100.91709813444525,22.083220909628555],[-100.91709807485542,22.08322013456086],[-100.91709802957001,22.083219358652993],[-100.91709799860243,22.083218582134243],[-100.91709798196177,22.083217805234096],[-100.91709797965302,22.083217028182144],[-100.91709799167681,22.083216251208015],[-100.91709801802956,22.083215474541333],[-100.9170980587036,22.083214698411613],[-100.91709811368679,22.083213923048223],[-100.91709818296293,22.083213148680304],[-100.91709826651154,22.083212375536704],[-100.91709836430798,22.083211603845893],[-100.91709847632323,22.083210833835917],[-100.91709860252428,22.083210065734352],[-100.91709874287382,22.083209299768182],[-100.91709889733036,22.08320853616376],[-100.91709906584826,22.08320777514676],[-100.91709924837774,22.083207016942076],[-100.9170994448648,22.08320626177377],[-100.91709965525142,22.08320550986502],[-100.91709987947543,22.083204761438022],[-100.91710011747051,22.083204016713967],[-100.91710036916639,22.083203275912926],[-100.91710063448869,22.083202539253836],[-100.91710091335895,22.08320180695438],[-100.9171012056948,22.08320107923098],[-100.91710151140981,22.08320035629869],[-100.91710183041369,22.083199638371163],[-100.9171021626121,22.08319892566055],[-100.9171025079069,22.08319821837749],[-100.91710286619607,22.083197516730984],[-100.91713896487855,22.08313489462536],[-100.91717403060285,22.083071764761783],[-100.91720805515037,22.08300814193921],[-100.91724103054652,22.08294404107211],[-100.9172486276024,22.082983097696957],[-100.9172624540995,22.08305417994179],[-100.9172762806133,22.08312526218388]]]],""type"":""MultiPolygon""}",0,0,0,#FFFFFF,,299.13,,,comercial,,MX,24,28,78398,Aguaje 2000,,,,,,,,,,,
unidad,Gran Peñón Residencial,Lote 18,GPR / Plateros / Lote 18,disponible,,0,18,,Terreno Residencial,Lote de terreno Residencial,"{""coordinates"":[[[[-100.91742478035057,22.08287624543837],[-100.91726101894672,22.082903914752897],[-100.9172910612667,22.08284164066968],[-100.91732011774917,22.082778961576672],[-100.91734818211171,22.08271589102898],[-100.91734834417045,22.082715528211963],[-100.91734851298126,22.082715168079186],[-100.91734868849295,22.082714810739795],[-100.91734887065238,22.082714456302067],[-100.9173490594043,22.08271410487342],[-100.91734925469153,22.082713756560366],[-100.91734945645489,22.082713411468454],[-100.9173496646332,22.082713069702258],[-100.91734987916341,22.08271273136537],[-100.91735009998051,22.082712396560314],[-100.91735032701756,22.082712065388545],[-100.91735056020575,22.082711737950444],[-100.91735079947442,22.08271141434523],[-100.91735104475106,22.08271109467098],[-100.91735129596134,22.082710779024563],[-100.91735155302914,22.082710467501634],[-100.91735181587653,22.082710160196616],[-100.91735208442387,22.082709857202634],[-100.91735235858978,22.08270955861151],[-100.91735263829115,22.08270926451373],[-100.91735292344325,22.082708974998432],[-100.91735321395961,22.082708690153336],[-100.91735350975223,22.082708410064782],[-100.91735381073148,22.082708134817636],[-100.91735411680612,22.08270786449533],[-100.91735442788342,22.082707599179788],[-100.91735474386903,22.082707338951387],[-100.9173550646673,22.082707083889016],[-100.91735539018094,22.08270683406996],[-100.91735572031132,22.082706589569945],[-100.9173560549584,22.08270635046304],[-100.91735639402074,22.08270611682173],[-100.91735673739564,22.082705888716813],[-100.91735708497896,22.08270566621741],[-100.91735743666541,22.082705449390968],[-100.91735779234843,22.08270523830318],[-100.91735815192018,22.08270503301802],[-100.91735851527172,22.082704833597706],[-100.91735888229292,22.08270464010268],[-100.91735925287259,22.08270445259156],[-100.91735962689839,22.082704271121187],[-100.91736000425698,22.082704095746553],[-100.91736038483398,22.082703926520807],[-100.91736076851409,22.08270376349523],[-100.917361155181,22.082703606719228],[-100.91736154471755,22.082703456240317],[-100.91736193700571,22.082703312104098],[-100.91736233192655,22.082703174354254],[-100.9173627293604,22.082703043032517],[-100.91736312918684,22.082702918178704],[-100.91736353128468,22.082702799830653],[-100.91736393553207,22.082702688024202],[-100.9173643418065,22.08270258279326],[-100.91736474998486,22.08270248416971],[-100.91736515994343,22.08270239218345],[-100.91736557155797,22.082702306862338],[-100.91736598470375,22.08270222823224],[-100.9173663992556,22.08270215631699],[-100.9173668150878,22.082702091138376],[-100.9173672320744,22.08270203271615],[-100.91736765008902,22.082701981068023],[-100.91736806900497,22.082701936209638],[-100.9173684886953,22.0827018981546],[-100.9173689090328,22.082701866914434],[-100.91736932989009,22.082701842498604],[-100.9173697511397,22.082701824914526],[-100.91737017265388,22.08270181416751],[-100.9173705943049,22.08270181026083],[-100.91737101596502,22.08270181319566],[-100.91737143750642,22.082701822971103],[-100.91737185880137,22.082701839584214],[-100.91737227972219,22.082701863029946],[-100.9173727001413,22.0827018933012],[-100.91737311993133,22.082701930388794],[-100.91737353896504,22.08270197428149],[-100.91737395711539,22.082702024965997],[-100.91737437425574,22.08270208242695],[-100.91737479025963,22.082702146646938],[-100.91737520500101,22.082702217606474],[-100.91737561835416,22.082702295284093],[-100.91737603019385,22.08270237965622],[-100.91737644039522,22.082702470697306],[-100.91737684883402,22.08270256837976],[-100.91737725538644,22.082702672673978],[-100.91737765992926,22.082702783548342],[-100.9173780623399,22.082702900969263],[-100.91737846249642,22.08270302490115],[-100.91737886027751,22.082703155306447],[-100.91737925556265,22.08270329214563],[-100.91737964823204,22.08270343537724],[-100.9173800381667,22.082703584957862],[-100.91738042524842,22.08270374084217],[-100.91738080935991,22.08270390298292],[-100.91738119038479,22.082704071330966],[-100.91738156820755,22.082704245835302],[-100.91738194271372,22.082704426443037],[-100.91738231378982,22.082704613099445],[-100.91738268132329,22.08270480574795],[-100.91738304520288,22.082705004330183],[-100.91738340531825,22.08270520878594],[-100.91738376156027,22.082705419053276],[-100.91738411382097,22.08270563506847],[-100.91738446199363,22.082705856766047],[-100.91738480597273,22.08270608407884],[-100.91738514565398,22.08270631693794],[-100.91738548093448,22.082706555272786],[-100.91738581171263,22.08270679901115],[-100.91738613788816,22.08270704807917],[-100.9173864593622,22.08270730240136],[-100.91738677603738,22.08270756190065],[-100.9173870878177,22.082707826498396],[-100.9173873946087,22.082708096114413],[-100.91738769631736,22.08270837066699],[-100.91738799285227,22.082708650072917],[-100.91738828412356,22.082708934247538],[-100.917388570043,22.082709223104715],[-100.91738885052388,22.082709516556907],[-100.91738912548122,22.0827098145152],[-100.91738939483173,22.082710116889285],[-100.91738965849373,22.082710423587528],[-100.91738991638735,22.08271073451698],[-100.9173901684344,22.082711049583416],[-100.91739041455851,22.082711368691356],[-100.91739065468515,22.082711691744098],[-100.91739088874145,22.082712018643722],[-100.91739111665653,22.082712349291175],[-100.91739133836134,22.08271268358625],[-100.91739155378866,22.082713021427637],[-100.9173917628732,22.082713362712948],[-100.91739196555162,22.082713707338762],[-100.91739216176249,22.082714055200633],[-100.91739235144631,22.082714406193148],[-100.91739253454563,22.082714760209928],[-100.917392711005,22.082715117143692],[-100.91739288077086,22.08271547688627],[-100.91739304379185,22.08271583932864],[-100.91739320001847,22.082716204360963],[-100.91739334940347,22.08271657187261],[-100.9173934919015,22.082716941752214],[-100.91739362746941,22.082717313887684],[-100.91739375606615,22.082717688166227],[-100.91739387765267,22.082718064474427],[-100.91739399219219,22.082718442698244],[-100.91739409964997,22.082718822723056],[-100.91739419999345,22.08271920443368],[-100.91739429319219,22.082719587714458],[-100.917394379218,22.082719972449226],[-100.91739445804478,22.082720358521396],[-100.91742478035057,22.08287624543837]]]],""type"":""MultiPolygon""}",0,0,0,#FFFFFF,,207.12,,,comercial,,MX,24,28,78398,Aguaje 2000,,,,,,,,,,,
unidad,Gran Peñón Residencial,Lote 17,GPR / Plateros / Lote 17,disponible,,0,17,,Terreno Residencial,Lote de terreno Residencial,"{""coordinates"":[[[[-100.91743929824875,22.08295088177479],[-100.9172486276024,22.082983097696957],[-100.91724103054652,22.08294404107211],[-100.91726101894672,22.082903914752897],[-100.91742478035057,22.08287624543837],[-100.91743929824875,22.08295088177479]]]],""type"":""MultiPolygon""}",0,0,0,#FFFFFF,,162.32,,,comercial,,MX,24,28,78398,Aguaje 2000,,,,,,,,,,,
unidad,Gran Peñón Residencial,Lote 16,GPR / Plateros / Lote 16,disponible,,0,16,,Terreno Residencial,Lote de terreno Residencial,"{""coordinates"":[[[[-100.91745312483553,22.083021963997144],[-100.9172624540995,22.08305417994179],[-100.9172486276024,22.082983097696957],[-100.91743929824875,22.08295088177479],[-100.91745312483553,22.083021963997144]]]],""type"":""MultiPolygon""}",0,0,0,#FFFFFF,,160,,,comercial,,MX,24,28,78398,Aguaje 2000,,,,,,,,,,,
unidad,Gran Peñón Residencial,Lote 15,GPR / Plateros / Lote 15,disponible,,0,15,,Terreno Residencial,Lote de terreno Residencial,"{""coordinates"":[[[[-100.91746695143904,22.08309304621675],[-100.9172762806133,22.08312526218388],[-100.9172624540995,22.08305417994179],[-100.91745312483553,22.083021963997144],[-100.91746695143904,22.08309304621675]]]],""type"":""MultiPolygon""}",0,0,0,#FFFFFF,,160,,,comercial,,MX,24,28,78398,Aguaje 2000,,,,,,,,,,,
unidad,Gran Peñón Residencial,Lote 14,GPR / Plateros / Lote 14,disponible,,0,14,,Terreno Residencial,Lote de terreno Residencial,"{""coordinates"":[[[[-100.91748077805923,22.083164128433598],[-100.91729010714376,22.083196344423225],[-100.9172762806133,22.08312526218388],[-100.91746695143904,22.08309304621675],[-100.91748077805923,22.083164128433598]]]],""type"":""MultiPolygon""}",0,0,0,#FFFFFF,,160,,,comercial,,MX,24,28,78398,Aguaje 2000,,,,,,,,,,,
unidad,Gran Peñón Residencial,Lote 13,GPR / Plateros / Lote 13,disponible,,0,13,,Terreno Residencial,Lote de terreno Residencial,"{""coordinates"":[[[[-100.91749460469609,22.08323521064773],[-100.91730393369092,22.083267426659845],[-100.91729010714376,22.083196344423225],[-100.91748077805923,22.083164128433598],[-100.91749460469609,22.08323521064773]]]],""type"":""MultiPolygon""}",0,0,0,#FFFFFF,,160,,,comercial,,MX,24,28,78398,Aguaje 2000,,,,,,,,,,,
unidad,Gran Peñón Residencial,Lote 12,GPR / Plateros / Lote 12,disponible,,0,12,,Terreno Residencial,Lote de terreno Residencial,"{""coordinates"":[[[[-100.91750843134963,22.083306292859096],[-100.91731776025478,22.083338508893686],[-100.91730393369092,22.083267426659845],[-100.91749460469609,22.08323521064773],[-100.91750843134963,22.083306292859096]]]],""type"":""MultiPolygon""}",0,0,0,#FFFFFF,,160,,,comercial,,MX,24,28,78398,Aguaje 2000,,,,,,,,,,,
unidad,Gran Peñón Residencial,Lote 11,GPR / Plateros / Lote 11,disponible,,0,11,,Terreno Residencial,Lote de terreno Residencial,"{""coordinates"":[[[[-100.9175222580199,22.083377375067723],[-100.91733158683532,22.08340959112479],[-100.91731776025478,22.083338508893686],[-100.91750843134963,22.083306292859096],[-100.9175222580199,22.083377375067723]]]],""type"":""MultiPolygon""}",0,0,0,#FFFFFF,,160,,,comercial,,MX,24,28,78398,Aguaje 2000,,,,,,,,,,,
unidad,Gran Peñón Residencial,Lote 10,GPR / Plateros / Lote 10,disponible,,0,10,,Terreno Residencial,Lote de terreno Residencial,"{""coordinates"":[[[[-100.91753608470684,22.083448457273605],[-100.91734541343254,22.083480673353172],[-100.91733158683532,22.08340959112479],[-100.9175222580199,22.083377375067723],[-100.91753608470684,22.083448457273605]]]],""type"":""MultiPolygon""}",0,0,0,#FFFFFF,,160,,,comercial,,MX,24,28,78398,Aguaje 2000,,,,,,,,,,,
unidad,Gran Peñón Residencial,Lote 9,GPR / Plateros / Lote 9,disponible,,0,9,,Terreno Residencial,Lote de terreno Residencial,"{""coordinates"":[[[[-100.91754991141049,22.08351953947674],[-100.91735924004647,22.08355175557879],[-100.91734541343254,22.083480673353172],[-100.91753608470684,22.083448457273605],[-100.91754991141049,22.08351953947674]]]],""type"":""MultiPolygon""}",0,0,0,#FFFFFF,,160,,,comercial,,MX,24,28,78398,Aguaje 2000,,,,,,,,,,,
unidad,Gran Peñón Residencial,Lote 8,GPR / Plateros / Lote 8,disponible,,0,8,,Terreno Residencial,Lote de terreno Residencial,"{""coordinates"":[[[[-100.9175637381308,22.083590621677132],[-100.91737306667706,22.083622837801673],[-100.91735924004647,22.08355175557879],[-100.91754991141049,22.08351953947674],[-100.9175637381308,22.083590621677132]]]],""type"":""MultiPolygon""}",0,0,0,#FFFFFF,,160,,,comercial,,MX,24,28,78398,Aguaje 2000,,,,,,,,,,,
unidad,Gran Peñón Residencial,Lote 7,GPR / Plateros / Lote 7,disponible,,0,7,,Terreno Residencial,Lote de terreno Residencial,"{""coordinates"":[[[[-100.91757756486781,22.083661703874778],[-100.91738689332438,22.083693920021794],[-100.91737306667706,22.083622837801673],[-100.9175637381308,22.083590621677132],[-100.91757756486781,22.083661703874778]]]],""type"":""MultiPolygon""}",0,0,0,#FFFFFF,,160,,,comercial,,MX,24,28,78398,Aguaje 2000,,,,,,,,,,,
unidad,Gran Peñón Residencial,Lote 6,GPR / Plateros / Lote 6,disponible,,0,6,,Terreno Residencial,Lote de terreno Residencial,"{""coordinates"":[[[[-100.91759139162153,22.083732786069678],[-100.9174007199884,22.083765002239193],[-100.91738689332438,22.083693920021794],[-100.91757756486781,22.083661703874778],[-100.91759139162153,22.083732786069678]]]],""type"":""MultiPolygon""}",0,0,0,#FFFFFF,,160,,,comercial,,MX,24,28,78398,Aguaje 2000,,,,,,,,,,,
unidad,Gran Peñón Residencial,Lote 5,GPR / Plateros / Lote 5,disponible,,0,5,,Terreno Residencial,Lote de terreno Residencial,"{""coordinates"":[[[[-100.91760521839193,22.08380386826184],[-100.91741454666905,22.083836084453846],[-100.9174007199884,22.083765002239193],[-100.91759139162153,22.083732786069678],[-100.91760521839193,22.08380386826184]]]],""type"":""MultiPolygon""}",0,0,0,#FFFFFF,,160,,,comercial,,MX,24,28,78398,Aguaje 2000,,,,,,,,,,,
unidad,Gran Peñón Residencial,Lote 4,GPR / Plateros / Lote 4,disponible,,0,4,,Terreno Residencial,Lote de terreno Residencial,"{""coordinates"":[[[[-100.91761904517902,22.083874950451257],[-100.91742837336646,22.083907166665742],[-100.91741454666905,22.083836084453846],[-100.91760521839193,22.08380386826184],[-100.91761904517902,22.083874950451257]]]],""type"":""MultiPolygon""}",0,0,0,#FFFFFF,,160,,,comercial,,MX,24,28,78398,Aguaje 2000,,,,,,,,,,,
unidad,Gran Peñón Residencial,Lote 3,GPR / Plateros / Lote 3,disponible,,0,3,,Terreno Residencial,Lote de terreno Residencial,"{""coordinates"":[[[[-100.9176328719828,22.083946032637915],[-100.9174422000805,22.0839782488749],[-100.91742837336646,22.083907166665742],[-100.91761904517902,22.083874950451257],[-100.9176328719828,22.083946032637915]]]],""type"":""MultiPolygon""}",0,0,0,#FFFFFF,,160,,,comercial,,MX,24,28,78398,Aguaje 2000,,,,,,,,,,,
unidad,Gran Peñón Residencial,Lote 2,GPR / Plateros / Lote 2,disponible,,0,2,,Terreno Residencial,Lote de terreno Residencial,"{""coordinates"":[[[[-100.91764669880328,22.08401711482184],[-100.9174560268113,22.084049331081303],[-100.9174422000805,22.0839782488749],[-100.9176328719828,22.083946032637915],[-100.91764669880328,22.08401711482184]]]],""type"":""MultiPolygon""}",0,0,0,#FFFFFF,,160,,,comercial,,MX,24,28,78398,Aguaje 2000,,,,,,,,,,,
unidad,Gran Peñón Residencial,Lote 1,GPR / Plateros / Lote 1,disponible,,0,1,,Terreno Residencial,Lote de terreno Residencial,"{""coordinates"":[[[[-100.91764669880328,22.08401711482184],[-100.91766052564044,22.084088197003016],[-100.91746985355873,22.084120413284985],[-100.9174560268113,22.084049331081303],[-100.91764669880328,22.08401711482184]]]],""type"":""MultiPolygon""}",0,0,0,#FFFFFF,,160,,,comercial,,MX,24,28,78398,Aguaje 2000,,,,,,,,,,,
unidad,Gran Peñón Residencial,Lote 19,GPR / Plateros / Lote 19,disponible,,0,19,,Terreno Residencial,Lote de terreno Residencial,"{""coordinates"":[[[[-100.91811189728942,22.084167398587006],[-100.91809000201202,22.08423197694563],[-100.91794191974792,22.084189225621504],[-100.91796434499359,22.084123084372475],[-100.91811189728942,22.084167398587006]]]],""type"":""MultiPolygon""}",0,0,0,#FFFFFF,,121.45,,,comercial,,MX,24,28,78398,Aguaje 2000,,,,,,,,,,,
unidad,Gran Peñón Residencial,Lote 18,GPR / Plateros / Lote 18,disponible,,0,18,,Terreno Residencial,Lote de terreno Residencial,"{""coordinates"":[[[[-100.91811189728942,22.084167398587006],[-100.91796434499359,22.084123084372475],[-100.91798757385693,22.084057184477007],[-100.91813457719606,22.084103055878106],[-100.91811189728942,22.084167398587006]]]],""type"":""MultiPolygon""}",0,0,0,#FFFFFF,,121.45,,,comercial,,MX,24,28,78398,Aguaje 2000,,,,,,,,,,,
unidad,Gran Peñón Residencial,Lote 17,GPR / Plateros / Lote 17,disponible,,0,17,,Terreno Residencial,Lote de terreno Residencial,"{""coordinates"":[[[[-100.91813457719606,22.084103055878106],[-100.91798757385693,22.084057184477007],[-100.9180116033474,22.08399153441607],[-100.91815803881201,22.08403895709952],[-100.91813457719606,22.084103055878106]]]],""type"":""MultiPolygon""}",0,0,0,#FFFFFF,,121.45,,,comercial,,MX,24,28,78398,Aguaje 2000,,,,,,,,,,,
unidad,Gran Peñón Residencial,Lote 16,GPR / Plateros / Lote 16,disponible,,0,16,,Terreno Residencial,Lote de terreno Residencial,"{""coordinates"":[[[[-100.91815803881201,22.08403895709952],[-100.9180116033474,22.08399153441607],[-100.91803643037137,22.083926142638475],[-100.91818227911688,22.083975110500404],[-100.91815803881201,22.08403895709952]]]],""type"":""MultiPolygon""}",0,0,0,#FFFFFF,,121.45,,,comercial,,MX,24,28,78398,Aguaje 2000,,,,,,,,,,,
unidad,Gran Peñón Residencial,Lote 15,GPR / Plateros / Lote 15,disponible,,0,15,,Terreno Residencial,Lote de terreno Residencial,"{""coordinates"":[[[[-100.91818227911688,22.083975110500404],[-100.91803643037137,22.083926142638475],[-100.91806205173262,22.08386101755976],[-100.91820729498994,22.083911524297456],[-100.91818227911688,22.083975110500404]]]],""type"":""MultiPolygon""}",0,0,0,#FFFFFF,,121.45,,,comercial,,MX,24,28,78398,Aguaje 2000,,,,,,,,,,,
unidad,Gran Peñón Residencial,Lote 14,GPR / Plateros / Lote 14,disponible,,0,14,,Terreno Residencial,Lote de terreno Residencial,"{""coordinates"":[[[[-100.91820729498994,22.083911524297456],[-100.91806205173262,22.08386101755976],[-100.91808846413271,22.083796167561157],[-100.91823308321075,22.08384820667386],[-100.91820729498994,22.083911524297456]]]],""type"":""MultiPolygon""}",0,0,0,#FFFFFF,,121.45,,,comercial,,MX,24,28,78398,Aguaje 2000,,,,,,,,,,,
unidad,Gran Peñón Residencial,Lote 13,GPR / Plateros / Lote 13,disponible,,0,13,,Terreno Residencial,Lote de terreno Residencial,"{""coordinates"":[[[[-100.91823308321075,22.08384820667386],[-100.91808846413271,22.083796167561157],[-100.9181156641714,22.08373160098845],[-100.91825964045942,22.083785165778217],[-100.91823308321075,22.08384820667386]]]],""type"":""MultiPolygon""}",0,0,0,#FFFFFF,,121.45,,,comercial,,MX,24,28,78398,Aguaje 2000,,,,,,,,,,,
unidad,Gran Peñón Residencial,Lote 12,GPR / Plateros / Lote 12,disponible,,0,12,,Terreno Residencial,Lote de terreno Residencial,"{""coordinates"":[[[[-100.91825964045942,22.083785165778217],[-100.9181156641714,22.08373160098845],[-100.91814364834711,22.08366732615096],[-100.91828696331717,22.083722409723507],[-100.91825964045942,22.083785165778217]]]],""type"":""MultiPolygon""}",0,0,0,#FFFFFF,,121.45,,,comercial,,MX,24,28,78398,Aguaje 2000,,,,,,,,,,,
unidad,Gran Peñón Residencial,Lote 11,GPR / Plateros / Lote 11,disponible,,0,11,,Terreno Residencial,Lote de terreno Residencial,"{""coordinates"":[[[[-100.91828696331717,22.083722409723507],[-100.91814364834711,22.08366732615096],[-100.91817241305738,22.083603351320452],[-100.91831504826666,22.08365994658602],[-100.91828696331717,22.083722409723507]]]],""type"":""MultiPolygon""}",0,0,0,#FFFFFF,,121.45,,,comercial,,MX,24,28,78398,Aguaje 2000,,,,,,,,,,,
unidad,Gran Peñón Residencial,Lote 10,GPR / Plateros / Lote 10,disponible,,0,10,,Terreno Residencial,Lote de terreno Residencial,"{""coordinates"":[[[[-100.91831504826666,22.08365994658602],[-100.91817241305738,22.083603351320452],[-100.91820195459923,22.083539684730063],[-100.9183438916925,22.08359778440438],[-100.91831504826666,22.08365994658602]]]],""type"":""MultiPolygon""}",0,0,0,#FFFFFF,,121.45,,,comercial,,MX,24,28,78398,Aguaje 2000,,,,,,,,,,,
unidad,Gran Peñón Residencial,Lote 9,GPR / Plateros / Lote 9,disponible,,0,9,,Terreno Residencial,Lote de terreno Residencial,"{""coordinates"":[[[[-100.9183438916925,22.08359778440438],[-100.91820195459923,22.083539684730063],[-100.91823226916985,22.083476334573238],[-100.91837348988172,22.083535931178435],[-100.9183438916925,22.08359778440438]]]],""type"":""MultiPolygon""}",0,0,0,#FFFFFF,,121.45,,,comercial,,MX,24,28,78398,Aguaje 2000,,,,,,,,,,,
unidad,Gran Peñón Residencial,Lote 8,GPR / Plateros / Lote 8,disponible,,0,8,,Terreno Residencial,Lote de terreno Residencial,"{""coordinates"":[[[[-100.91837348988172,22.083535931178435],[-100.91823226916985,22.083476334573238],[-100.91826335286686,22.083413309002704],[-100.9184038390242,22.083474394868265],[-100.91837348988172,22.083535931178435]]]],""type"":""MultiPolygon""}",0,0,0,#FFFFFF,,121.45,,,comercial,,MX,24,28,78398,Aguaje 2000,,,,,,,,,,,
unidad,Gran Peñón Residencial,Lote 7,GPR / Plateros / Lote 7,disponible,,0,7,,Terreno Residencial,Lote de terreno Residencial,"{""coordinates"":[[[[-100.9184038390242,22.083474394868265],[-100.91826335286686,22.083413309002704],[-100.91829520168899,22.083350616129383],[-100.91843493521321,22.083413183393148],[-100.9184038390242,22.083474394868265]]]],""type"":""MultiPolygon""}",0,0,0,#FFFFFF,,121.45,,,comercial,,MX,24,28,78398,Aguaje 2000,,,,,,,,,,,
unidad,Gran Peñón Residencial,Lote 6,GPR / Plateros / Lote 6,disponible,,0,6,,Terreno Residencial,Lote de terreno Residencial,"{""coordinates"":[[[[-100.91843493521321,22.083413183393148],[-100.91829520168899,22.083350616129383],[-100.91832781153643,22.083288264021427],[-100.91846677444589,22.083352304630587],[-100.91843493521321,22.083413183393148]]]],""type"":""MultiPolygon""}",0,0,0,#FFFFFF,,121.45,,,comercial,,MX,24,28,78398,Aguaje 2000,,,,,,,,,,,
unidad,Gran Peñón Residencial,Lote 5,GPR / Plateros / Lote 5,disponible,,0,5,,Terreno Residencial,Lote de terreno Residencial,"{""coordinates"":[[[[-100.91846677444589,22.083352304630587],[-100.91832781153643,22.083288264021427],[-100.91836117821151,22.08322626070303],[-100.91849935262375,22.083291766415215],[-100.91846677444589,22.083352304630587]]]],""type"":""MultiPolygon""}",0,0,0,#FFFFFF,,121.45,,,comercial,,MX,24,28,78398,Aguaje 2000,,,,,,,,,,,
unidad,Gran Peñón Residencial,Lote 4,GPR / Plateros / Lote 4,disponible,,0,4,,Terreno Residencial,Lote de terreno Residencial,"{""coordinates"":[[[[-100.91849935262375,22.083291766415215],[-100.91836117821151,22.08322626070303],[-100.91839529741918,22.083164614153567],[-100.9185326655533,22.083231576537834],[-100.91849935262375,22.083291766415215]]]],""type"":""MultiPolygon""}",0,0,0,#FFFFFF,,121.45,,,comercial,,MX,24,28,78398,Aguaje 2000,,,,,,,,,,,
unidad,Gran Peñón Residencial,Lote 3,GPR / Plateros / Lote 3,disponible,,0,3,,Terreno Residencial,Lote de terreno Residencial,"{""coordinates"":[[[[-100.9185326655533,22.083231576537834],[-100.91839529741918,22.083164614153567],[-100.91843016476754,22.083103332306457],[-100.91856670894641,22.083171742744405],[-100.9185326655533,22.083231576537834]]]],""type"":""MultiPolygon""}",0,0,0,#FFFFFF,,121.45,,,comercial,,MX,24,28,78398,Aguaje 2000,,,,,,,,,,,
unidad,Gran Peñón Residencial,Lote 2,GPR / Plateros / Lote 2,disponible,,0,2,,Terreno Residencial,Lote de terreno Residencial,"{""coordinates"":[[[[-100.91856670894641,22.083171742744405],[-100.91843016476754,22.083103332306457],[-100.91846577576844,22.083042423048166],[-100.91860147842101,22.08311227273507],[-100.91856670894641,22.083171742744405]]]],""type"":""MultiPolygon""}",0,0,0,#FFFFFF,,121.45,,,comercial,,MX,24,28,78398,Aguaje 2000,,,,,,,,,,,
unidad,Gran Peñón Residencial,Lote 1,GPR / Plateros / Lote 1,disponible,,0,1,,Terreno Residencial,Lote de terreno Residencial,"{""coordinates"":[[[[-100.91860147842101,22.08311227273507],[-100.91846577576844,22.083042423048166],[-100.91851731509124,22.082957070214025],[-100.91864644444779,22.083037658774007],[-100.91860147842101,22.08311227273507]]]],""type"":""MultiPolygon""}",0,0,0,#FFFFFF,,162.59,,,comercial,,MX,24,28,78398,Aguaje 2000,,,,,,,,,,,
unidad,Gran Peñón Residencial,Lote 51,GPR / Plateros / Lote 51,disponible,,0,51,,Terreno Residencial,Lote de terreno Residencial,"{""coordinates"":[[[[-100.91863260595673,22.082889350985923],[-100.91874130604806,22.08288796418651],[-100.91870071317113,22.082950806886053],[-100.91866095178986,22.083014109675034],[-100.9185318619826,22.082933545798262],[-100.91860232486061,22.08291951333666],[-100.9186029828144,22.082919377095596],[-100.9186036381266,22.08291923021116],[-100.91860429059895,22.08291907272778],[-100.91860494003416,22.08291890469307],[-100.91860558623576,22.082918726157864],[-100.91860622900839,22.082918537176155],[-100.91860686815757,22.082918337805104],[-100.91860750349002,22.08291812810501],[-100.91860813481361,22.08291790813929],[-100.91860876193739,22.082917677974464],[-100.91860938467168,22.082917437680162],[-100.91861000282812,22.08291718732905],[-100.9186106162198,22.082916926996848],[-100.91861122466116,22.082916656762286],[-100.91861182796818,22.082916376707104],[-100.91861242595841,22.082916086915994],[-100.91861301845101,22.082915787476605],[-100.91861360526676,22.082915478479507],[-100.91861418622817,22.082915160018153],[-100.91861476115956,22.082914832188848],[-100.91861532988703,22.08291449509076],[-100.91861589223853,22.08291414882583],[-100.91861644804405,22.082913793498786],[-100.91861699713549,22.08291342921709],[-100.91861753934671,22.08291305609093],[-100.9186180745138,22.082912674233157],[-100.91861860247485,22.082912283759242],[-100.91861912307017,22.082911884787304],[-100.91861963614237,22.08291147743799],[-100.91862014153624,22.0829110618345],[-100.9186206390989,22.082910638102565],[-100.91862112867989,22.082910206370297],[-100.91862161013115,22.082909766768307],[-100.91862208330707,22.08290931942952],[-100.9186225480645,22.082908864489248],[-100.91862300426293,22.08290840208508],[-100.91862345176435,22.08290793235688],[-100.91862389043344,22.082907455446694],[-100.9186243201375,22.082906971498776],[-100.9186247407466,22.08290648065949],[-100.91862515213347,22.082905983077282],[-100.91862555417374,22.082905478902646],[-100.91862594674582,22.082904968288076],[-100.91862632973096,22.082904451387982],[-100.91862670301333,22.082903928358725],[-100.91862706648003,22.082903399358475],[-100.91862742002114,22.082902864547233],[-100.91862776352973,22.082902324086742],[-100.91862809690191,22.08290177814046],[-100.91862842003685,22.08290122687352],[-100.91862873283681,22.082900670452638],[-100.9186290352072,22.082900109046097],[-100.91862932705656,22.08289954282371],[-100.91862960829665,22.08289897195671],[-100.9186298788424,22.082898396617757],[-100.91863013861193,22.082897816980854],[-100.91863038752673,22.082897233221317],[-100.91863062551153,22.082896645515703],[-100.91863085249432,22.082896054041747],[-100.91863106840646,22.08289545897836],[-100.91863127318261,22.082894860505487],[-100.91863146676091,22.082894258804156],[-100.91863164908278,22.082893654056335],[-100.91863182009307,22.082893046444934],[-100.91863197974006,22.082892436153717],[-100.91863212797547,22.082891823367266],[-100.91863226475448,22.082891208270915],[-100.9186323900357,22.082890591050685],[-100.91863250378124,22.08288997189327],[-100.91863260595673,22.082889350985923]]]],""type"":""MultiPolygon""}",0,0,0,#FFFFFF,,144.22,,,comercial,,MX,24,28,78398,Aguaje 2000,,,,,,,,,,,
unidad,Gran Peñón Residencial,Lote 50,GPR / Plateros / Lote 50,disponible,,0,50,,Terreno Residencial,Lote de terreno Residencial,"{""coordinates"":[[[[-100.91855050315478,22.082855941661144],[-100.91861950068493,22.08276535459133],[-100.91876061245264,22.082858676796338],[-100.91874130604806,22.08288796418651],[-100.91863260595673,22.082889350985923],[-100.9186326962587,22.082888730519485],[-100.91863277500705,22.08288810868739],[-100.91863284217804,22.08288748567649],[-100.91863289775158,22.082886861673995],[-100.91863294171088,22.08288623686744],[-100.9186329740428,22.082885611444564],[-100.91863299473754,22.082884985593314],[-100.91863300378894,22.08288435950176],[-100.9186330011943,22.08288373335805],[-100.91863298695434,22.082883107350337],[-100.91863296107337,22.082882481666736],[-100.9186329235592,22.082881856495273],[-100.91863287442307,22.082881232023812],[-100.91863281367974,22.082880608440004],[-100.91863274134745,22.082879985931243],[-100.91863265744797,22.082879364684587],[-100.91863256200651,22.082878744886738],[-100.91863245505174,22.082878126723934],[-100.91863233661577,22.08287751038194],[-100.91863220673426,22.08287689604597],[-100.91863206544618,22.082876283900625],[-100.91863191279401,22.08287567412987],[-100.91863174882363,22.082875066916937],[-100.9186315735843,22.082874462444288],[-100.91863138712868,22.082873860893585],[-100.91863118951281,22.082873262445585],[-100.91863098079607,22.082872667280117],[-100.91863076104116,22.082872075576045],[-100.91863053031418,22.082871487511166],[-100.9186302886844,22.082870903262215],[-100.91863003622446,22.082870323004737],[-100.91862977301018,22.082869746913104],[-100.91862949912074,22.082869175160447],[-100.91862921463837,22.082868607918574],[-100.9186289196486,22.08286804535794],[-100.91862861424008,22.082867487647597],[-100.91862829850454,22.082866934955135],[-100.91862797253691,22.08286638744665],[-100.9186276364351,22.082865845286666],[-100.91862729030015,22.082865308638098],[-100.91862693423606,22.082864777662216],[-100.9186265683498,22.08286425251858],[-100.91862619275138,22.082863733365],[-100.91862580755362,22.082863220357467],[-100.91862541287229,22.08286271365016],[-100.918625008826,22.082862213395337],[-100.91862459553614,22.08286171974333],[-100.91862417312693,22.082861232842493],[-100.91862374172531,22.082860752839117],[-100.91862330146088,22.082860279877462],[-100.91862285246597,22.082859814099645],[-100.91862239487554,22.082859355645645],[-100.91862192882701,22.082858904653214],[-100.91862145446049,22.082858461257892],[-100.91862097191854,22.082858025592923],[-100.91862048134612,22.082857597789204],[-100.91861998289068,22.082857177975296],[-100.91861947670198,22.082856766277377],[-100.91861896293219,22.082856362819136],[-100.91861844173565,22.08285596772184],[-100.91861791326896,22.08285558110419],[-100.91861737769098,22.082855203082392],[-100.91861683516261,22.08285483377002],[-100.91861628584692,22.08285447327807],[-100.91861572990894,22.08285412171486],[-100.91861516751577,22.08285377918604],[-100.91861459883638,22.082853445794537],[-100.9186140240417,22.08285312164055],[-100.91861344330441,22.082852806821464],[-100.91861285679904,22.082852501431905],[-100.91861226470186,22.082852205563636],[-100.91861166719076,22.082851919305572],[-100.91861106444532,22.08285164274372],[-100.91861045664666,22.082851375961205],[-100.9186098439774,22.082851119038178],[-100.91860922662171,22.08285087205186],[-100.91860860476505,22.082850635076465],[-100.91860797859435,22.082850408183205],[-100.91860734829768,22.082850191440265],[-100.91860671406452,22.08284998491276],[-100.91860607608547,22.082849788662784],[-100.91860543455218,22.082849602749288],[-100.9186047896575,22.08284942722814],[-100.91860414159518,22.082849262152102],[-100.91860349055996,22.082849107570752],[-100.9186028367475,22.082848963530573],[-100.91860218035427,22.082848830074823],[-100.91860152157753,22.08284870724362],[-100.91860086061521,22.082848595073873],[-100.91860019766598,22.082848493599286],[-100.91859953292901,22.082848402850363],[-100.91859886660407,22.08284832285436],[-100.9185981988914,22.082848253635323],[-100.91859752999164,22.082848195214048],[-100.91859686010584,22.082848147608097],[-100.91859618943523,22.08284811083178],[-100.91859551818139,22.08284808489614],[-100.91859484654603,22.08284806980897],[-100.91859417473098,22.082848065574797],[-100.91859350293811,22.082848072194913],[-100.91859283136932,22.08284808966732],[-100.91859216022638,22.082848117986764],[-100.91859148971105,22.082848157144735],[-100.9185908200247,22.082848207129462],[-100.91859015136869,22.082848267925943],[-100.91858948394388,22.08284833951589],[-100.91858881795085,22.0828484218778],[-100.91858815358977,22.082848514986907],[-100.91858749106021,22.082848618815255],[-100.9185868305613,22.082848733331623],[-100.91858617229157,22.08284885850161],[-100.91855050315478,22.082855941661144]]]],""type"":""MultiPolygon""}",0,0,0,#FFFFFF,,148.49,,,comercial,,MX,24,28,78398,Aguaje 2000,,,,,,,,,,,
unidad,Gran Peñón Residencial,Lote 49,GPR / Plateros / Lote 49,disponible,,0,49,,Terreno Residencial,Lote de terreno Residencial,"{""coordinates"":[[[[-100.91846625968756,22.082840677226997],[-100.91855654033381,22.082723224081562],[-100.91861950068493,22.08276535459133],[-100.91855050315478,22.082855941661144],[-100.91850308750475,22.082865357424502],[-100.91846625968756,22.082840677226997]]]],""type"":""MultiPolygon""}",0,0,0,#FFFFFF,,122.28,,,comercial,,MX,24,28,78398,Aguaje 2000,,,,,,,,,,,
unidad,Gran Peñón Residencial,Lote 48,GPR / Plateros / Lote 48,disponible,,0,48,,Terreno Residencial,Lote de terreno Residencial,"{""coordinates"":[[[[-100.91840686815898,22.082800655870596],[-100.91849765942621,22.0826835454765],[-100.91855654033381,22.082723224081562],[-100.91846625968756,22.082840677226997],[-100.91840686815898,22.082800655870596]]]],""type"":""MultiPolygon""}",0,0,0,#FFFFFF,,120.51,,,comercial,,MX,24,28,78398,Aguaje 2000,,,,,,,,,,,
unidad,Gran Peñón Residencial,Lote 47,GPR / Plateros / Lote 47,disponible,,0,47,,Terreno Residencial,Lote de terreno Residencial,"{""coordinates"":[[[[-100.9183476174998,22.082760457071384],[-100.91843891405561,22.082643688623556],[-100.91849765942621,22.0826835454765],[-100.91840686815898,22.082800655870596],[-100.9183476174998,22.082760457071384]]]],""type"":""MultiPolygon""}",0,0,0,#FFFFFF,,120.51,,,comercial,,MX,24,28,78398,Aguaje 2000,,,,,,,,,,,
unidad,Gran Peñón Residencial,Lote 46,GPR / Plateros / Lote 46,disponible,,0,46,,Terreno Residencial,Lote de terreno Residencial,"{""coordinates"":[[[[-100.9182885047621,22.082720078829393],[-100.91838030712113,22.082603655476245],[-100.91843891405561,22.082643688623556],[-100.9183476174998,22.082760457071384],[-100.9182885047621,22.082720078829393]]]],""type"":""MultiPolygon""}",0,0,0,#FFFFFF,,120.51,,,comercial,,MX,24,28,78398,Aguaje 2000,,,,,,,,,,,
unidad,Gran Peñón Residencial,Lote 45,GPR / Plateros / Lote 45,disponible,,0,45,,Terreno Residencial,Lote de terreno Residencial,"{""coordinates"":[[[[-100.9182295323983,22.08267952280797],[-100.91832183911535,22.082563446372642],[-100.91838030712113,22.082603655476245],[-100.9182885047621,22.082720078829393],[-100.9182295323983,22.08267952280797]]]],""type"":""MultiPolygon""}",0,0,0,#FFFFFF,,120.51,,,comercial,,MX,24,28,78398,Aguaje 2000,,,,,,,,,,,
unidad,Gran Peñón Residencial,Lote 44,GPR / Plateros / Lote 44,disponible,,0,44,,Terreno Residencial,Lote de terreno Residencial,"{""coordinates"":[[[[-100.91817070090592,22.082638789349193],[-100.91826351195802,22.082523062642878],[-100.91832183911535,22.082563446372642],[-100.9182295323983,22.08267952280797],[-100.91817070090592,22.082638789349193]]]],""type"":""MultiPolygon""}",0,0,0,#FFFFFF,,120.51,,,comercial,,MX,24,28,78398,Aguaje 2000,,,,,,,,,,,
unidad,Gran Peñón Residencial,Lote 43,GPR / Plateros / Lote 43,disponible,,0,43,,Terreno Residencial,Lote de terreno Residencial,"{""coordinates"":[[[[-100.91811201283842,22.082597880233877],[-100.918205321859,22.082482501651143],[-100.91826351195802,22.082523062642878],[-100.91817070090592,22.082638789349193],[-100.91811201283842,22.082597880233877]]]],""type"":""MultiPolygon""}",0,0,0,#FFFFFF,,120.51,,,comercial,,MX,24,28,78398,Aguaje 2000,,,,,,,,,,,
unidad,Gran Peñón Residencial,Lote 42,GPR / Plateros / Lote 42,disponible,,0,42,,Terreno Residencial,Lote de terreno Residencial,"{""coordinates"":[[[[-100.91811201283842,22.082597880233877],[-100.91805346493283,22.08255679318671],[-100.91814727604658,22.08244176843983],[-100.918205321859,22.082482501651143],[-100.91811201283842,22.082597880233877]]]],""type"":""MultiPolygon""}",0,0,0,#FFFFFF,,120.51,,,comercial,,MX,24,28,78398,Aguaje 2000,,,,,,,,,,,
unidad,Gran Peñón Residencial,Lote 41,GPR / Plateros / Lote 41,disponible,,0,41,,Terreno Residencial,Lote de terreno Residencial,"{""coordinates"":[[[[-100.91799505897409,22.08251552944039],[-100.91808936622112,22.08240085717248],[-100.91814727359203,22.08244176671159],[-100.91805346493283,22.08255679318671],[-100.91799505897409,22.08251552944039]]]],""type"":""MultiPolygon""}",0,0,0,#FFFFFF,,120.51,,,comercial,,MX,24,28,78398,Aguaje 2000,,,,,,,,,,,
unidad,Gran Peñón Residencial,Lote 40,GPR / Plateros / Lote 40,disponible,,0,40,,Terreno Residencial,Lote de terreno Residencial,"{""coordinates"":[[[[-100.9179367953445,22.082474089251626],[-100.91803160023719,22.08235977337407],[-100.91808936622112,22.08240085717248],[-100.91799505897409,22.08251552944039],[-100.9179367953445,22.082474089251626]]]],""type"":""MultiPolygon""}",0,0,0,#FFFFFF,,120.51,,,comercial,,MX,24,28,78398,Aguaje 2000,,,,,,,,,,,
unidad,Gran Peñón Residencial,Lote 39,GPR / Plateros / Lote 39,disponible,,0,39,,Terreno Residencial,Lote de terreno Residencial,"{""coordinates"":[[[[-100.9179367953445,22.082474089251626],[-100.91787866992507,22.082432469641653],[-100.91797397667513,22.082318516048055],[-100.91803160023719,22.08235977337407],[-100.9179367953445,22.082474089251626]]]],""type"":""MultiPolygon""}",0,0,0,#FFFFFF,,120.52,,,comercial,,MX,24,28,78398,Aguaje 2000,,,,,,,,,,,
unidad,Gran Peñón Residencial,Lote 38,GPR / Plateros / Lote 38,disponible,,0,38,,Terreno Residencial,Lote de terreno Residencial,"{""coordinates"":[[[[-100.91781816834428,22.08239494287109],[-100.91790168613092,22.082273221769803],[-100.91795603710868,22.08230561532543],[-100.91797397667513,22.082318516048055],[-100.91787866992507,22.082432469641653],[-100.91786673167036,22.08242388695383],[-100.91781816834428,22.08239494287109]]]],""type"":""MultiPolygon""}",0,0,0,#FFFFFF,,132.02,,,comercial,,MX,24,28,78398,Aguaje 2000,,,,,,,,,,,
unidad,Gran Peñón Residencial,Lote 37,GPR / Plateros / Lote 37,disponible,,0,37,,Terreno Residencial,Lote de terreno Residencial,"{""coordinates"":[[[[-100.91775694910046,22.08235845573376],[-100.91784046692328,22.08223673466104],[-100.91790168613092,22.082273221769803],[-100.91781816834428,22.08239494287109],[-100.91775694910046,22.08235845573376]]]],""type"":""MultiPolygon""}",0,0,0,#FFFFFF,,120,,,comercial,,MX,24,28,78398,Aguaje 2000,,,,,,,,,,,
unidad,Gran Peñón Residencial,Lote 36,GPR / Plateros / Lote 36,disponible,,0,36,,Terreno Residencial,Lote de terreno Residencial,"{""coordinates"":[[[[-100.917695729887,22.08232196857108],[-100.91777924774601,22.082200247526924],[-100.91784046692328,22.08223673466104],[-100.91775694910046,22.08235845573376],[-100.917695729887,22.08232196857108]]]],""type"":""MultiPolygon""}",0,0,0,#FFFFFF,,120,,,comercial,,MX,24,28,78398,Aguaje 2000,,,,,,,,,,,
unidad,Gran Peñón Residencial,Lote 35,GPR / Plateros / Lote 35,disponible,,0,35,,Terreno Residencial,Lote de terreno Residencial,"{""coordinates"":[[[[-100.91763451070388,22.08228548138306],[-100.91771802859911,22.08216376036746],[-100.91777924774601,22.082200247526924],[-100.917695729887,22.08232196857108],[-100.91763451070388,22.08228548138306]]]],""type"":""MultiPolygon""}",0,0,0,#FFFFFF,,120,,,comercial,,MX,24,28,78398,Aguaje 2000,,,,,,,,,,,
unidad,Gran Peñón Residencial,Lote 34,GPR / Plateros / Lote 34,disponible,,0,34,,Terreno Residencial,Lote de terreno Residencial,"{""coordinates"":[[[[-100.91757329155116,22.08224899416968],[-100.91765680948257,22.082127273182646],[-100.91771802859911,22.08216376036746],[-100.91763451070388,22.08228548138306],[-100.91757329155116,22.08224899416968]]]],""type"":""MultiPolygon""}",0,0,0,#FFFFFF,,120,,,comercial,,MX,24,28,78398,Aguaje 2000,,,,,,,,,,,
unidad,Gran Peñón Residencial,Lote 33,GPR / Plateros / Lote 33,disponible,,0,33,,Terreno Residencial,Lote de terreno Residencial,"{""coordinates"":[[[[-100.91751207242876,22.082212506930954],[-100.91759559039637,22.08209078597249],[-100.91765680948257,22.082127273182646],[-100.91757329155116,22.08224899416968],[-100.91751207242876,22.082212506930954]]]],""type"":""MultiPolygon""}",0,0,0,#FFFFFF,,120,,,comercial,,MX,24,28,78398,Aguaje 2000,,,,,,,,,,,
unidad,Gran Peñón Residencial,Lote 32,GPR / Plateros / Lote 32,disponible,,0,32,,Terreno Residencial,Lote de terreno Residencial,"{""coordinates"":[[[[-100.91745085333676,22.08217601966689],[-100.91753437134058,22.082054298736978],[-100.91759559039637,22.08209078597249],[-100.91751207242876,22.082212506930954],[-100.91745085333676,22.08217601966689]]]],""type"":""MultiPolygon""}",0,0,0,#FFFFFF,,120,,,comercial,,MX,24,28,78398,Aguaje 2000,,,,,,,,,,,
unidad,Gran Peñón Residencial,Lote 31,GPR / Plateros / Lote 31,disponible,,0,31,,Terreno Residencial,Lote de terreno Residencial,"{""coordinates"":[[[[-100.91738963427512,22.082139532377475],[-100.91747315231511,22.082017811476124],[-100.91753437134058,22.082054298736978],[-100.91745085333676,22.08217601966689],[-100.91738963427512,22.082139532377475]]]],""type"":""MultiPolygon""}",0,0,0,#FFFFFF,,120,,,comercial,,MX,24,28,78398,Aguaje 2000,,,,,,,,,,,
unidad,Gran Peñón Residencial,Lote 30,GPR / Plateros / Lote 30,disponible,,0,30,,Terreno Residencial,Lote de terreno Residencial,"{""coordinates"":[[[[-100.91732841524384,22.0821030450627],[-100.91741193332003,22.081981324189908],[-100.91747315231511,22.082017811476124],[-100.91738963427512,22.082139532377475],[-100.91732841524384,22.0821030450627]]]],""type"":""MultiPolygon""}",0,0,0,#FFFFFF,,120,,,comercial,,MX,24,28,78398,Aguaje 2000,,,,,,,,,,,
unidad,Gran Peñón Residencial,Lote 29,GPR / Plateros / Lote 29,disponible,,0,29,,Terreno Residencial,Lote de terreno Residencial,"{""coordinates"":[[[[-100.9172671962429,22.082066557722584],[-100.91735071435531,22.081944836878353],[-100.91741193332003,22.081981324189908],[-100.91732841524384,22.0821030450627],[-100.9172671962429,22.082066557722584]]]],""type"":""MultiPolygon""}",0,0,0,#FFFFFF,,120,,,comercial,,MX,24,28,78398,Aguaje 2000,,,,,,,,,,,
unidad,Gran Peñón Residencial,Lote 28,GPR / Plateros / Lote 28,disponible,,0,28,,Terreno Residencial,Lote de terreno Residencial,"{""coordinates"":[[[[-100.91720597727236,22.08203007035712],[-100.91728949542093,22.081908349541457],[-100.91735071435531,22.081944836878353],[-100.9172671962429,22.082066557722584],[-100.91720597727236,22.08203007035712]]]],""type"":""MultiPolygon""}",0,0,0,#FFFFFF,,120,,,comercial,,MX,24,28,78398,Aguaje 2000,,,,,,,,,,,
unidad,Gran Peñón Residencial,Lote 27,GPR / Plateros / Lote 27,disponible,,0,27,,Terreno Residencial,Lote de terreno Residencial,"{""coordinates"":[[[[-100.91720597727236,22.08203007035712],[-100.91714312582751,22.081992609968868],[-100.91722664401324,22.081870889182536],[-100.91728949542093,22.081908349541457],[-100.91720597727236,22.08203007035712]]]],""type"":""MultiPolygon""}",0,0,0,#FFFFFF,,123.2,,,comercial,,MX,24,28,78398,Aguaje 2000,,,,,,,,,,,
unidad,Gran Peñón Residencial,Lote 26,GPR / Plateros / Lote 26,disponible,,0,26,,Terreno Residencial,Lote de terreno Residencial,"{""coordinates"":[[[[-100.91722664401324,22.081870889182536],[-100.91714312582751,22.081992609968868],[-100.91713669886005,22.08198877939888],[-100.91713366367992,22.081987003711323],[-100.91713059689891,22.08198527583157],[-100.9171274993839,22.08198359624801],[-100.91712437201038,22.081981965435357],[-100.91712121566225,22.08198038385458],[-100.91711803123171,22.081978851952698],[-100.91711481961879,22.08197737016271],[-100.91711158173129,22.081975938903433],[-100.91710831848435,22.08197455857941],[-100.91710503080039,22.0819732295808],[-100.91710171960861,22.081971952283233],[-100.91709838584492,22.081970727047736],[-100.91709503045163,22.081969554220624],[-100.9170916543771,22.081968434133394],[-100.91708825857563,22.08196736710264],[-100.91708484400698,22.08196635342995],[-100.9170814116363,22.081965393401845],[-100.91707796243377,22.081964487289664],[-100.91707449737424,22.081963635349528],[-100.91710166069792,22.08181930248346],[-100.91710831590072,22.081820462453567],[-100.91711495005364,22.08182172282036],[-100.91712156141331,22.081823083252615],[-100.91712814824223,22.081824543392813],[-100.91713470880941,22.08182610285724],[-100.91714124139084,22.081827761236067],[-100.91714774426966,22.08182951809347],[-100.91715421573704,22.081831372967773],[-100.9171606540922,22.081833325371505],[-100.91716705764323,22.08183537479158],[-100.91722664401324,22.081870889182536]]]],""type"":""MultiPolygon""}",0,0,0,#FFFFFF,,179.38,,,comercial,,MX,24,28,78398,Aguaje 2000,,,,,,,,,,,
unidad,Gran Peñón Residencial,Lote 6,GPR / Plateros / Lote 6,disponible,,0,6,,Terreno Residencial,Lote de terreno Residencial,"{""coordinates"":[[[[-100.91603946201602,22.08287069915559],[-100.91590729548619,22.082795190032265],[-100.91592581886175,22.082766705371338],[-100.9159440332819,22.082738048172533],[-100.91607780902791,22.082811056860418],[-100.91607781019806,22.082811057497977],[-100.91605879656979,22.082840967945433],[-100.91603946201602,22.08287069915559]]]],""type"":""MultiPolygon""}",0,0,0,#FFFFFF,,120.62,,,comercial,,MX,24,28,78398,Aguaje 2000,,,,,,,,,,,
unidad,Gran Peñón Residencial,Lote 5,GPR / Plateros / Lote 5,disponible,,0,5,,Terreno Residencial,Lote de terreno Residencial,"{""coordinates"":[[[[-100.91599983345361,22.082929609263754],[-100.9158693282955,22.082851629520878],[-100.91588846465858,22.082823499042636],[-100.91590729548619,22.082795190032265],[-100.91603946201602,22.08287069915559],[-100.91601980739992,22.082900247504384],[-100.91599983345361,22.082929609263754]]]],""type"":""MultiPolygon""}",0,0,0,#FFFFFF,,120.62,,,comercial,,MX,24,28,78398,Aguaje 2000,,,,,,,,,,,
unidad,Gran Peñón Residencial,Lote 3,GPR / Plateros / Lote 3,disponible,,0,3,,Terreno Residencial,Lote de terreno Residencial,"{""coordinates"":[[[[-100.91589634531238,22.08303180273348],[-100.91578976755224,22.08296230952065],[-100.91581010562959,22.082934921214488],[-100.91583014678702,22.082907343442468],[-100.91595893699811,22.082987761806322],[-100.9159298256194,22.08302765388727],[-100.91589634531238,22.08303180273348]]]],""type"":""MultiPolygon""}",0,0,0,#FFFFFF,,117.58,,,comercial,,MX,24,28,78398,Aguaje 2000,,,,,,,,,,,
unidad,Gran Peñón Residencial,Lote 1,GPR / Plateros / Lote 1,disponible,,0,1,,Terreno Residencial,Lote de terreno Residencial,"{""coordinates"":[[[[-100.9158377150361,22.083075506455533],[-100.91583781003412,22.08307613062013],[-100.91583791670554,22.08307675314446],[-100.91583803501797,22.08307737383889],[-100.91583816493534,22.083077992514358],[-100.91583830641804,22.0830786089824],[-100.915838459423,22.083079223055243],[-100.9158386239036,22.08307983454582],[-100.91583879980978,22.083080443267885],[-100.91583898708794,22.083081049036004],[-100.91583918568095,22.08308165166565],[-100.91583939552844,22.083082250973263],[-100.91583961656643,22.08308284677629],[-100.91583984872759,22.083083438893233],[-100.9158400919412,22.083084027143734],[-100.9158403461332,22.083084611348614],[-100.91584061122612,22.083085191329907],[-100.91584088713924,22.083085766910948],[-100.91584117378851,22.083086337916413],[-100.91584147108661,22.08308690417236],[-100.91584177894298,22.083087465506313],[-100.91584209726386,22.083088021747276],[-100.91584242595225,22.083088572725813],[-100.91584276490808,22.0830891182741],[-100.91584311402804,22.08308965822594],[-100.9158434732058,22.083090192416876],[-100.91584384233202,22.083090720684176],[-100.91584422129417,22.08309124286693],[-100.91584460997686,22.08309175880608],[-100.91584500826167,22.08309226834446],[-100.91584541602732,22.08309277132686],[-100.91584583314956,22.083093267600063],[-100.91584625950134,22.08309375701291],[-100.91584669495279,22.083094239416308],[-100.91584713937131,22.083094714663325],[-100.91584759262146,22.083095182609185],[-100.91584805456522,22.083095643111356],[-100.91584852506182,22.08309609602956],[-100.91584900396802,22.083096541225835],[-100.91584949113789,22.08309697856457],[-100.91584998642305,22.083097407912543],[-100.91585048967261,22.083097829138975],[-100.91585100073331,22.083098242115557],[-100.91585151944946,22.083098646716486],[-100.91585204566304,22.083099042818525],[-100.91585257921378,22.08309943030101],[-100.91585311993917,22.083099809045923],[-100.91585366767445,22.08310017893787],[-100.9158542222528,22.08310053986421],[-100.91585478350532,22.083100891714967],[-100.91585535126102,22.083101234382987],[-100.91585592534692,22.08310156776389],[-100.91585650558821,22.08310189175612],[-100.9158570918081,22.083102206260975],[-100.91585768382807,22.08310251118267],[-100.91585828146772,22.083102806428315],[-100.91585888454505,22.08310309190798],[-100.91585949287632,22.083103367534694],[-100.91586010627627,22.08310363322451],[-100.91586072455803,22.083103888896492],[-100.91586134753327,22.083104134472766],[-100.9158619750122,22.083104369878512],[-100.91586260680373,22.08310459504204],[-100.91586324271537,22.08310480989475],[-100.91586388255345,22.083105014371203],[-100.91586452612304,22.083105208409116],[-100.91586517322811,22.08310539194937],[-100.91586582367157,22.08310556493607],[-100.91586647725524,22.083105727316514],[-100.91586713378005,22.083105879041252],[-100.91586779304603,22.083106020064047],[-100.91586845485236,22.08310615034196],[-100.91586911899745,22.08310626983531],[-100.91586978527897,22.083106378507676],[-100.91587045349398,22.083106476325966],[-100.91587112343896,22.08310656326039],[-100.9158717949098,22.083106639284466],[-100.91587246770199,22.08310670437503],[-100.91587314161056,22.08310675851226],[-100.91587381643026,22.083106801679662],[-100.91587449195553,22.08310683386409],[-100.91587516798056,22.08310685505573],[-100.91587584429946,22.083106865248137],[-100.91587652070625,22.083106864438207],[-100.91587719699483,22.083106852626184],[-100.91587787295923,22.083106829815662],[-100.91587854839351,22.0831067960136],[-100.91587922309198,22.083106751230293],[-100.91587989684906,22.08310669547936],[-100.91588056945957,22.08310662877781],[-100.91588124071858,22.083106551145946],[-100.91594146532564,22.083099088175096],[-100.91595732858997,22.083110786787792],[-100.91586113483032,22.083224088984174],[-100.91573485463803,22.08313096154454],[-100.9158377150361,22.083075506455533]]]],""type"":""MultiPolygon""}",0,0,0,#FFFFFF,,179.3,,,comercial,,MX,24,28,78398,Aguaje 2000,,,,,,,,,,,
unidad,Gran Peñón Residencial,Lote 11,GPR / Plateros / Lote 11,disponible,,0,11,,Terreno Residencial,Lote de terreno Residencial,"{""coordinates"":[[[[-100.91680624622947,22.082328726955318],[-100.91661557620276,22.08236094209139],[-100.91660076393562,22.082284789599296],[-100.91661802228089,22.08226953128612],[-100.91663552163264,22.082254513309422],[-100.9166532581382,22.0822397389755],[-100.91667122789268,22.082225211537022],[-100.91668942693987,22.082210934192275],[-100.91670785127305,22.082196910084505],[-100.9167085120891,22.082196423417223],[-100.91670918188308,22.082195947530472],[-100.91670986045254,22.082195482568107],[-100.91671054759233,22.08219502867065],[-100.91671124309485,22.082194585975298],[-100.91671194674981,22.08219415461586],[-100.91671265834457,22.082193734722704],[-100.916713377664,22.082193326422747],[-100.91671410449074,22.08219292983939],[-100.9167148386051,22.082192545092525],[-100.91671557978518,22.082192172298416],[-100.91671632780694,22.08219181156976],[-100.91671708244434,22.08219146301557],[-100.91671784346921,22.0821911267412],[-100.91671861065161,22.0821908028483],[-100.9167193837596,22.08219049143477],[-100.91672016255954,22.08219019259471],[-100.91672094681604,22.08218990641847],[-100.91672173629205,22.082189632992527],[-100.91672253074894,22.08218937239954],[-100.9167233299466,22.08218912471827],[-100.91672413364348,22.08218889002357],[-100.91672494159663,22.082188668386387],[-100.91672575356189,22.082188459873713],[-100.91672656929379,22.082188264548556],[-100.91672738854581,22.082188082469965],[-100.91672821107032,22.082187913692973],[-100.9167290366187,22.082187758268585],[-100.91672986494146,22.08218761624378],[-100.91673069578822,22.082187487661496],[-100.91673152890786,22.082187372560586],[-100.91673236404854,22.08218727097584],[-100.91673320095789,22.082187182937968],[-100.91673403938292,22.082187108473573],[-100.91673487907023,22.082187047605178],[-100.91673571976598,22.08218700035116],[-100.91673656121614,22.082186966725804],[-100.91673740316634,22.082186946739284],[-100.91673824536211,22.08218694039763],[-100.91673908754889,22.08218694770277],[-100.91673992947213,22.082186968652483],[-100.91674077087735,22.082187003240445],[-100.91674161151028,22.082187051456206],[-100.91674245111678,22.082187113285187],[-100.91674328944308,22.082187188708705],[-100.91674412623583,22.08218727770395],[-100.91674496124212,22.082187380244036],[-100.91674579420953,22.082187496297966],[-100.91674662488629,22.082187625830663],[-100.91674745302137,22.08218776880297],[-100.91674827836445,22.082187925171688],[-100.91674910066604,22.082188094889542],[-100.9167499196776,22.082188277905228],[-100.91675073515165,22.08218847416346],[-100.91675154684167,22.082188683604883],[-100.9167523545023,22.082188906166213],[-100.91675315788946,22.082189141780173],[-100.91675395676029,22.08218939037555],[-100.91675475087338,22.08218965187721],[-100.91675553998867,22.082189926206123],[-100.91675632386767,22.082190213279343],[-100.91675710227341,22.08219051301013],[-100.91675787497068,22.08219082530788],[-100.9167586417259,22.082191150078202],[-100.91675940230733,22.08219148722293],[-100.91676015648505,22.082191836640163],[-100.91676090403116,22.0821921982243],[-100.91676164471967,22.082192571866038],[-100.91676237832674,22.08219295745245],[-100.9167631046306,22.082193354866995],[-100.91676382341176,22.082193763989547],[-100.91676453445294,22.08219418469645],[-100.91676523753925,22.08219461686055],[-100.91676593245815,22.08219506035122],[-100.91676661899965,22.082195515034417],[-100.9167672969562,22.082195980772717],[-100.91676796612289,22.082196457425336],[-100.91676862629748,22.082196944848224],[-100.91676927728044,22.082197442894046],[-100.91676991887502,22.082197951412276],[-100.91677055088722,22.082198470249196],[-100.91677117312611,22.082198999248007],[-100.91677178540354,22.08219953824881],[-100.9167723875345,22.08220008708869],[-100.91677297933697,22.082200645601755],[-100.91677356063211,22.082201213619207],[-100.91677413124418,22.08220179096936],[-100.91677469100073,22.082202377477707],[-100.91677523973259,22.08220297296697],[-100.9167757772739,22.08220357725717],[-100.91677630346216,22.08220419016566],[-100.91677681813833,22.082204811507175],[-100.9167773211469,22.08220544109393],[-100.9167778123358,22.082206078735624],[-100.91677829155655,22.08220672423953],[-100.91677875866432,22.082207377410544],[-100.91677921351794,22.082208038051245],[-100.91677965597992,22.08220870596196],[-100.91678008591654,22.082209380940807],[-100.91678050319781,22.082210062783762],[-100.91678090769764,22.08221075128476],[-100.91678129929377,22.082211446235682],[-100.91678167786783,22.082212147426493],[-100.91678204330539,22.082212854645245],[-100.91678239549601,22.082213567678192],[-100.91678273433324,22.08221428630981],[-100.91678305971466,22.082215010322894],[-100.91678337154191,22.082215739498615],[-100.91678366972076,22.08221647361658],[-100.91678395416108,22.08221721245489],[-100.91678422477686,22.082217955790238],[-100.9167844814864,22.08221870339796],[-100.916784724212,22.08221945505208],[-100.91678495288035,22.082220210525403],[-100.91678516742236,22.082220969589603],[-100.91678536777314,22.082221732015235],[-100.91678555387216,22.082222497571873],[-100.91678572566313,22.08222326602812],[-100.91678588309418,22.082224037151704],[-100.91680624622947,22.082328726955318]]]],""type"":""MultiPolygon""}",0,0,0,#FFFFFF,,275.81,,,comercial,,MX,24,28,78398,Aguaje 2000,,,,,,,,,,,
unidad,Gran Peñón Residencial,Lote 12,GPR / Plateros / Lote 12,disponible,,0,12,,Terreno Residencial,Lote de terreno Residencial,"{""coordinates"":[[[[-100.91682007241728,22.082399809263393],[-100.91662940230084,22.08243202442194],[-100.91661557620276,22.08236094209139],[-100.91680624622947,22.082328726955318],[-100.91682007241728,22.082399809263393]]]],""type"":""MultiPolygon""}",0,0,0,#FFFFFF,,160,,,comercial,,MX,24,28,78398,Aguaje 2000,,,,,,,,,,,
unidad,Gran Peñón Residencial,Lote 13,GPR / Plateros / Lote 13,disponible,,0,13,,Terreno Residencial,Lote de terreno Residencial,"{""coordinates"":[[[[-100.91683389862177,22.08247089156872],[-100.91664322841564,22.082503106749744],[-100.91662940230084,22.08243202442194],[-100.91682007241728,22.082399809263393],[-100.91683389862177,22.08247089156872]]]],""type"":""MultiPolygon""}",0,0,0,#FFFFFF,,160,,,comercial,,MX,24,28,78398,Aguaje 2000,,,,,,,,,,,
unidad,Gran Peñón Residencial,Lote 14,GPR / Plateros / Lote 14,disponible,,0,14,,Terreno Residencial,Lote de terreno Residencial,"{""coordinates"":[[[[-100.91684772484295,22.082541973871287],[-100.9166570545471,22.082574189074812],[-100.91664322841564,22.082503106749744],[-100.91683389862177,22.08247089156872],[-100.91684772484295,22.082541973871287]]]],""type"":""MultiPolygon""}",0,0,0,#FFFFFF,,160,,,comercial,,MX,24,28,78398,Aguaje 2000,,,,,,,,,,,
unidad,Gran Peñón Residencial,Lote 15,GPR / Plateros / Lote 15,disponible,,0,15,,Terreno Residencial,Lote de terreno Residencial,"{""coordinates"":[[[[-100.9168615510808,22.08261305617113],[-100.91667088069525,22.082645271397126],[-100.9166570545471,22.082574189074812],[-100.91684772484295,22.082541973871287],[-100.9168615510808,22.08261305617113]]]],""type"":""MultiPolygon""}",0,0,0,#FFFFFF,,160,,,comercial,,MX,24,28,78398,Aguaje 2000,,,,,,,,,,,
unidad,Gran Peñón Residencial,Lote 16,GPR / Plateros / Lote 16,disponible,,0,16,,Terreno Residencial,Lote de terreno Residencial,"{""coordinates"":[[[[-100.91687537733536,22.082684138468228],[-100.91668470686011,22.082716353716705],[-100.91667088069525,22.082645271397126],[-100.9168615510808,22.08261305617113],[-100.91687537733536,22.082684138468228]]]],""type"":""MultiPolygon""}",0,0,0,#FFFFFF,,160,,,comercial,,MX,24,28,78398,Aguaje 2000,,,,,,,,,,,
unidad,Gran Peñón Residencial,Lote 17,GPR / Plateros / Lote 17,disponible,,0,17,,Terreno Residencial,Lote de terreno Residencial,"{""coordinates"":[[[[-100.91688920360662,22.08275522076257],[-100.91669853304164,22.082787436033538],[-100.91668470686011,22.082716353716705],[-100.91687537733536,22.082684138468228],[-100.91688920360662,22.08275522076257]]]],""type"":""MultiPolygon""}",0,0,0,#FFFFFF,,160,,,comercial,,MX,24,28,78398,Aguaje 2000,,,,,,,,,,,
unidad,Gran Peñón Residencial,Lote 18,GPR / Plateros / Lote 18,disponible,,0,18,,Terreno Residencial,Lote de terreno Residencial,"{""coordinates"":[[[[-100.91690302989453,22.08282630305418],[-100.91671235923988,22.082858518347617],[-100.91669853304164,22.082787436033538],[-100.91688920360662,22.08275522076257],[-100.91690302989453,22.08282630305418]]]],""type"":""MultiPolygon""}",0,0,0,#FFFFFF,,160,,,comercial,,MX,24,28,78398,Aguaje 2000,,,,,,,,,,,
unidad,Gran Peñón Residencial,Lote 19,GPR / Plateros / Lote 19,disponible,,0,19,,Terreno Residencial,Lote de terreno Residencial,"{""coordinates"":[[[[-100.91691685619917,22.08289738534303],[-100.91672618545479,22.082929600658964],[-100.91671235923988,22.082858518347617],[-100.91690302989453,22.08282630305418],[-100.91691685619917,22.08289738534303]]]],""type"":""MultiPolygon""}",0,0,0,#FFFFFF,,160,,,comercial,,MX,24,28,78398,Aguaje 2000,,,,,,,,,,,
unidad,Gran Peñón Residencial,Lote 20,GPR / Plateros / Lote 20,disponible,,0,20,,Terreno Residencial,Lote de terreno Residencial,"{""coordinates"":[[[[-100.91693068252049,22.082968467629154],[-100.9167400116864,22.083000682967562],[-100.91672618545479,22.082929600658964],[-100.91691685619917,22.08289738534303],[-100.91693068252049,22.082968467629154]]]],""type"":""MultiPolygon""}",0,0,0,#FFFFFF,,160,,,comercial,,MX,24,28,78398,Aguaje 2000,,,,,,,,,,,
unidad,Gran Peñón Residencial,Lote 21,GPR / Plateros / Lote 21,disponible,,0,21,,Terreno Residencial,Lote de terreno Residencial,"{""coordinates"":[[[[-100.91694450885849,22.083039549912517],[-100.91675383793472,22.083071765273413],[-100.9167400116864,22.083000682967562],[-100.91693068252049,22.082968467629154],[-100.91694450885849,22.083039549912517]]]],""type"":""MultiPolygon""}",0,0,0,#FFFFFF,,160,,,comercial,,MX,24,28,78398,Aguaje 2000,,,,,,,,,,,
unidad,Gran Peñón Residencial,Lote 22,GPR / Plateros / Lote 22,disponible,,0,22,,Terreno Residencial,Lote de terreno Residencial,"{""coordinates"":[[[[-100.91694450885849,22.083039549912517],[-100.91696414481346,22.08314049973825],[-100.91696425322242,22.083141022080284],[-100.91696435188433,22.08314154609783],[-100.91696444076948,22.0831420716329],[-100.91696451985104,22.083142598527047],[-100.91696458910515,22.08314312662145],[-100.91696464851097,22.0831436557569],[-100.9169646980506,22.08314418577387],[-100.91696473770908,22.08314471651258],[-100.91696476747447,22.083145247813025],[-100.91696478733778,22.083145779515043],[-100.91696479729302,22.083146311458332],[-100.91696479733722,22.083146843482535],[-100.91696478747032,22.083147375427256],[-100.91696476769533,22.08314790713213],[-100.91696473801821,22.08314843843686],[-100.91696469844787,22.08314896918129],[-100.91696464899628,22.0831494992054],[-100.91696458967834,22.08315002834941],[-100.91696452051191,22.0831505564538],[-100.91696444151788,22.083151083359365],[-100.91696435272003,22.083151608907244],[-100.91696425414514,22.083152132939006],[-100.91696414582294,22.083152655296686],[-100.91696402778608,22.083153175822787],[-100.91696390007013,22.08315369436041],[-100.9169637627136,22.08315421075321],[-100.91696361575791,22.083154724845524],[-100.91696345924736,22.08315523648236],[-100.9169632932291,22.083155745509472],[-100.91696311775323,22.08315625177341],[-100.91696293287261,22.083156755121546],[-100.91696273864298,22.083157255402146],[-100.91696253512295,22.08315775246438],[-100.91696232237379,22.08315824615841],[-100.9169621004597,22.083158736335378],[-100.91696186944758,22.083159222847538],[-100.91696162940703,22.083159705548194],[-100.91696138041046,22.08316018429185],[-100.91696112253287,22.083160658934172],[-100.91696085585207,22.083161129332073],[-100.91696058044845,22.08316159534373],[-100.91696029640497,22.08316205682865],[-100.91696000380736,22.083162513647732],[-100.91695970274374,22.083162965663238],[-100.91695939330495,22.08316341273892],[-100.9169590755842,22.083163854739976],[-100.9169587496773,22.08316429153317],[-100.91695841568254,22.083164722986808],[-100.91695807370057,22.083165148970835],[-100.91695772383449,22.083165569356826],[-100.91695736618982,22.08316598401804],[-100.91695700087428,22.083166392829472],[-100.9169566279981,22.08316679566788],[-100.91695624767362,22.083167192411825],[-100.91695586001558,22.083167582941673],[-100.91695546514076,22.08316796713974],[-100.91695506316825,22.08316834489015],[-100.91695465421923,22.08316871607906],[-100.91695423841696,22.083169080594548],[-100.91695381588683,22.08316943832673],[-100.91695338675618,22.083169789167762],[-100.91695295115443,22.083170133011873],[-100.91695250921283,22.08317046975541],[-100.91695206106468,22.083170799296834],[-100.91695160684505,22.08317112153683],[-100.9169511466909,22.083171436378223],[-100.91695068074092,22.083171743726112],[-100.91695020913562,22.083172043487846],[-100.91694973201709,22.083172335573042],[-100.91694924952927,22.08317261989366],[-100.91694876181757,22.083172896363973],[-100.91694826902899,22.083173164900636],[-100.91694777131215,22.083173425422697],[-100.91694726881705,22.083173677851608],[-100.91694676169521,22.083173922111285],[-100.91694625009951,22.08317415812808],[-100.91694573418417,22.083174385830834],[-100.91694521410471,22.08317460515092],[-100.91694469001794,22.0831748160222],[-100.91694416208183,22.083175018381127],[-100.91694363045558,22.08317521216667],[-100.91694309529944,22.083175397320417],[-100.91694255677471,22.08317557378655],[-100.91694201504379,22.08317574151188],[-100.91694147026995,22.083175900445827],[-100.91694092261747,22.083176050540487],[-100.91694037225142,22.083176191750606],[-100.91693981933773,22.08317632403362],[-100.9169392640431,22.083176447349643],[-100.91693870653486,22.083176561661496],[-100.91693814698121,22.08317666693473],[-100.91693758555074,22.0831767631376],[-100.91693702241272,22.083176850241106],[-100.91693645773697,22.083176928218972],[-100.91693589169365,22.08317699704772],[-100.91693532445348,22.083177056706578],[-100.91693475618739,22.083177107177573],[-100.91693418706676,22.083177148445483],[-100.91693361726313,22.08317718049787],[-100.91693304694829,22.08317720332506],[-100.91693247629416,22.08317721692019],[-100.91693190547278,22.083177221279154],[-100.91693133465624,22.083177216400635],[-100.91693076401664,22.0831772022861],[-100.91693019372599,22.083177178939806],[-100.91692962395621,22.083177146368797],[-100.91692905487909,22.083177104582898],[-100.91692848666618,22.08317705359468],[-100.91692791948876,22.08317699341955],[-100.91692735351785,22.08317692407562],[-100.91692678892407,22.08317684558381],[-100.91692622587759,22.083176757967774],[-100.9169256645482,22.083176661253937],[-100.91676809627073,22.08314506889836],[-100.91675383793472,22.083071765273413],[-100.91694450885849,22.083039549912517]]]],""type"":""MultiPolygon""}",0,0,0,#FFFFFF,,241.6,,,comercial,,MX,24,28,78398,Aguaje 2000,,,,,,,,,,,
unidad,Gran Peñón Residencial,Lote 1,GPR / Plateros / Lote 1,disponible,,0,1,,Terreno Residencial,Lote de terreno Residencial,"{""coordinates"":[[[[-100.91675383793472,22.083071765273413],[-100.91676809627073,22.08314506889836],[-100.91661052805192,22.083113476385773],[-100.9166090519806,22.083112968671113],[-100.91660758551734,22.08311243732183],[-100.91660612909779,22.083111882495775],[-100.91660468315456,22.083111304357768],[-100.91660324811721,22.08311070307954],[-100.91660182441208,22.083110078839724],[-100.916600412462,22.083109431823758],[-100.9165990126865,22.083108762223834],[-100.91659762550135,22.083108070238872],[-100.91659625131867,22.083107356074432],[-100.9165948905466,22.08310661994267],[-100.91659354358946,22.083105862062254],[-100.91659221084736,22.083105082658335],[-100.91659089271617,22.083104281962452],[-100.91658958958752,22.08310346021243],[-100.91658830184848,22.083102617652415],[-100.91658702988157,22.083101754532677],[-100.91658577406469,22.08310087110963],[-100.91658453477085,22.083099967645694],[-100.91658331236825,22.083099044409266],[-100.91658210722,22.083098101674594],[-100.91658091968408,22.083097139721747],[-100.91657975011329,22.083096158836454],[-100.91657859885503,22.083095159310144],[-100.91657746625134,22.0830941414397],[-100.91657635263864,22.083093105527514],[-100.91657525834776,22.08309205188131],[-100.9165741837038,22.08309098081408],[-100.91657312902592,22.083089892644022],[-100.91657209462753,22.083088787694365],[-100.91657108081581,22.083087666293356],[-100.91657008789198,22.083086528774125],[-100.916569116151,22.0830853754746],[-100.91656816588151,22.083084206737354],[-100.9165672373658,22.08308302290959],[-100.91656633087976,22.08308182434298],[-100.91656544669257,22.083080611393573],[-100.916564585067,22.083079384421694],[-100.91656374625889,22.083078143791823],[-100.9165629305175,22.083076889872512],[-100.91656213808513,22.08307562303624],[-100.9165613691972,22.08307434365936],[-100.91656062408208,22.08307305212191],[-100.91655990296115,22.083071748807562],[-100.91655920604862,22.083070434103472],[-100.9165585335515,22.08306910840021],[-100.91655788566956,22.083067772091578],[-100.91655726259529,22.08306642557455],[-100.91655666451378,22.083065069249123],[-100.91655609160266,22.083063703518217],[-100.91655554403215,22.083062328787523],[-100.9165550219649,22.083060945465437],[-100.91655452555602,22.08305955396289],[-100.91654934074849,22.08303289808943],[-100.9167400116864,22.083000682967562],[-100.91675383793472,22.083071765273413]]]],""type"":""MultiPolygon""}",0,0,0,#FFFFFF,,236.35,,,comercial,,MX,24,28,78398,Aguaje 2000,,,,,,,,,,,
unidad,Gran Peñón Residencial,Lote 1,GPR / Plateros / Lote 1,disponible,,0,1,,Terreno Residencial,Lote de terreno Residencial,"{""coordinates"":[[[[-100.91720393084749,22.082756659510807],[-100.91717636853507,22.08281538873809],[-100.9171479182264,22.082873748980766],[-100.91711858560555,22.0829317285769],[-100.9170883765328,22.08298931594058],[-100.91708822400116,22.08298959546574],[-100.91708806628495,22.082989872480386],[-100.91708790343166,22.08299014690099],[-100.91708773549041,22.082990418644826],[-100.91708756251185,22.082990687629948],[-100.91708738454813,22.082990953775262],[-100.9170872016529,22.082991217000515],[-100.9170870138813,22.08299147722634],[-100.91708682128998,22.08299173437429],[-100.91708662393697,22.082991988366818],[-100.91708642188179,22.08299223912735],[-100.91708621518535,22.08299248658028],[-100.91708600390999,22.082992730650997],[-100.9170857881194,22.082992971265913],[-100.91708556787863,22.082993208352477],[-100.91708534325412,22.082993441839207],[-100.91708511431355,22.082993671655707],[-100.91708488112599,22.08299389773268],[-100.91708464376173,22.082994120001967],[-100.91708440229233,22.082994338396546],[-100.9170841567906,22.082994552850575],[-100.9170839073306,22.082994763299393],[-100.91708365398748,22.082994969679543],[-100.91708339683764,22.082995171928808],[-100.91708313595863,22.082995369986193],[-100.91708287142914,22.082995563791993],[-100.91708260332886,22.082995753287776],[-100.91708233173867,22.082995938416403],[-100.91708205674044,22.082996119122047],[-100.91708177841709,22.082996295350245],[-100.91708149685255,22.08299646704785],[-100.91708121213168,22.082996634163084],[-100.91708092434035,22.082996796645574],[-100.91708063356533,22.082996954446333],[-100.9170803398943,22.082997107517766],[-100.9170800434158,22.082997255813737],[-100.9170797442192,22.082997399289518],[-100.91707944239472,22.082997537901868],[-100.91707913803337,22.082997671608982],[-100.91707883122695,22.08299780037055],[-100.91707852206791,22.082997924147733],[-100.91707821064948,22.082998042903245],[-100.91707789706555,22.082998156601242],[-100.91707758141071,22.08299826520748],[-100.91707726378009,22.082998368689175],[-100.91707694426948,22.08299846701516],[-100.91707662297519,22.08299856015577],[-100.91707629999411,22.08299864808293],[-100.91707597542363,22.082998730770118],[-100.9170756493616,22.082998808192418],[-100.91707532190637,22.08299888032648],[-100.91707499315659,22.082998947150553],[-100.91707466321142,22.08299900864449],[-100.91707433217036,22.08299906478975],[-100.91707400013324,22.082999115569407],[-100.91707366720013,22.082999160968143],[-100.9170733334714,22.082999200972278],[-100.91707299904772,22.08299923556975],[-100.91707266402987,22.082999264750125],[-100.91707232851893,22.0829992885046],[-100.917071992616,22.082999306826025],[-100.91707165642238,22.082999319708865],[-100.91707132003943,22.082999327149242],[-100.91707098356856,22.0829993291449],[-100.91707064711125,22.082999325695265],[-100.91707031076895,22.08299931680135],[-100.91706997464304,22.082999302465844],[-100.91706963883485,22.082999282693073],[-100.91706930344567,22.082999257488993],[-100.91706896857663,22.08299922686121],[-100.91706863432864,22.08299919081896],[-100.91706830080251,22.08299914937311],[-100.91706796809883,22.082999102536142],[-100.9170676363179,22.082999050322197],[-100.91706730555971,22.082998992747005],[-100.91706697592404,22.082998929827923],[-100.91706664751024,22.08299886158393],[-100.91706632041736,22.082998788035606],[-100.91706599474401,22.08299870920512],[-100.91706567058837,22.08299862511624],[-100.9170653480482,22.082998535794324],[-100.91706502722073,22.082998441266298],[-100.9170647082027,22.08299834156066],[-100.91706439109029,22.082998236707482],[-100.91706407597914,22.082998126738378],[-100.91706376296423,22.082998011686485],[-100.91706345213996,22.08299789158652],[-100.9170631436,22.08299776647468],[-100.91706283743741,22.082997636388686],[-100.91706253374454,22.082997501367768],[-100.91706223261288,22.082997361452634],[-100.91706193413327,22.082997216685456],[-100.9170616383957,22.082997067109904],[-100.91706134548933,22.082996912771065],[-100.91706105550247,22.082996753715467],[-100.91706076852257,22.082996589991087],[-100.91706048463617,22.08299642164727],[-100.91706020392883,22.08299624873478],[-100.91705992648515,22.082996071305747],[-100.91705965238886,22.08299588941368],[-100.91705938172261,22.08299570311341],[-100.91705911456792,22.082995512461114],[-100.9170588510054,22.08299531751427],[-100.91705859111453,22.082995118331667],[-100.91705833497362,22.082994914973348],[-100.91705808265995,22.08299470750064],[-100.91705783424956,22.082994495976084],[-100.91705758981735,22.082994280463467],[-100.91705734943704,22.08299406102775],[-100.91705711318109,22.08299383773513],[-100.91705688112074,22.0829936106529],[-100.91705665332597,22.08299337984954],[-100.91705642986541,22.08299314539464],[-100.91705621080648,22.082992907358882],[-100.91705599621525,22.082992665814054],[-100.91705578615635,22.082992420832962],[-100.91705558069322,22.082992172489483],[-100.91705537988771,22.082991920858493],[-100.91705518380039,22.082991666015854],[-100.91705499249042,22.08299140803842],[-100.91705480601544,22.082991147003963],[-100.91705462443167,22.082990882991187],[-100.91705444779392,22.08299061607969],[-100.9170542761554,22.082990346349956],[-100.91705410956784,22.082990073883316],[-100.91705394808152,22.082989798761904],[-100.91705379174509,22.082989521068683],[-100.9170536406057,22.082989240887386],[-100.91705349470892,22.08298895830248],[-100.91705335409875,22.082988673399168],[-100.91705321881757,22.082988386263352],[-100.91705308890617,22.0829880969816],[-100.91705296440374,22.08298780564115],[-100.91705284534778,22.08298751232983],[-100.91705273177422,22.08298721713609],[-100.9170526237173,22.08298692014891],[-100.91705252120958,22.082986621457863],[-100.91705242428199,22.082986321152987],[-100.91705233296373,22.082986019324828],[-100.91705224728236,22.082985716064396],[-100.91705216726368,22.08298541146312],[-100.91705209293187,22.08298510561285],[-100.91705202430929,22.082984798605803],[-100.91705196141665,22.082984490534532],[-100.9170138911098,22.082788768576986],[-100.91720393084749,22.082756659510807]]]],""type"":""MultiPolygon""}",0,0,0,#FFFFFF,,278.75,,,comercial,,MX,24,28,78398,Aguaje 2000,,,,,,,,,,,
unidad,Gran Peñón Residencial,Lote 2,GPR / Plateros / Lote 2,disponible,,0,2,,Terreno Residencial,Lote de terreno Residencial,"{""coordinates"":[[[[-100.91720393084749,22.082756659510807],[-100.9170138911098,22.082788768576986],[-100.91699989194319,22.08271679776967],[-100.91719056231666,22.082684582158475],[-100.91720438874374,22.08275566441527],[-100.91720393084749,22.082756659510807]]]],""type"":""MultiPolygon""}",0,0,0,#FFFFFF,,162,,,comercial,,MX,24,28,78398,Aguaje 2000,,,,,,,,,,,
unidad,Gran Peñón Residencial,Lote 3,GPR / Plateros / Lote 3,disponible,,0,3,,Terreno Residencial,Lote de terreno Residencial,"{""coordinates"":[[[[-100.91719056231666,22.082684582158475],[-100.91699989194319,22.08271679776967],[-100.91698606562261,22.082645715488077],[-100.91717673590634,22.082613499899363],[-100.91719056231666,22.082684582158475]]]],""type"":""MultiPolygon""}",0,0,0,#FFFFFF,,160,,,comercial,,MX,24,28,78398,Aguaje 2000,,,,,,,,,,,
unidad,Gran Peñón Residencial,Lote 4,GPR / Plateros / Lote 4,disponible,,0,4,,Terreno Residencial,Lote de terreno Residencial,"{""coordinates"":[[[[-100.91717673590634,22.082613499899363],[-100.91698606562261,22.082645715488077],[-100.91697223931871,22.082574633203727],[-100.91716290951273,22.082542417637505],[-100.91717673590634,22.082613499899363]]]],""type"":""MultiPolygon""}",0,0,0,#FFFFFF,,160,,,comercial,,MX,24,28,78398,Aguaje 2000,,,,,,,,,,,
unidad,Gran Peñón Residencial,Lote 5,GPR / Plateros / Lote 5,disponible,,0,5,,Terreno Residencial,Lote de terreno Residencial,"{""coordinates"":[[[[-100.91716290951273,22.082542417637505],[-100.91697223931871,22.082574633203727],[-100.91695841303148,22.08250355091666],[-100.91714908313577,22.08247133537292],[-100.91716290951273,22.082542417637505]]]],""type"":""MultiPolygon""}",0,0,0,#FFFFFF,,160,,,comercial,,MX,24,28,78398,Aguaje 2000,,,,,,,,,,,
unidad,Gran Peñón Residencial,Lote 6,GPR / Plateros / Lote 6,disponible,,0,6,,Terreno Residencial,Lote de terreno Residencial,"{""coordinates"":[[[[-100.91714908313577,22.08247133537292],[-100.91695841303148,22.08250355091666],[-100.91694458676098,22.082432468626816],[-100.91713525677555,22.082400253105572],[-100.91714303410113,22.08244023688128],[-100.91714908313577,22.08247133537292]]]],""type"":""MultiPolygon""}",0,0,0,#FFFFFF,,160,,,comercial,,MX,24,28,78398,Aguaje 2000,,,,,,,,,,,
unidad,Gran Peñón Residencial,Lote 7,GPR / Plateros / Lote 7,disponible,,0,7,,Terreno Residencial,Lote de terreno Residencial,"{""coordinates"":[[[[-100.91713525677555,22.082400253105572],[-100.91694458676098,22.082432468626816],[-100.91693076050714,22.08236138633425],[-100.91712143043199,22.082329170835486],[-100.91713007189475,22.082373597254602],[-100.91713525677555,22.082400253105572]]]],""type"":""MultiPolygon""}",0,0,0,#FFFFFF,,160,,,comercial,,MX,24,28,78398,Aguaje 2000,,,,,,,,,,,
unidad,Gran Peñón Residencial,Lote 8,GPR / Plateros / Lote 8,disponible,,0,8,,Terreno Residencial,Lote de terreno Residencial,"{""coordinates"":[[[[-100.91712143043199,22.082329170835486],[-100.91693076050714,22.08236138633425],[-100.91691693426999,22.082290304038928],[-100.91710760410514,22.082258088562657],[-100.91711710970307,22.082306957625526],[-100.91712143043199,22.082329170835486]]]],""type"":""MultiPolygon""}",0,0,0,#FFFFFF,,160,,,comercial,,MX,24,28,78398,Aguaje 2000,,,,,,,,,,,
unidad,Gran Peñón Residencial,Lote 9,GPR / Plateros / Lote 9,disponible,,0,9,,Terreno Residencial,Lote de terreno Residencial,"{""coordinates"":[[[[-100.91710760410514,22.082258088562657],[-100.91691693426999,22.082290304038928],[-100.91690310804952,22.082219221740868],[-100.91709377779497,22.082187006287086],[-100.91710414752605,22.08224031799402],[-100.91710760410514,22.082258088562657]]]],""type"":""MultiPolygon""}",0,0,0,#FFFFFF,,160,,,comercial,,MX,24,28,78398,Aguaje 2000,,,,,,,,,,,
unidad,Gran Peñón Residencial,Lote 10,GPR / Plateros / Lote 10,disponible,,0,10,,Terreno Residencial,Lote de terreno Residencial,"{""coordinates"":[[[[-100.91709377779497,22.082187006287086],[-100.91690310804952,22.082219221740868],[-100.91688852077351,22.082144226666575],[-100.91688837873392,22.082143458721838],[-100.91688825093614,22.08214268860673],[-100.91688813741825,22.082141916550654],[-100.91688803821407,22.08214114278361],[-100.91688795335314,22.082140367536073],[-100.9168878828607,22.08213959103899],[-100.91688782675784,22.08213881352368],[-100.91688778506119,22.08213803522174],[-100.91688775778323,22.08213725636501],[-100.91688774493204,22.082136477185518],[-100.91688774651148,22.08213569791536],[-100.91688776252104,22.082134918786682],[-100.91688779295599,22.082134140031563],[-100.91688783780725,22.08213336188199],[-100.91688789706147,22.082132584569766],[-100.91688797070097,22.08213180832644],[-100.91688805870383,22.08213103338325],[-100.91688816104384,22.08213025997102],[-100.91688827769052,22.08212948832017],[-100.9168884086091,22.08212871866054],[-100.91688855376059,22.082127951221423],[-100.91688871310176,22.082127186231403],[-100.91688888658511,22.08212642391839],[-100.91688907415902,22.082125664509444],[-100.91688927576759,22.08212490823079],[-100.91688949135073,22.082124155307717],[-100.91688972084427,22.082123405964506],[-100.9168899641798,22.082122660424385],[-100.91689022128486,22.082121918909433],[-100.9168904920829,22.082121181640535],[-100.91689077649316,22.082120448837316],[-100.91689107443099,22.082119720718076],[-100.91689138580763,22.082118997499702],[-100.91689171053028,22.08211827939764],[-100.91689204850225,22.0821175666258],[-100.91689239962287,22.0821168593965],[-100.91689276378749,22.08211615792042],[-100.9168931408877,22.082115462406524],[-100.91689353081112,22.082114773061992],[-100.91689393344161,22.082114090092166],[-100.91689434865926,22.082113413700515],[-100.91689477634034,22.0821127440885],[-100.91689521635746,22.08211208145561],[-100.91689566857953,22.082111425999216],[-100.91689613287191,22.082110777914586],[-100.91689660909621,22.082110137394764],[-100.91689709711059,22.08210950463057],[-100.91689759676972,22.082108879810473],[-100.91689810792468,22.08210826312061],[-100.91689863042329,22.08210765474469],[-100.91689916410982,22.08210705486393],[-100.91689970882535,22.08210646365703],[-100.91690026440762,22.082105881300105],[-100.9169008306911,22.082105307966636],[-100.91690140750711,22.082104743827397],[-100.91690199468383,22.082104189050447],[-100.91690259204633,22.082103643801055],[-100.9169031994167,22.082103108241633],[-100.91690381661397,22.082102582531707],[-100.9169044434543,22.082102066827897],[-100.91690507975099,22.082101561283825],[-100.91690572531446,22.082101066050072],[-100.9169063799524,22.08210058127416],[-100.91690704346982,22.082100107100516],[-100.9169077156691,22.08209964367038],[-100.91690839634992,22.082099191121795],[-100.9169090853096,22.08209874958958],[-100.91690978234286,22.082098319205258],[-100.91691048724208,22.082097900097033],[-100.91691119979725,22.082097492389753],[-100.91691191979614,22.082097096204862],[-100.91691264702428,22.08209671166039],[-100.916913381265,22.08209633887088],[-100.9169141222996,22.082095977947382],[-100.91691486990733,22.082095628997415],[-100.9169156238655,22.082095292124915],[-100.91691638394951,22.082094967430244],[-100.91691714993296,22.082094655010124],[-100.91691792158763,22.08209435495761],[-100.91691869868367,22.082094067362096],[-100.9169363923055,22.08208783846728],[-100.91695419324765,22.082081881102138],[-100.91697209671344,22.082076196871935],[-100.9169900978786,22.08207078730835],[-100.91699249640979,22.08207020456405],[-100.91699490518542,22.082069659759508],[-100.91699732351464,22.082069153050966],[-100.91699975070391,22.08206868458375],[-100.91700218605705,22.08206825449221],[-100.91700462887569,22.082067862899702],[-100.91700707845919,22.08206750991853],[-100.91700953410502,22.082067195649927],[-100.91701199510895,22.08206692018402],[-100.9170136554323,22.082066761106976],[-100.91701531844949,22.08206662870976],[-100.91701698366697,22.08206652303168],[-100.91701865059058,22.08206644410408],[-100.91702031872565,22.082066391950388],[-100.91702198757714,22.082066366586087],[-100.9170236566498,22.082066368018694],[-100.91702532544834,22.082066396247786],[-100.9170269934775,22.082066451264993],[-100.9170286602423,22.082066533053982],[-100.91703032524808,22.082066641590472],[-100.91703198800082,22.08206677684228],[-100.91703364800695,22.082066938769245],[-100.91703530477393,22.082067127323324],[-100.91703695781011,22.082067342448553],[-100.91703860662491,22.082067584081106],[-100.91704025072902,22.082067852149265],[-100.91704188963458,22.082068146573484],[-100.91704352285515,22.082068467266378],[-100.91704514990617,22.082068814132796],[-100.9170467703047,22.08206918706979],[-100.9170483835699,22.082069585966696],[-100.91704998922303,22.082070010705134],[-100.91705158678761,22.082070461159056],[-100.91705317578953,22.082070937194782],[-100.91705475575722,22.082071438671058],[-100.91705632622184,22.082071965439045],[-100.91705788671734,22.082072517342443],[-100.91705943678062,22.082073094217456],[-100.91706097595167,22.082073695892902],[-100.91706250377376,22.082074322190216],[-100.91706401979347,22.082074972923536],[-100.9170655235609,22.08207564789976],[-100.91706701462982,22.08207634691859],[-100.91706849255775,22.082077069772566],[-100.91706995690605,22.0820778162472],[-100.91707140724021,22.08207858612094],[-100.9170728431298,22.08207937916534],[-100.91709377779497,22.082187006287086]]]],""type"":""MultiPolygon""}",0,0,0,#FFFFFF,,272.28,,,comercial,,MX,24,28,78398,Aguaje 2000,,,,,,,,,,,
unidad,Gran Peñón Residencial,Lote 11,GPR / Plateros / Lote 11,disponible,,0,11,,Terreno Residencial,Lote de terreno Residencial,"{""coordinates"":[[[[-100.91710414752605,22.08224031799402],[-100.91709377779497,22.082187006287086],[-100.9170728431298,22.08207937916534],[-100.91707389183392,22.08207997829656],[-100.91707493229252,22.082080589787832],[-100.91729018703464,22.082208884631473],[-100.91710414752605,22.08224031799402]]]],""type"":""MultiPolygon""}",0,0,0,#FFFFFF,,176.77,,,comercial,,MX,24,28,78398,Aguaje 2000,,,,,,,,,,,
unidad,Gran Peñón Residencial,Lote 12,GPR / Plateros / Lote 12,disponible,,0,12,,Terreno Residencial,Lote de terreno Residencial,"{""coordinates"":[[[[-100.91711710970307,22.082306957625526],[-100.91710760410514,22.082258088562657],[-100.91710414752605,22.08224031799402],[-100.91729018703464,22.082208884631473],[-100.91736783271237,22.082255162411986],[-100.91736842781215,22.082255597754745],[-100.91736901499829,22.082256042333743],[-100.91736959410575,22.082256496024026],[-100.9173701649718,22.08225695869811],[-100.91737072743604,22.082257430225976],[-100.91737128134038,22.08225791047511],[-100.91737182652916,22.082258399310557],[-100.91737236284915,22.082258896594944],[-100.91737289014971,22.082259402188527],[-100.91737340828259,22.082259915949223],[-100.91737391710222,22.082260437732653],[-100.91737441646562,22.082260967392184],[-100.9173749062324,22.08226150477898],[-100.91737538626498,22.08226204974202],[-100.91737585642844,22.082262602128168],[-100.91737631659069,22.082263161782183],[-100.91711710970307,22.082306957625526]]]],""type"":""MultiPolygon""}",0,0,0,#FFFFFF,,176.48,,,comercial,,MX,24,28,78398,Aguaje 2000,,,,,,,,,,,
unidad,Gran Peñón Residencial,Lote 13,GPR / Plateros / Lote 13,disponible,,0,13,,Terreno Residencial,Lote de terreno Residencial,"{""coordinates"":[[[[-100.91713007189475,22.082373597254602],[-100.91712143043199,22.082329170835486],[-100.91711710970307,22.082306957625526],[-100.91737631659069,22.082263161782183],[-100.91737678247492,22.082263748878066],[-100.91737723735315,22.082264343423518],[-100.91737768108824,22.082264945239345],[-100.91737811354645,22.082265554144136],[-100.91737853459745,22.082266169954384],[-100.91737894411433,22.082266792484468],[-100.91737934197364,22.08226742154675],[-100.91737972805551,22.082268056951627],[-100.9173801022435,22.082268698507583],[-100.91738046442485,22.082269346021256],[-100.91738081449044,22.082269999297463],[-100.9173811523347,22.08227065813931],[-100.91738147785584,22.082271322348223],[-100.91738179095573,22.08227199172399],[-100.91738209153999,22.082272666064867],[-100.91738237951803,22.08227334516759],[-100.91738265480305,22.082274028827495],[-100.91738291731208,22.0822747168385],[-100.91738316696599,22.08227540899323],[-100.91738340368953,22.082276105083075],[-100.91738362741137,22.08227680489822],[-100.91738383806404,22.082277508227744],[-100.9173840355841,22.082278214859645],[-100.91738421991198,22.08227892458095],[-100.91738439099211,22.082279637177745],[-100.91738454877297,22.082280352435234],[-100.91738469320696,22.08228107013783],[-100.91738482425055,22.08228179006923],[-100.91738494186427,22.082282512012437],[-100.91738504601267,22.082283235749827],[-100.91738513666431,22.082283961063283],[-100.9173852137919,22.08228468773419],[-100.9173852773722,22.082285415543506],[-100.91738532738607,22.082286144271876],[-100.91738536381837,22.08228687369965],[-100.91738538665815,22.08228760360698],[-100.91738539589855,22.082288333773846],[-100.91738539153677,22.082289063980202],[-100.91738537357408,22.082289794005924],[-100.91738534201596,22.082290523631],[-100.91738529687187,22.0822912526355],[-100.91738523815548,22.0822919807997],[-100.91738516588441,22.082292707904134],[-100.91738508008049,22.082293433729628],[-100.91738498076957,22.08229415805742],[-100.91738486798158,22.082294880669203],[-100.91738474175054,22.082295601347155],[-100.91738460211445,22.082296319874075],[-100.91738444911545,22.08229703603338],[-100.91738428279962,22.08229774960923],[-100.91738410321709,22.082298460386532],[-100.91738391042199,22.082299168151053],[-100.91738370447246,22.082299872689475],[-100.91738348543053,22.082300573789436],[-100.91737279356057,22.082332586774243],[-100.91713007189475,22.082373597254602]]]],""type"":""MultiPolygon""}",0,0,0,#FFFFFF,,202.47,,,comercial,,MX,24,28,78398,Aguaje 2000,,,,,,,,,,,
unidad,Gran Peñón Residencial,Lote 14,GPR / Plateros / Lote 14,disponible,,0,14,,Terreno Residencial,Lote de terreno Residencial,"{""coordinates"":[[[[-100.91714303410113,22.08244023688128],[-100.91713525677555,22.082400253105572],[-100.91713007189475,22.082373597254602],[-100.91737279356057,22.082332586774243],[-100.91734731568408,22.082405721291302],[-100.91714303410113,22.08244023688128]]]],""type"":""MultiPolygon""}",0,0,0,#FFFFFF,,175.93,,,comercial,,MX,24,28,78398,Aguaje 2000,,,,,,,,,,,
unidad,Gran Peñón Residencial,Lote 15,GPR / Plateros / Lote 15,disponible,,0,15,,Terreno Residencial,Lote de terreno Residencial,"{""coordinates"":[[[[-100.91716290951273,22.082542417637505],[-100.91714908313577,22.08247133537292],[-100.91714303410113,22.08244023688128],[-100.91734731568408,22.082405721291302],[-100.91732657544495,22.082462336146627],[-100.91730503563534,22.082518691068294],[-100.91716290951273,22.082542417637505]]]],""type"":""MultiPolygon""}",0,0,0,#FFFFFF,,209.62,,,comercial,,MX,24,28,78398,Aguaje 2000,,,,,,,,,,,
unidad,Gran Peñón Residencial,Lote 16,GPR / Plateros / Lote 16,disponible,,0,16,,Terreno Residencial,Lote de terreno Residencial,"{""coordinates"":[[[[-100.91720438874374,22.08275566441527],[-100.91719056231666,22.082684582158475],[-100.91717673590634,22.082613499899363],[-100.91716290951273,22.082542417637505],[-100.91730503563534,22.082518691068294],[-100.91728121638043,22.0825784229011],[-100.91725649886413,22.08263783688098],[-100.91723088796641,22.082696921274984],[-100.91720438874374,22.08275566441527]]]],""type"":""MultiPolygon""}",0,0,0,#FFFFFF,,182.56,,,comercial,,MX,24,28,78398,Aguaje 2000,,,,,,,,,,,
unidad,Gran Peñón Residencial,Lote 23,GPR / Plateros / Lote 23,disponible,,0,23,,Terreno Residencial,Lote de terreno Residencial,"{""coordinates"":[[[[-100.91795329891309,22.082960979007524],[-100.9177626284195,22.082993195522185],[-100.9177571773004,22.0829651717485],[-100.91775333291979,22.082945408082363],[-100.9177488016838,22.082922113336682],[-100.9179394720877,22.082889896844517],[-100.91795329891309,22.082960979007524]]]],""type"":""MultiPolygon""}",0,0,0,#FFFFFF,,160,,,comercial,,MX,24,28,78398,Aguaje 2000,,,,,,,,,,,
unidad,Gran Peñón Residencial,Lote 24,GPR / Plateros / Lote 24,disponible,,0,24,,Terreno Residencial,Lote de terreno Residencial,"{""coordinates"":[[[[-100.91796712575518,22.08303206116777],[-100.91777645517188,22.08306427770493],[-100.91777100404622,22.083036253932327],[-100.9177626284195,22.082993195522185],[-100.91795329891309,22.082960979007524],[-100.91796712575518,22.08303206116777]]]],""type"":""MultiPolygon""}",0,0,0,#FFFFFF,,160,,,comercial,,MX,24,28,78398,Aguaje 2000,,,,,,,,,,,
unidad,Gran Peñón Residencial,Lote 25,GPR / Plateros / Lote 25,disponible,,0,25,,Terreno Residencial,Lote de terreno Residencial,"{""coordinates"":[[[[-100.91798095261397,22.083103143325285],[-100.91779028194095,22.083135359884917],[-100.91778483080871,22.083107336113407],[-100.91777645517188,22.08306427770493],[-100.91796712575518,22.08303206116777],[-100.91798095261397,22.083103143325285]]]],""type"":""MultiPolygon""}",0,0,0,#FFFFFF,,160,,,comercial,,MX,24,28,78398,Aguaje 2000,,,,,,,,,,,
unidad,Gran Peñón Residencial,Lote 26,GPR / Plateros / Lote 26,disponible,,0,26,,Terreno Residencial,Lote de terreno Residencial,"{""coordinates"":[[[[-100.91799477948942,22.08317422548005],[-100.91780410872673,22.08320644206217],[-100.91779979510174,22.083184266139998],[-100.9177986575879,22.083178418291745],[-100.91779028194095,22.083135359884917],[-100.91798095261397,22.083103143325285],[-100.91799477948942,22.08317422548005]]]],""type"":""MultiPolygon""}",0,0,0,#FFFFFF,,160,,,comercial,,MX,24,28,78398,Aguaje 2000,,,,,,,,,,,
unidad,Gran Peñón Residencial,Lote 27,GPR / Plateros / Lote 27,disponible,,0,27,,Terreno Residencial,Lote de terreno Residencial,"{""coordinates"":[[[[-100.9180086063816,22.083245307632072],[-100.91781793552919,22.08327752423668],[-100.91781248438376,22.083249500467332],[-100.91780410872673,22.08320644206217],[-100.91799477948942,22.08317422548005],[-100.9180086063816,22.083245307632072]]]],""type"":""MultiPolygon""}",0,0,0,#FFFFFF,,160,,,comercial,,MX,24,28,78398,Aguaje 2000,,,,,,,,,,,
unidad,Gran Peñón Residencial,Lote 28,GPR / Plateros / Lote 28,disponible,,0,28,,Terreno Residencial,Lote de terreno Residencial,"{""coordinates"":[[[[-100.91802243329046,22.08331638978135],[-100.91783176234831,22.083348606408435],[-100.91782631119635,22.08332058264018],[-100.91781793552919,22.08327752423668],[-100.9180086063816,22.083245307632072],[-100.91802243329046,22.08331638978135]]]],""type"":""MultiPolygon""}",0,0,0,#FFFFFF,,160,,,comercial,,MX,24,28,78398,Aguaje 2000,,,,,,,,,,,
unidad,Gran Peñón Residencial,Lote 29,GPR / Plateros / Lote 29,disponible,,0,29,,Terreno Residencial,Lote de terreno Residencial,"{""coordinates"":[[[[-100.918036260216,22.083387471927875],[-100.91784558918418,22.08341968857746],[-100.91784013802561,22.083391664810286],[-100.91783176234831,22.083348606408435],[-100.91802243329046,22.08331638978135],[-100.918036260216,22.083387471927875]]]],""type"":""MultiPolygon""}",0,0,0,#FFFFFF,,160,,,comercial,,MX,24,28,78398,Aguaje 2000,,,,,,,,,,,
unidad,Gran Peñón Residencial,Lote 30,GPR / Plateros / Lote 30,disponible,,0,30,,Terreno Residencial,Lote de terreno Residencial,"{""coordinates"":[[[[-100.91805008715825,22.08345855407166],[-100.9178594160367,22.08349077074374],[-100.91785396487155,22.083462746977638],[-100.91784729615966,22.083428463935526],[-100.91784558918418,22.08341968857746],[-100.918036260216,22.083387471927875],[-100.91805008715825,22.08345855407166]]]],""type"":""MultiPolygon""}",0,0,0,#FFFFFF,,160,,,comercial,,MX,24,28,78398,Aguaje 2000,,,,,,,,,,,
unidad,Gran Peñón Residencial,Lote 31,GPR / Plateros / Lote 31,disponible,,0,31,,Terreno Residencial,Lote de terreno Residencial,"{""coordinates"":[[[[-100.9178594160367,22.08349077074374],[-100.91805008715825,22.08345855407166],[-100.91806011352378,22.083510097990562],[-100.91806058406183,22.083512754125717],[-100.9180610050712,22.083515417471325],[-100.91806137642513,22.083518087225237],[-100.91806169801168,22.083520762583365],[-100.91806196973414,22.08352344273992],[-100.91806219151054,22.083526126887683],[-100.91806236327412,22.083528814218234],[-100.91806248497316,22.083531503922188],[-100.91806255657097,22.083534195189443],[-100.91806257804603,22.083536887209426],[-100.91806254939183,22.083539579171354],[-100.91806247061703,22.08354227026443],[-100.9180623417453,22.083544959678157],[-100.9180621628155,22.083547646602515],[-100.9180619338815,22.083550330228242],[-100.91806165501227,22.08355300974706],[-100.91806132629175,22.08355568435195],[-100.91806094781899,22.08355835323736],[-100.91806051970795,22.083561015599468],[-100.91806004208759,22.083563670636394],[-100.91805951510173,22.083566317548488],[-100.91805893890913,22.083568955538542],[-100.91805831368329,22.083571583812027],[-100.91805763961251,22.083574201577353],[-100.91805691689986,22.08357680804607],[-100.91805614576296,22.083579402433173],[-100.91805532643407,22.083581983957256],[-100.91805445915998,22.083584551840808],[-100.91805354420187,22.083587105310414],[-100.91804629966433,22.083603231423456],[-100.9178677917342,22.083533829142265],[-100.9178594160367,22.08349077074374]]]],""type"":""MultiPolygon""}",0,0,0,#FFFFFF,,212.64,,,comercial,,MX,24,28,78398,Aguaje 2000,,,,,,,,,,,
unidad,Gran Peñón Residencial,Lote 32,GPR / Plateros / Lote 32,disponible,,0,32,,Terreno Residencial,Lote de terreno Residencial,"{""coordinates"":[[[[-100.9180168786769,22.083670070219277],[-100.91783732612167,22.083602531703267],[-100.91786736749361,22.08353390082364],[-100.9178677917342,22.083533829142265],[-100.91804629966433,22.083603231423456],[-100.9180168786769,22.083670070219277]]]],""type"":""MultiPolygon""}",0,0,0,#FFFFFF,,162.33,,,comercial,,MX,24,28,78398,Aguaje 2000,,,,,,,,,,,
unidad,Gran Peñón Residencial,Lote 33,GPR / Plateros / Lote 33,disponible,,0,33,,Terreno Residencial,Lote de terreno Residencial,"{""coordinates"":[[[[-100.9179882922678,22.083737222769273],[-100.91780795770035,22.083671648627345],[-100.91782078281472,22.083641002093177],[-100.91783126470048,22.08361637928762],[-100.91783732612167,22.083602531703267],[-100.9180168786769,22.083670070219277],[-100.9179882922678,22.083737222769273]]]],""type"":""MultiPolygon""}",0,0,0,#FFFFFF,,162.33,,,comercial,,MX,24,28,78398,Aguaje 2000,,,,,,,,,,,
unidad,Gran Peñón Residencial,Lote 34,GPR / Plateros / Lote 34,disponible,,0,34,,Terreno Residencial,Lote de terreno Residencial,"{""coordinates"":[[[[-100.9179605442885,22.083804680020965],[-100.9177793567193,22.08374104445155],[-100.91778490342777,22.08372715951909],[-100.91779505712515,22.083702475467607],[-100.91780795770035,22.083671648627345],[-100.9179882922678,22.083737222769273],[-100.9179605442885,22.083804680020965]]]],""type"":""MultiPolygon""}",0,0,0,#FFFFFF,,162.33,,,comercial,,MX,24,28,78398,Aguaje 2000,,,,,,,,,,,
unidad,Gran Peñón Residencial,Lote 35,GPR / Plateros / Lote 35,disponible,,0,35,,Terreno Residencial,Lote de terreno Residencial,"{""coordinates"":[[[[-100.9179605442885,22.083804680020965],[-100.91793363847752,22.0838724328809],[-100.91775152576469,22.083810712924187],[-100.9177793567193,22.08374104445155],[-100.9179605442885,22.083804680020965]]]],""type"":""MultiPolygon""}",0,0,0,#FFFFFF,,162.33,,,comercial,,MX,24,28,78398,Aguaje 2000,,,,,,,,,,,
unidad,Gran Peñón Residencial,Lote 36,GPR / Plateros / Lote 36,disponible,,0,36,,Terreno Residencial,Lote de terreno Residencial,"{""coordinates"":[[[[-100.91775152576469,22.083810712924187],[-100.91793363847752,22.0838724328809],[-100.91790757845973,22.08394047221576],[-100.91773925634597,22.083885479508567],[-100.9177337065041,22.083856948444616],[-100.91775152576469,22.083810712924187]]]],""type"":""MultiPolygon""}",0,0,0,#FFFFFF,,160.11,,,comercial,,MX,24,28,78398,Aguaje 2000,,,,,,,,,,,
unidad,Gran Peñón Residencial,Lote 37,GPR / Plateros / Lote 37,disponible,,0,37,,Terreno Residencial,Lote de terreno Residencial,"{""coordinates"":[[[[-100.91773925634597,22.083885479508567],[-100.91790757845973,22.08394047221576],[-100.91787848248502,22.0840195517654],[-100.91785052899984,22.08409898847652],[-100.91785028991903,22.084099403977355],[-100.91785004311576,22.08409981553743],[-100.9178497886648,22.084100223032095],[-100.91784952664312,22.084100626337918],[-100.91784925713021,22.084101025332735],[-100.91784898020762,22.0841014198957],[-100.91784869595925,22.084101809907295],[-100.91784840447119,22.08410219524939],[-100.91784810583177,22.08410257580526],[-100.91784780013143,22.084102951459645],[-100.91784748746271,22.08410332209876],[-100.9178471679204,22.08410368761033],[-100.9178468416012,22.084104047883663],[-100.91784650860404,22.08410440280961],[-100.91784616902973,22.08410475228068],[-100.91784582298114,22.084105096191024],[-100.91784547056311,22.084105434436456],[-100.9178451118823,22.084105766914533],[-100.91784474704744,22.084106093524557],[-100.91784437616901,22.08410641416758],[-100.91784399935939,22.08410672874649],[-100.91784361673263,22.084107037166014],[-100.91784322840468,22.084107339332718],[-100.91784283449313,22.08410763515508],[-100.91784243511734,22.0841079245435],[-100.91784203039823,22.084108207410313],[-100.91784162045846,22.084108483669848],[-100.9178412054221,22.084108753238436],[-100.91784078541492,22.084109016034414],[-100.91784036056416,22.084109271978186],[-100.91783993099845,22.084109520992225],[-100.91783949684796,22.08410976300111],[-100.91783905824414,22.084109997931535],[-100.91783861531987,22.084110225712333],[-100.91783816820929,22.084110446274526],[-100.91783771704787,22.084110659551296],[-100.91783726197221,22.08411086547804],[-100.9178368031202,22.08411106399239],[-100.9178363406308,22.084111255034216],[-100.9178358746441,22.084111438545655],[-100.91783540530123,22.08411161447112],[-100.91783493274436,22.084111782757315],[-100.91783445711663,22.084111943353275],[-100.91783397856216,22.084112096210358],[-100.91783349722579,22.084112241282266],[-100.91783301325339,22.084112378525045],[-100.91783252679154,22.084112507897135],[-100.9178320379876,22.084112629359346],[-100.91783154698959,22.084112742874893],[-100.91783105394626,22.08411284840938],[-100.91783055900694,22.084112945930855],[-100.91783006232154,22.08411303540978],[-100.91782956404055,22.084113116819037],[-100.9178290643148,22.084113190133973],[-100.91782856329577,22.084113255332394],[-100.91782806113514,22.084113312394543],[-100.91782755798504,22.084113361303135],[-100.91782705399784,22.084113402043343],[-100.91782654932625,22.08411343460285],[-100.91782604412309,22.084113458971782],[-100.91782553854138,22.084113475142765],[-100.91782503273431,22.084113483110887],[-100.91782452685504,22.084113482873747],[-100.91782402105682,22.08411347443141],[-100.91782351549284,22.084113457786437],[-100.91782301031624,22.08411343294387],[-100.91782250568004,22.084113399911235],[-100.9178220017371,22.084113358698527],[-100.91782149864001,22.084113309318234],[-100.91782099654121,22.084113251785332],[-100.91782049559279,22.08411318611722],[-100.91781999594646,22.084113112333807],[-100.91781949775358,22.084113030457427],[-100.917819001165,22.084112940512895],[-100.9178185063312,22.08411284252744],[-100.91781801340203,22.084112736530756],[-100.91781752252678,22.084112622554937],[-100.91781703385418,22.084112500634518],[-100.91781654753221,22.0841123708064],[-100.91781606370819,22.08411223310995],[-100.91781558252866,22.084112087586842],[-100.91781510413936,22.08411193428117],[-100.91781462868524,22.08411177323937],[-100.91779507745458,22.08410286126734],[-100.9177945819549,22.08410264663458],[-100.91779409053969,22.084102423994413],[-100.91779360335792,22.084102193414346],[-100.91779312055728,22.084101954964254],[-100.9177926422841,22.08410170871643],[-100.91779216868336,22.08410145474551],[-100.91779169989866,22.08410119312849],[-100.91779123607203,22.084100923944664],[-100.91779077734412,22.084100647275633],[-100.91779032385399,22.08410036320526],[-100.91778987573906,22.084100071819655],[-100.91778943313518,22.084099773207143],[-100.91778899617655,22.084099467458245],[-100.91778856499556,22.084099154665637],[-100.91778813972297,22.08409883492414],[-100.91778772048767,22.08409850833068],[-100.91778730741675,22.084098174984238],[-100.91778690063538,22.084097834985876],[-100.91778650026693,22.084097488438644],[-100.91778610643274,22.0840971354476],[-100.91778571925215,22.084096776119743],[-100.91778533884258,22.08409641056399],[-100.91778496531929,22.084096038891158],[-100.91778459879558,22.08409566121391],[-100.91778423938244,22.084095277646718],[-100.91778388718895,22.084094888305856],[-100.91778354232177,22.08409449330936],[-100.91778320488548,22.08409409277694],[-100.91778287498236,22.084093686830016],[-100.9177825527124,22.084093275591652],[-100.9177822381733,22.084092859186487],[-100.9177819314604,22.084092437740754],[-100.91778163266666,22.084092011382207],[-100.9177813418827,22.08409158024008],[-100.9177810591966,22.084091144445072],[-100.91778078469409,22.084090704129274],[-100.91778051845837,22.084090259426155],[-100.91778026057013,22.084089810470537],[-100.91778001110757,22.08408935739848],[-100.91777977014631,22.084088900347343],[-100.91777953775933,22.08408843945566],[-100.91777931401715,22.084087974863152],[-100.91777909898757,22.084087506710635],[-100.91777889273574,22.084087035140023],[-100.91777869532417,22.084086560294267],[-100.91777850681278,22.08408608231729],[-100.91777832725863,22.084085601353994],[-100.9177781567162,22.08408511755017],[-100.91777799523715,22.08408463105246],[-100.91773925634597,22.083885479508567]]]],""type"":""MultiPolygon""}",0,0,0,#FFFFFF,,260.99,,,comercial,,MX,24,28,78398,Aguaje 2000,,,,,,,,,,,
unidad,Gran Peñón Residencial,Lote 22,GPR / Plateros / Lote 22,disponible,,0,22,,Terreno Residencial,Lote de terreno Residencial,"{""coordinates"":[[[[-100.9179394720877,22.082889896844517],[-100.9177488016838,22.082922113336682],[-100.9177433505713,22.08289408956194],[-100.9177349749648,22.08285103114845],[-100.91792564527901,22.082818814678767],[-100.9179394720877,22.082889896844517]]]],""type"":""MultiPolygon""}",0,0,0,#FFFFFF,,160,,,comercial,,MX,24,28,78398,Aguaje 2000,,,,,,,,,,,
unidad,Gran Peñón Residencial,Lote 21,GPR / Plateros / Lote 21,disponible,,0,21,,Terreno Residencial,Lote de terreno Residencial,"{""coordinates"":[[[[-100.91792564527901,22.082818814678767],[-100.9177349749648,22.08285103114845],[-100.91772952385888,22.082823007372625],[-100.91772114826249,22.082779948957473],[-100.91791181848698,22.08274773251028],[-100.91792564527901,22.082818814678767]]]],""type"":""MultiPolygon""}",0,0,0,#FFFFFF,,160,,,comercial,,MX,24,28,78398,Aguaje 2000,,,,,,,,,,,
unidad,Gran Peñón Residencial,Lote 20,GPR / Plateros / Lote 20,disponible,,0,20,,Terreno Residencial,Lote de terreno Residencial,"{""coordinates"":[[[[-100.91791181848698,22.08274773251028],[-100.91772114826249,22.082779948957473],[-100.91771569716315,22.082751925180556],[-100.91771244469011,22.082735204403818],[-100.91770732157688,22.082708866763753],[-100.91789799171165,22.082676650339042],[-100.91791181848698,22.08274773251028]]]],""type"":""MultiPolygon""}",0,0,0,#FFFFFF,,160,,,comercial,,MX,24,28,78398,Aguaje 2000,,,,,,,,,,,
unidad,Gran Peñón Residencial,Lote 19,GPR / Plateros / Lote 19,disponible,,0,19,,Terreno Residencial,Lote de terreno Residencial,"{""coordinates"":[[[[-100.91789799171165,22.082676650339042],[-100.91770732157688,22.082708866763753],[-100.91770187048411,22.082680842985745],[-100.91770008271858,22.082671652175126],[-100.91769349490795,22.082637784567275],[-100.91788416495305,22.08260556816506],[-100.91789799171165,22.082676650339042]]]],""type"":""MultiPolygon""}",0,0,0,#FFFFFF,,160,,,comercial,,MX,24,28,78398,Aguaje 2000,,,,,,,,,,,
unidad,Gran Peñón Residencial,Lote 18,GPR / Plateros / Lote 18,disponible,,0,18,,Terreno Residencial,Lote de terreno Residencial,"{""coordinates"":[[[[-100.91788416495305,22.08260556816506],[-100.91769349490795,22.082637784567275],[-100.91768804382176,22.082609760788202],[-100.9176742171761,22.082538678587902],[-100.9176645819069,22.082489144024215],[-100.91766039054716,22.08246759638486],[-100.91765201500127,22.082424537961295],[-100.91779912710342,22.08251221791029],[-100.91786224404527,22.082557914324042],[-100.91786289315127,22.08255839044962],[-100.91786353345252,22.08255887682094],[-100.91786416476292,22.082559373296593],[-100.91786478689886,22.08255987973224],[-100.91786539967956,22.082560395980636],[-100.91786600292676,22.082560921891698],[-100.91786659646513,22.082561457312515],[-100.91786718012212,22.08256200208742],[-100.91786775372798,22.082562556058047],[-100.917868317116,22.082563119063316],[-100.91786887012239,22.082563690939548],[-100.91786941258631,22.08256427152048],[-100.9178699443501,22.08256486063732],[-100.91787046525913,22.08256545811879],[-100.91787097516196,22.082566063791173],[-100.91787147391038,22.082566677478386],[-100.91787196135932,22.082567299002008],[-100.91787243736707,22.082567928181337],[-100.9178729017953,22.082568564833448],[-100.91787335450894,22.082569208773247],[-100.91787379537638,22.082569859813518],[-100.91787422426941,22.082570517764978],[-100.91787464106338,22.08257118243634],[-100.9178750456371,22.082571853634363],[-100.91787543787295,22.082572531163898],[-100.91787581765688,22.082573214827963],[-100.9178761848785,22.082573904427804],[-100.91787653943099,22.082574599762918],[-100.91787688121128,22.082575300631156],[-100.9178772101201,22.082576006828745],[-100.91787752606172,22.082576718150364],[-100.9178778289443,22.08257743438922],[-100.91787811867982,22.082578155337075],[-100.91787839518399,22.08257888078431],[-100.91787865837648,22.08257961052002],[-100.91787890818071,22.082580344332044],[-100.91787914452411,22.082581082007046],[-100.91787936733792,22.08258182333054],[-100.91787957655741,22.082582568087012],[-100.91787977212171,22.082583316059928],[-100.91787995397394,22.08258406703183],[-100.9178801220613,22.082584820784387],[-100.91788027633488,22.082585577098445],[-100.91788416495305,22.08260556816506]]]],""type"":""MultiPolygon""}",0,0,0,#FFFFFF,,289.55,,,comercial,,MX,24,28,78398,Aguaje 2000,,,,,,,,,,,
unidad,Gran Peñón Residencial,Lote 10,GPR / Plateros / Lote 10,disponible,,0,10,,Terreno Residencial,Lote de terreno Residencial,"{""coordinates"":[[[[-100.91662940230084,22.08243202442194],[-100.91644037407112,22.08246396194024],[-100.91644045041386,22.082463194399853],[-100.91644054080476,22.08246242818601],[-100.91644064521742,22.082461663522047],[-100.91644076362145,22.08246090063084],[-100.91644089598236,22.08246013973475],[-100.91644104226152,22.082459381055536],[-100.91644120241634,22.082458624814365],[-100.91644137640007,22.08245787123163],[-100.91644156416208,22.08245712052697],[-100.91644176564763,22.082456372919225],[-100.91644198079793,22.08245562862627],[-100.91644220955031,22.08245488786506],[-100.91644245183812,22.082454150851493],[-100.91644270759069,22.082453417800394],[-100.91644297673355,22.08245268892542],[-100.91644325918816,22.082451964439016],[-100.91644355487227,22.08245124455234],[-100.91644386369966,22.08245052947523],[-100.9164441855803,22.082449819416112],[-100.91644452042043,22.082449114581923],[-100.9164448681224,22.082448415178117],[-100.91644522858488,22.08244772140855],[-100.9164456017028,22.082447033475425],[-100.91644598736744,22.082446351579257],[-100.91644638546637,22.082445675918798],[-100.91644679588354,22.08244500669099],[-100.91644721849934,22.08244434409088],[-100.91644765319059,22.082443688311596],[-100.9164480998306,22.082443039544287],[-100.91644855828918,22.082442397978035],[-100.91644902843271,22.082441763799842],[-100.91644951012414,22.08244113719456],[-100.91645000322308,22.08244051834481],[-100.91645050758585,22.082439907430977],[-100.91646603326177,22.082421723424833],[-100.91648186048785,22.08240376665669],[-100.91649798543565,22.082386041469913],[-100.91651440420479,22.082368552151873],[-100.91653111282376,22.082351302932857],[-100.91654810725102,22.082334297985085],[-100.91656538337583,22.08231754142171],[-100.91658293701936,22.08230103729578],[-100.91660076393562,22.082284789599296],[-100.91661557620276,22.08236094209139],[-100.91662940230084,22.08243202442194]]]],""type"":""MultiPolygon""}",0,0,0,#FFFFFF,,182.6,,,comercial,,MX,24,28,78398,Aguaje 2000,,,,,,,,,,,
unidad,Gran Peñón Residencial,Lote 9,GPR / Plateros / Lote 9,disponible,,0,9,,Terreno Residencial,Lote de terreno Residencial,"{""coordinates"":[[[[-100.91664322841564,22.082503106749744],[-100.91645255810576,22.08253532171422],[-100.9164387320807,22.082464239363926],[-100.91644037407112,22.08246396194024],[-100.91662940230084,22.08243202442194],[-100.91664322841564,22.082503106749744]]]],""type"":""MultiPolygon""}",0,0,0,#FFFFFF,,160,,,comercial,,MX,24,28,78398,Aguaje 2000,,,,,,,,,,,
unidad,Gran Peñón Residencial,Lote 8,GPR / Plateros / Lote 8,disponible,,0,8,,Terreno Residencial,Lote de terreno Residencial,"{""coordinates"":[[[[-100.9166570545471,22.082574189074812],[-100.91646638414751,22.082606404061767],[-100.91645255810576,22.08253532171422],[-100.91664322841564,22.082503106749744],[-100.9166570545471,22.082574189074812]]]],""type"":""MultiPolygon""}",0,0,0,#FFFFFF,,160,,,comercial,,MX,24,28,78398,Aguaje 2000,,,,,,,,,,,
unidad,Gran Peñón Residencial,Lote 7,GPR / Plateros / Lote 7,disponible,,0,7,,Terreno Residencial,Lote de terreno Residencial,"{""coordinates"":[[[[-100.91667088069525,22.082645271397126],[-100.91648021020596,22.082677486406574],[-100.91646638414751,22.082606404061767],[-100.9166570545471,22.082574189074812],[-100.91667088069525,22.082645271397126]]]],""type"":""MultiPolygon""}",0,0,0,#FFFFFF,,160,,,comercial,,MX,24,28,78398,Aguaje 2000,,,,,,,,,,,
unidad,Gran Peñón Residencial,Lote 6,GPR / Plateros / Lote 6,disponible,,0,6,,Terreno Residencial,Lote de terreno Residencial,"{""coordinates"":[[[[-100.91668470686011,22.082716353716705],[-100.91649403628108,22.08274856874863],[-100.91648021020596,22.082677486406574],[-100.91667088069525,22.082645271397126],[-100.91668470686011,22.082716353716705]]]],""type"":""MultiPolygon""}",0,0,0,#FFFFFF,,160,,,comercial,,MX,24,28,78398,Aguaje 2000,,,,,,,,,,,
unidad,Gran Peñón Residencial,Lote 5,GPR / Plateros / Lote 5,disponible,,0,5,,Terreno Residencial,Lote de terreno Residencial,"{""coordinates"":[[[[-100.91669853304164,22.082787436033538],[-100.91650786237291,22.08281965108795],[-100.91649403628108,22.08274856874863],[-100.91668470686011,22.082716353716705],[-100.91669853304164,22.082787436033538]]]],""type"":""MultiPolygon""}",0,0,0,#FFFFFF,,160,,,comercial,,MX,24,28,78398,Aguaje 2000,,,,,,,,,,,
unidad,Gran Peñón Residencial,Lote 4,GPR / Plateros / Lote 4,disponible,,0,4,,Terreno Residencial,Lote de terreno Residencial,"{""coordinates"":[[[[-100.91671235923988,22.082858518347617],[-100.91652168848142,22.082890733424524],[-100.91650786237291,22.08281965108795],[-100.91669853304164,22.082787436033538],[-100.91671235923988,22.082858518347617]]]],""type"":""MultiPolygon""}",0,0,0,#FFFFFF,,160,,,comercial,,MX,24,28,78398,Aguaje 2000,,,,,,,,,,,
unidad,Gran Peñón Residencial,Lote 3,GPR / Plateros / Lote 3,disponible,,0,3,,Terreno Residencial,Lote de terreno Residencial,"{""coordinates"":[[[[-100.91672618545479,22.082929600658964],[-100.91653551460661,22.082961815758352],[-100.91652168848142,22.082890733424524],[-100.91671235923988,22.082858518347617],[-100.91672618545479,22.082929600658964]]]],""type"":""MultiPolygon""}",0,0,0,#FFFFFF,,160,,,comercial,,MX,24,28,78398,Aguaje 2000,,,,,,,,,,,
unidad,Gran Peñón Residencial,Lote 2,GPR / Plateros / Lote 2,disponible,,0,2,,Terreno Residencial,Lote de terreno Residencial,"{""coordinates"":[[[[-100.91672618545479,22.082929600658964],[-100.9167400116864,22.083000682967562],[-100.91654934074849,22.08303289808943],[-100.91653551460661,22.082961815758352],[-100.91672618545479,22.082929600658964]]]],""type"":""MultiPolygon""}",0,0,0,#FFFFFF,,160,,,comercial,,MX,24,28,78398,Aguaje 2000,,,,,,,,,,,
unidad,Gran Peñón Residencial,Lote 28,GPR / Plateros / Lote 28,disponible,,0,28,,Terreno Residencial,Lote de terreno Residencial,"{""coordinates"":[[[[-100.9174007199884,22.083765002239193],[-100.91741454666905,22.083836084453846],[-100.91722387484218,22.083868300429337],[-100.91721004825119,22.083797218192178],[-100.9174007199884,22.083765002239193]]]],""type"":""MultiPolygon""}",0,0,0,#FFFFFF,,160,,,comercial,,MX,24,28,78398,Aguaje 2000,,,,,,,,,,,
unidad,Gran Peñón Residencial,Lote 29,GPR / Plateros / Lote 29,disponible,,0,29,,Terreno Residencial,Lote de terreno Residencial,"{""coordinates"":[[[[-100.91741454666905,22.083836084453846],[-100.91742837336646,22.083907166665742],[-100.91723770144984,22.083939382663708],[-100.91722387484218,22.083868300429337],[-100.91741454666905,22.083836084453846]]]],""type"":""MultiPolygon""}",0,0,0,#FFFFFF,,160,,,comercial,,MX,24,28,78398,Aguaje 2000,,,,,,,,,,,
unidad,Gran Peñón Residencial,Lote 30,GPR / Plateros / Lote 30,disponible,,0,30,,Terreno Residencial,Lote de terreno Residencial,"{""coordinates"":[[[[-100.91742837336646,22.083907166665742],[-100.9174422000805,22.0839782488749],[-100.91725152807416,22.08401046489534],[-100.91723770144984,22.083939382663708],[-100.91742837336646,22.083907166665742]]]],""type"":""MultiPolygon""}",0,0,0,#FFFFFF,,160,,,comercial,,MX,24,28,78398,Aguaje 2000,,,,,,,,,,,
unidad,Gran Peñón Residencial,Lote 31,GPR / Plateros / Lote 31,disponible,,0,31,,Terreno Residencial,Lote de terreno Residencial,"{""coordinates"":[[[[-100.9174422000805,22.0839782488749],[-100.9174560268113,22.084049331081303],[-100.9172653547152,22.084081547124253],[-100.91725152807416,22.08401046489534],[-100.9174422000805,22.0839782488749]]]],""type"":""MultiPolygon""}",0,0,0,#FFFFFF,,160,,,comercial,,MX,24,28,78398,Aguaje 2000,,,,,,,,,,,
unidad,Gran Peñón Residencial,Lote 32,GPR / Plateros / Lote 32,disponible,,0,32,,Terreno Residencial,Lote de terreno Residencial,"{""coordinates"":[[[[-100.9174560268113,22.084049331081303],[-100.91746985355873,22.084120413284985],[-100.91728535895113,22.084151585587453],[-100.91721314532417,22.08411687693249],[-100.917208153066,22.08409121189493],[-100.9172653547152,22.084081547124253],[-100.9174560268113,22.084049331081303]]]],""type"":""MultiPolygon""}",0,0,0,#FFFFFF,,191.1,,,comercial,,MX,24,28,78398,Aguaje 2000,,,,,,,,,,,
unidad,Gran Peñón Residencial,Lote 1,GPR / Plateros / Lote 1,disponible,,0,1,,Terreno Residencial,Lote de terreno Residencial,"{""coordinates"":[[[[-100.91821955830511,22.08280897394746],[-100.91810481295039,22.082954508466383],[-100.9180648658156,22.08292707287799],[-100.91803645393026,22.082781011016017],[-100.91803633116568,22.08278020398179],[-100.91803622343517,22.08277939508483],[-100.91803613077113,22.08277858456839],[-100.91803605320143,22.082777772676213],[-100.9180359907494,22.08277695965246],[-100.91803594343384,22.082776145741622],[-100.91803591126893,22.082775331188465],[-100.91803589426436,22.082774516237947],[-100.91803589242528,22.082773701135146],[-100.91803590575223,22.082772886125184],[-100.91803593424113,22.082772071453153],[-100.91803597788352,22.08277125736405],[-100.91803603666621,22.082770444102692],[-100.91803611057152,22.082769631913646],[-100.91803619957726,22.082768821041153],[-100.91803630365663,22.08276801172907],[-100.91803642277834,22.082767204220787],[-100.91803655690661,22.082766398759112],[-100.91803670600106,22.08276559558631],[-100.91803687001683,22.082764794943877],[-100.91803704890464,22.08276399707261],[-100.9180372426107,22.082763202212444],[-100.91803745107669,22.08276241060241],[-100.91803767424003,22.08276162248057],[-100.91803791203347,22.082760838083935],[-100.91803816438564,22.08276005764839],[-100.91803843122054,22.08275928140862],[-100.91803871245796,22.082758509598087],[-100.91803900801335,22.082757742448877],[-100.91803931779782,22.082756980191686],[-100.91803964171821,22.082756223055757],[-100.91803997967708,22.08275547126877],[-100.91804033157281,22.08275472505682],[-100.91804069729962,22.082753984644295],[-100.91804107674749,22.08275325025387],[-100.91804146980228,22.08275252210639],[-100.91804187634581,22.082751800420827],[-100.91804229625586,22.082751085414213],[-100.91804272940611,22.082750377301565],[-100.91804317566631,22.082749676295833],[-100.91804363490226,22.082748982607832],[-100.91804410697587,22.08274829644616],[-100.91804459174514,22.08274761801717],[-100.91804508906431,22.082746947524885],[-100.91804559878383,22.082746285170938],[-100.9180461207504,22.082745631154516],[-100.91804665480709,22.082744985672296],[-100.91804720079321,22.0827443489184],[-100.91804775854463,22.082743721084295],[-100.91804832789363,22.082743102358812],[-100.91804890866895,22.082742492928002],[-100.91804950069596,22.082741892975143],[-100.91805010379663,22.082741302680656],[-100.91805071778957,22.082740722222052],[-100.91805134249017,22.08274015177389],[-100.9180519777105,22.082739591507732],[-100.91805262325965,22.082739041592053],[-100.91805327894336,22.082738502192218],[-100.9180539445645,22.082737973470458],[-100.9180546199229,22.082737455585768],[-100.91805530481551,22.082736948693864],[-100.9180559990363,22.082736452947223],[-100.9180567023765,22.082735968494898],[-100.91805741462463,22.08273549548259],[-100.91805813556648,22.08273503405254],[-100.91805886498527,22.082734584343516],[-100.9180596026616,22.082734146490747],[-100.91806034837369,22.082733720625924],[-100.91806110189722,22.082733306877092],[-100.91806186300563,22.082732905368697],[-100.91806263147004,22.08273251622148],[-100.91806340705934,22.082732139552455],[-100.91806418954027,22.082731775474915],[-100.91806497867752,22.08273142409833],[-100.91806577423382,22.082731085528366],[-100.91806657596989,22.082730759866852],[-100.91806738364463,22.08273044721172],[-100.91806819701519,22.082730147656992],[-100.91806901583689,22.08272986129276],[-100.91806983986355,22.082729588205115],[-100.91807066884735,22.082729328476212],[-100.918071502539,22.08272908218414],[-100.91807234068777,22.082728849402976],[-100.91807318304161,22.082728630202705],[-100.91807402934725,22.082728424649268],[-100.91807487935012,22.082728232804467],[-100.91807573279462,22.082728054726005],[-100.91807658942409,22.082727890467424],[-100.91807744898095,22.082727740078116],[-100.91807831120671,22.08272760360333],[-100.91807917584202,22.08272748108409],[-100.91808004262695,22.082727372557237],[-100.91808091130075,22.082727278055412],[-100.91808178160223,22.082727197607042],[-100.91808265326966,22.08272713123632],[-100.91808352604093,22.08272707896319],[-100.91808439965354,22.082727040803388],[-100.91808527384482,22.082727016768384],[-100.91808614835179,22.082727006865397],[-100.91808702291156,22.082727011097422],[-100.9180878972611,22.082727029463175],[-100.91808877113742,22.082727061957137],[-100.91808964427779,22.082727108569536],[-100.91809051641961,22.082727169286347],[-100.91809138730058,22.082727244089323],[-100.91809225665882,22.082727332955958],[-100.91809312423291,22.082727435859535],[-100.91809398976194,22.082727552769107],[-100.9180948529856,22.08272768364951],[-100.91809571364433,22.082727828461397],[-100.91809657147931,22.082727987161203],[-100.9180974262325,22.08272815970122],[-100.91809827764695,22.082728346029548],[-100.91809912546654,22.08272854609016],[-100.91809996943637,22.082728759822892],[-100.91810080930259,22.082728987163467],[-100.91810164481265,22.08272922804352],[-100.91810247571527,22.082729482390608],[-100.91810330176064,22.082729750128244],[-100.91810412270027,22.082730031175917],[-100.91810493828733,22.082730325449102],[-100.91810574827653,22.082730632859313],[-100.91810655242429,22.082730953314098],[-100.91821955830511,22.08280897394746]]]],""type"":""MultiPolygon""}",0,0,0,#FFFFFF,,280.4,,,comercial,,MX,24,28,78398,Aguaje 2000,,,,,,,,,,,
unidad,Gran Peñón Residencial,Lote 2,GPR / Plateros / Lote 2,disponible,,0,2,,Terreno Residencial,Lote de terreno Residencial,"{""coordinates"":[[[[-100.91816803577666,22.082997614994884],[-100.91810481295039,22.082954508466383],[-100.91821955830511,22.08280897394746],[-100.91828211660626,22.0828516273744],[-100.91816803577666,22.082997614994884]]]],""type"":""MultiPolygon""}",0,0,0,#FFFFFF,,160.84,,,comercial,,MX,24,28,78398,Aguaje 2000,,,,,,,,,,,
unidad,Gran Peñón Residencial,Lote 3,GPR / Plateros / Lote 3,disponible,,0,3,,Terreno Residencial,Lote de terreno Residencial,"{""coordinates"":[[[[-100.91816803577666,22.082997614994884],[-100.91828211660626,22.0828516273744],[-100.91834486882456,22.08289403266793],[-100.9182314545806,22.08304047075417],[-100.91816803577666,22.082997614994884]]]],""type"":""MultiPolygon""}",0,0,0,#FFFFFF,,160.84,,,comercial,,MX,24,28,78398,Aguaje 2000,,,,,,,,,,,
unidad,Gran Peñón Residencial,Lote 4,GPR / Plateros / Lote 4,disponible,,0,4,,Terreno Residencial,Lote de terreno Residencial,"{""coordinates"":[[[[-100.9182314545806,22.08304047075417],[-100.91834486882456,22.08289403266793],[-100.91837363025171,22.082913342074598],[-100.91837415143422,22.082913757299302],[-100.9183746648118,22.082914180885755],[-100.91837517022996,22.082914612706553],[-100.91837566753674,22.082915052631787],[-100.91837615658247,22.082915500529143],[-100.9183766372201,22.082915956263893],[-100.91837710930508,22.08291641969895],[-100.91837757269532,22.082916890694914],[-100.91837802725152,22.082917369110103],[-100.91837847283692,22.082917854800623],[-100.91837890931747,22.082918347620375],[-100.91837933656188,22.082918847421116],[-100.91837975444167,22.082919354052503],[-100.91838016283111,22.082919867362158],[-100.91838056160739,22.082920387195657],[-100.91838095065052,22.082920913396656],[-100.91838132984344,22.082921445806853],[-100.9183816990722,22.082921984266118],[-100.91838205822569,22.08292252861247],[-100.91838240719581,22.082923078682185],[-100.9183827458777,22.082923634309786],[-100.91838307416938,22.08292419532816],[-100.91838339197214,22.082924761568528],[-100.91838369919044,22.082925332860597],[-100.91838399573183,22.0829259090325],[-100.91838428150706,22.08292648991093],[-100.91838455643024,22.082927075321166],[-100.91838482041862,22.08292766508711],[-100.91838507339284,22.082928259031362],[-100.9183853152768,22.08292885697527],[-100.91838554599771,22.082929458738974],[-100.91838576548618,22.082930064141454],[-100.9183859736762,22.08293067300062],[-100.91838617050513,22.082931285133313],[-100.9183863559138,22.08293190035541],[-100.9183865298464,22.082932518481865],[-100.9183866922506,22.08293313932673],[-100.91838684307758,22.082933762703266],[-100.91838698228199,22.082934388423954],[-100.91838710982194,22.082935016300585],[-100.91838722565902,22.082935646144286],[-100.91838732975846,22.082936277765615],[-100.91838742208888,22.082936910974574],[-100.91838750262255,22.082937545580688],[-100.91838757133524,22.08293818139307],[-100.91838762820629,22.082938818220484],[-100.91838767321856,22.082939455871355],[-100.91838770635854,22.082940094153887],[-100.91838772761622,22.08294073287609],[-100.91838773698525,22.082941371845823],[-100.91838773446281,22.082942010870894],[-100.91838772004964,22.082942649759087],[-100.91838769375006,22.082943288318226],[-100.91838765557205,22.082943926356222],[-100.918387605527,22.082944563681163],[-100.91838754363,22.082945200101346],[-100.91838746989971,22.082945835425328],[-100.91838738435828,22.08294646946201],[-100.9183872870314,22.082947102020672],[-100.91838717794843,22.08294773291104],[-100.91838705714208,22.08294836194335],[-100.91838692464877,22.082948988928376],[-100.91838678050833,22.08294961367754],[-100.91838662476408,22.082950236002905],[-100.9183864574629,22.082950855717286],[-100.91838627865513,22.08295147263426],[-100.91838608839454,22.08295208656827],[-100.91838588673839,22.082952697334647],[-100.91838567374727,22.082953304749665],[-100.91838544948529,22.082953908630618],[-100.91838521401989,22.08295450879586],[-100.9183450933018,22.083022162927815],[-100.91830587735268,22.083090276321403],[-100.9182314545806,22.08304047075417]]]],""type"":""MultiPolygon""}",0,0,0,#FFFFFF,,160.6,,,comercial,,MX,24,28,78398,Aguaje 2000,,,,,,,,,,,
unidad,Gran Peñón Residencial,Lote 4,GPR / Plateros / Lote 4,disponible,,0,4,,Terreno Residencial,Lote de terreno Residencial,"{""coordinates"":[[[[-100.91595893699811,22.082987761806322],[-100.91583014678702,22.082907343442468],[-100.91584988834525,22.082879578602757],[-100.9158693282955,22.082851629520878],[-100.91599983345361,22.082929609263754],[-100.91597954263086,22.082958781688188],[-100.91595893699811,22.082987761806322]]]],""type"":""MultiPolygon""}",0,0,0,#FFFFFF,,120.62,,,comercial,,MX,24,28,78398,Aguaje 2000,,,,,,,,,,,
unidad,Gran Peñón Residencial,Lote 3,GPR / Plateros / Lote 3,disponible,,0,3,,Terreno Residencial,Lote de terreno Residencial,"{""coordinates"":[[[[-100.9179282470684,22.08432998195721],[-100.91796694699143,22.08446267249453],[-100.91782358136459,22.084397339388484],[-100.91787016788167,22.084308542610724],[-100.91787453757391,22.084317621302585],[-100.91787529180915,22.08431824947428],[-100.91787605765731,22.084318865320387],[-100.91787683488647,22.08431946865447],[-100.91787762326139,22.08432005929386],[-100.91787842254335,22.084320637059758],[-100.91787923249042,22.084321201777232],[-100.91788005285733,22.08432175327532],[-100.91788088339575,22.08432229138706],[-100.91788172385421,22.08432281594954],[-100.91788257397829,22.084323326803936],[-100.91788343351064,22.08432382379561],[-100.91788430219096,22.084324306774082],[-100.91788517975634,22.084324775593135],[-100.91788606594105,22.08432523011084],[-100.91788696047682,22.08432567018959],[-100.91788786309284,22.08432609569615],[-100.9178887735158,22.0843265065017],[-100.9178896914701,22.084326902481873],[-100.91789061667785,22.08432728351678],[-100.91789154885892,22.084327649491065],[-100.91789248773112,22.084328000293944],[-100.91789343301015,22.084328335819187],[-100.91789438440989,22.084328655965233],[-100.9178953416423,22.084328960635148],[-100.91789630441755,22.084329249736715],[-100.91789727244416,22.084329523182376],[-100.9178982454291,22.08432978088937],[-100.91789922307777,22.084330022779675],[-100.9179002050942,22.08433024878004],[-100.91790119118109,22.084330458822066],[-100.91790218103988,22.08433065284215],[-100.91790317437092,22.084330830781568],[-100.91790417087347,22.084330992586434],[-100.91790517024583,22.084331138207766],[-100.9179061721855,22.084331267601478],[-100.91790717638906,22.084331380728397],[-100.91790818255254,22.084331477554276],[-100.91790919037129,22.084331558049794],[-100.91791019954026,22.084331622190586],[-100.91791120975384,22.084331669957244],[-100.91791222070626,22.084331701335284],[-100.91791323209144,22.08433171631523],[-100.91791424360316,22.084331714892528],[-100.91791525493522,22.08433169706762],[-100.91791626578141,22.084331662845894],[-100.91791727583572,22.084331612237722],[-100.91791828479234,22.08433154525842],[-100.91791929234583,22.084331461928258],[-100.91792029819115,22.084331362272472],[-100.91792130202376,22.084331246321234],[-100.9179223035398,22.084331114109645],[-100.91792330243601,22.08433096567774],[-100.91792429841,22.08433080107044],[-100.91792529116027,22.08433062033759],[-100.9179262803862,22.08433042353391],[-100.91792726578835,22.084330210718967],[-100.9179282470684,22.08432998195721]]]],""type"":""MultiPolygon""}",0,0,0,#FFFFFF,,124.18,,,comercial,,MX,24,28,78398,Aguaje 2000,,,,,,,,,,,
unidad,Gran Peñón Residencial,Lote 1,GPR / Plateros / Lote 1,disponible,,0,1,,Terreno Residencial,Lote de terreno Residencial,"{""coordinates"":[[[[-100.91797113602071,22.084285605334607],[-100.91797126717225,22.08428474708523],[-100.91797138357313,22.084283886990026],[-100.91797148519359,22.08428302526916],[-100.91797157200759,22.08428216214326],[-100.91797164399289,22.084281297833304],[-100.91797170113108,22.08428043256054],[-100.91797174340753,22.08427956654652],[-100.9179717708114,22.084278700012934],[-100.91797178333572,22.08427783318163],[-100.91797178097724,22.084276966274523],[-100.9179434070741,22.084218015284524],[-100.91808146424842,22.084257872360315],[-100.91805944674677,22.084326676931124],[-100.91803831869042,22.084395723313577],[-100.91797113602071,22.084285605334607]]]],""type"":""MultiPolygon""}",0,0,0,#FFFFFF,,124.94,,,comercial,,MX,24,28,78398,Aguaje 2000,,,,,,,,,,,
unidad,Gran Peñón Residencial,Lote 2,GPR / Plateros / Lote 2,disponible,,0,2,,Terreno Residencial,Lote de terreno Residencial,"{""coordinates"":[[[[-100.91797113602071,22.084285605334607],[-100.91803831869042,22.084395723313577],[-100.91801282016358,22.0844835773032],[-100.91796694699143,22.08446267249453],[-100.9179282470684,22.08432998195721],[-100.91792922537398,22.084329736943456],[-100.9179301989502,22.084329476079436],[-100.91793116750141,22.084329199444333],[-100.91793213073356,22.084328907122163],[-100.91793308835412,22.08432859920169],[-100.91793404007234,22.084328275776418],[-100.91793498559922,22.084327936944536],[-100.91793592464767,22.084327582808935],[-100.91793685693254,22.084327213477156],[-100.91793778217075,22.084326829061336],[-100.91793870008134,22.084326429678214],[-100.91793961038559,22.08432601544904],[-100.91794051280714,22.084325586499602],[-100.91794140707191,22.084325142960168],[-100.9179422929084,22.08432468496539],[-100.9179431700476,22.08432421265435],[-100.91794403822317,22.084323726170464],[-100.91794489717154,22.084323225661446],[-100.91794574663184,22.08432271127928],[-100.91794658634616,22.08432218318014],[-100.91794741605952,22.084321641524404],[-100.91794823551999,22.084321086476535],[-100.9179490444787,22.084320518205065],[-100.91794984269006,22.08431993688255],[-100.9179506299117,22.084319342685507],[-100.91795140590455,22.084318735794366],[-100.917952170433,22.084318116393405],[-100.9179529232649,22.084317484670702],[-100.91795366417166,22.084316840818076],[-100.91795439292832,22.08431618503103],[-100.91795510931358,22.084315517508692],[-100.91795581310988,22.08431483845376],[-100.91795650410359,22.084314148072412],[-100.91795718208483,22.084313446574292],[-100.91795784684776,22.0843127341724],[-100.9179584981905,22.084312011083053],[-100.91795913591534,22.084311277525824],[-100.91795975982856,22.08431053372345],[-100.91796036974075,22.08430977990178],[-100.9179609654667,22.08430901628971],[-100.91796154682554,22.08430824311911],[-100.91796211364074,22.084307460624753],[-100.91796266574016,22.08430666904423],[-100.91796320295616,22.08430586861791],[-100.91796372512567,22.084305059588846],[-100.91796423209009,22.08430424220268],[-100.91796472369549,22.084303416707623],[-100.9179651997926,22.084302583354326],[-100.91796566023685,22.084301742395827],[-100.91796610488841,22.084300894087495],[-100.9179665336123,22.084300038686898],[-100.91796694627831,22.084299176453797],[-100.91796734276119,22.084298307649984],[-100.9179677229405,22.08429743253928],[-100.9179680867008,22.08429655138741],[-100.9179684339316,22.08429566446192],[-100.91796876452757,22.084294772032138],[-100.91796907838824,22.08429387436903],[-100.91796937541837,22.084292971745185],[-100.91796965552768,22.084292064434667],[-100.91796991863121,22.084291152712982],[-100.91797016464905,22.084290236856972],[-100.91797039350645,22.08428931714474],[-100.91797060513395,22.084288393855537],[-100.91797079946727,22.08428746726973],[-100.91797097644745,22.08428653766866],[-100.91797113602071,22.084285605334607]]]],""type"":""MultiPolygon""}",0,0,0,#FFFFFF,,134.44,,,comercial,,MX,24,28,78398,Aguaje 2000,,,,,,,,,,,
unidad,Gran Peñón Residencial,Lote 6,GPR / Plateros / Lote 6,disponible,,0,6,,Terreno Residencial,Lote de terreno Residencial,"{""coordinates"":[[[[-100.91775242658608,22.084204047225246],[-100.9176843140376,22.084333873733225],[-100.91761903251856,22.084304124163303],[-100.91768777798208,22.084173091400796],[-100.91768838754378,22.08417357137861],[-100.91768900550566,22.08417404193368],[-100.91768963170001,22.08417450293833],[-100.91769026595695,22.084174954267475],[-100.91769090810439,22.08417539579866],[-100.91769155796808,22.08417582741209],[-100.91769221537169,22.084176248990634],[-100.91769288013688,22.08417666041992],[-100.91769355208325,22.08417706158832],[-100.91769423102846,22.084177452386964],[-100.91769491678836,22.084177832709845],[-100.91775242658608,22.084204047225246]]]],""type"":""MultiPolygon""}",0,0,0,#FFFFFF,,120.08,,,comercial,,MX,24,28,78398,Aguaje 2000,,,,,,,,,,,
unidad,Gran Peñón Residencial,Lote 7,GPR / Plateros / Lote 7,disponible,,0,7,,Terreno Residencial,Lote de terreno Residencial,"{""coordinates"":[[[[-100.91768777798208,22.084173091400796],[-100.91761903251856,22.084304124163303],[-100.91757557370991,22.084284319441707],[-100.9175517114783,22.084161646251875],[-100.91767089577928,22.084141508637096],[-100.91767283157677,22.08415146033323],[-100.91767306835722,22.08415219525387],[-100.91767331850444,22.08415292631806],[-100.91767358194612,22.084153653314647],[-100.91767385860621,22.08415437603365],[-100.91767414840477,22.08415509426632],[-100.91767445125814,22.084155807805214],[-100.91767476707881,22.084156516444228],[-100.91767509577558,22.084157219978692],[-100.9176754372535,22.084157918205392],[-100.91767579141393,22.084158610922668],[-100.91767615815459,22.084159297930444],[-100.91767653736954,22.084159979030275],[-100.91767692894929,22.084160654025442],[-100.91767733278071,22.084161322720984],[-100.91767774874717,22.08416198492375],[-100.91767817672847,22.08416264044249],[-100.91767861660107,22.084163289087858],[-100.9176790682379,22.084163930672517],[-100.91767953150848,22.084164565011132],[-100.91768000627907,22.084165191920512],[-100.91768049241246,22.084165811219552],[-100.91768098976827,22.084166422729414],[-100.91768149820287,22.084167026273434],[-100.91768201756938,22.084167621677334],[-100.9176825477178,22.0841682087691],[-100.917683088495,22.08416878737918],[-100.9176836397448,22.08416935734045],[-100.91768420130795,22.084169918488286],[-100.91768477302232,22.08417047066061],[-100.91768535472268,22.084171013697933],[-100.91768594624108,22.084171547443404],[-100.91768654740669,22.08417207174287],[-100.9176871580458,22.08417258644489],[-100.91768777798208,22.084173091400796]]]],""type"":""MultiPolygon""}",0,0,0,#FFFFFF,,156.59,,,comercial,,MX,24,28,78398,Aguaje 2000,,,,,,,,,,,
unidad,Gran Peñón Residencial,Lote 8,GPR / Plateros / Lote 8,disponible,,0,8,,Terreno Residencial,Lote de terreno Residencial,"{""coordinates"":[[[[-100.9175517114783,22.084161646251875],[-100.91757557370991,22.084284319441707],[-100.91737274016005,22.084191885427316],[-100.9175517114783,22.084161646251875]]]],""type"":""MultiPolygon""}",0,0,0,#FFFFFF,,129.59,,,comercial,,MX,24,28,78398,Aguaje 2000,,,,,,,,,,,
unidad,Gran Peñón Residencial,Lote 1,GPR / Plateros / Lote 1,disponible,,0,1,,Terreno Residencial,Lote de terreno Residencial,"{""coordinates"":[[[[-100.91609703868976,22.082989075072444],[-100.91626013485363,22.083086598238495],[-100.9162349814943,22.083122678979336],[-100.9162093837293,22.083158487205793],[-100.91609490654872,22.083074064455314],[-100.91609419175639,22.083073516775293],[-100.91609348726774,22.083072957618757],[-100.91609279329478,22.083072387154058],[-100.91609211004659,22.083071805552947],[-100.9160914377288,22.083071212990532],[-100.91609077654381,22.083070609645215],[-100.91609012669073,22.083069995698654],[-100.9160894883652,22.083069371335693],[-100.9160888617594,22.083068736744313],[-100.91608824706202,22.083068092115564],[-100.91608764445806,22.08306743764355],[-100.91608705412902,22.083066773525303],[-100.91608647625262,22.083066099960774],[-100.91608591100278,22.083065417152763],[-100.91608535854976,22.083064725306834],[-100.91608481905989,22.083064024631298],[-100.91608429269556,22.08306331533711],[-100.91608377961524,22.083062597637824],[-100.91608327997344,22.083061871749518],[-100.91608279392055,22.083061137890734],[-100.91608232160294,22.083060396282427],[-100.91608186316284,22.083059647147874],[-100.91608141873822,22.083058890712636],[-100.9160809884629,22.08305812720444],[-100.91608057246643,22.083057356853168],[-100.91608017087407,22.083056579890744],[-100.91607978380671,22.08305579655112],[-100.9160794113809,22.0830550070701],[-100.91607905370878,22.08305421168542],[-100.91607871089799,22.083053410636523],[-100.9160783830518,22.083052604164592],[-100.91607807026885,22.08305179251245],[-100.91607777264339,22.08305097592445],[-100.91607749026497,22.083050154646454],[-100.91607722321862,22.08304932892573],[-100.91607697158474,22.08304849901088],[-100.91607673543912,22.083047665151778],[-100.91607651485282,22.08304682759947],[-100.91607630989228,22.083045986606134],[-100.9160761206192,22.083045142424954],[-100.91607594709053,22.083044295310117],[-100.91607578935857,22.083043445516655],[-100.91607564747078,22.083042593300426],[-100.91607552146986,22.08304173891801],[-100.91607541139382,22.083040882626634],[-100.91607531727571,22.08304002468412],[-100.91607523914392,22.083039165348765],[-100.91607517702197,22.0830383048793],[-100.91607513092853,22.08303744353479],[-100.91607510087752,22.083036581574557],[-100.91607508687797,22.083035719258135],[-100.91607508893408,22.083034856845135],[-100.91607510704526,22.08303399459521],[-100.91607514120602,22.083033132767955],[-100.9160751914061,22.083032271622862],[-100.9160752576304,22.08303141141919],[-100.91607533985895,22.08303055241593],[-100.916075438067,22.08302969487171],[-100.91607555222497,22.08302883904471],[-100.91607568229853,22.0830279851926],[-100.91607582824848,22.08302713357246],[-100.91607599003089,22.083026284440688],[-100.91607616759708,22.08302543805294],[-100.91607636089353,22.08302459466404],[-100.91607656986208,22.083023754527908],[-100.91607679443982,22.0830229178975],[-100.9160770345591,22.083022085024705],[-100.91607729014768,22.083021256160272],[-100.91607756112853,22.08302043155376],[-100.91607784742015,22.08301961145343],[-100.9160781489363,22.083018796106195],[-100.91607846558618,22.083017985757554],[-100.9160787972745,22.08301718065146],[-100.91607914390134,22.083016381030326],[-100.91607950536243,22.083015587134888],[-100.91607988154887,22.083014799204182],[-100.91608027234739,22.08301401747543],[-100.91608067764035,22.08301324218399],[-100.91608109730576,22.083012473563283],[-100.91608153121723,22.083011711844723],[-100.91608197924411,22.083010957257645],[-100.91608244125155,22.083010210029236],[-100.91608291710043,22.08300947038448],[-100.91608340664746,22.083008738546045],[-100.91608390974527,22.083008014734286],[-100.91609703868976,22.082989075072444]]]],""type"":""MultiPolygon""}",0,0,0,#FFFFFF,,165.5,,,comercial,,MX,24,28,78398,Aguaje 2000,,,,,,,,,,,
unidad,Gran Peñón Residencial,Lote 2,GPR / Plateros / Lote 2,disponible,,0,2,,Terreno Residencial,Lote de terreno Residencial,"{""coordinates"":[[[[-100.91626013485363,22.083086598238495],[-100.91609703868976,22.082989075072444],[-100.91611780076595,22.08295857447652],[-100.91613822912556,22.082927878771706],[-100.91630341858108,22.083022291840997],[-100.91628195205593,22.083054547551825],[-100.91626013485363,22.083086598238495]]]],""type"":""MultiPolygon""}",0,0,0,#FFFFFF,,164.06,,,comercial,,MX,24,28,78398,Aguaje 2000,,,,,,,,,,,
unidad,Gran Peñón Residencial,Lote 3,GPR / Plateros / Lote 3,disponible,,0,3,,Terreno Residencial,Lote de terreno Residencial,"{""coordinates"":[[[[-100.91630341858108,22.083022291840997],[-100.91613822912556,22.082927878771706],[-100.91615832165816,22.082896991129477],[-100.91617807628803,22.082865914741117],[-100.91634529076576,22.0829571786982],[-100.91632453221142,22.082989834438617],[-100.91630341858108,22.083022291840997]]]],""type"":""MultiPolygon""}",0,0,0,#FFFFFF,,164.06,,,comercial,,MX,24,28,78398,Aguaje 2000,,,,,,,,,,,
unidad,Gran Peñón Residencial,Lote 4,GPR / Plateros / Lote 4,disponible,,0,4,,Terreno Residencial,Lote de terreno Residencial,"{""coordinates"":[[[[-100.91634529076576,22.0829571786982],[-100.91617807628803,22.082865914741117],[-100.91619749097435,22.082834652817407],[-100.91621656371149,22.08280320858833],[-100.91638573410535,22.082891285719175],[-100.9163656920996,22.082924327993666],[-100.91634529076576,22.0829571786982]]]],""type"":""MultiPolygon""}",0,0,0,#FFFFFF,,164.06,,,comercial,,MX,24,28,78398,Aguaje 2000,,,,,,,,,,,
unidad,Gran Peñón Residencial,Lote 5,GPR / Plateros / Lote 5,disponible,,0,5,,Terreno Residencial,Lote de terreno Residencial,"{""coordinates"":[[[[-100.91638573410535,22.082891285719175],[-100.91621656371149,22.08280320858833],[-100.91624747375565,22.08275060085348],[-100.91627742671001,22.082697514394933],[-100.91630641404275,22.08264396433595],[-100.9163067279914,22.082643596325465],[-100.91630704874532,22.082643233448344],[-100.91630737620797,22.08264287581391],[-100.91630771028066,22.082642523529877],[-100.91630805086278,22.08264217670234],[-100.91630839785174,22.082641835435773],[-100.91630875114302,22.08264149983297],[-100.91630911063024,22.082641169995004],[-100.91630947620507,22.082640846021228],[-100.91630984775746,22.08264052800924],[-100.91631022517545,22.08264021605479],[-100.91631060834537,22.082639910251867],[-100.91631099715184,22.082639610692574],[-100.91631139147772,22.082639317467123],[-100.91631179120425,22.082639030663856],[-100.91631219621101,22.082638750369142],[-100.91631260637605,22.082638476667416],[-100.91631302157582,22.08263820964112],[-100.91631344168523,22.082637949370667],[-100.91631386657778,22.082637695934466],[-100.91631429612544,22.082637449408846],[-100.91631473019888,22.08263720986806],[-100.91631516866737,22.08263697738425],[-100.91631561139877,22.08263675202746],[-100.91631605825978,22.082636533865564],[-100.91631650911582,22.082636322964248],[-100.91631696383105,22.082636119387065],[-100.91631742226853,22.082635923195312],[-100.91631788429017,22.0826357344481],[-100.91631834975682,22.08263555320227],[-100.9163188185283,22.08263537951241],[-100.91631929046335,22.082635213430837],[-100.91631976541989,22.08263505500759],[-100.91632024325484,22.08263490429036],[-100.91632072382426,22.082634761324567],[-100.91632120698341,22.08263462615326],[-100.91632169258678,22.08263449881716],[-100.9163221804881,22.082634379354616],[-100.91632267054037,22.082634267801602],[-100.91632316259604,22.08263416419173],[-100.91632365650688,22.08263406855621],[-100.91632415212413,22.08263398092384],[-100.91632464929852,22.082633901321007],[-100.91632514788026,22.082633829771705],[-100.91632564771923,22.082633766297477],[-100.91632614866485,22.082633710917438],[-100.91632665056622,22.08263366364827],[-100.91632715327219,22.082633624504215],[-100.91632765663134,22.082633593497057],[-100.91632816049206,22.08263357063614],[-100.91632866470256,22.082633555928343],[-100.91632916911102,22.082633549378116],[-100.91632967356547,22.08263355098741],[-100.916330177914,22.08263356075574],[-100.91633068200467,22.08263357868018],[-100.91633118568565,22.08263360475532],[-100.91633168880526,22.082633638973302],[-100.91633219121194,22.082633681323838],[-100.91633269275432,22.08263373179415],[-100.91633319328143,22.08263379036905],[-100.91633369264245,22.08263385703089],[-100.91633419068698,22.082633931759595],[-100.916334687265,22.08263401453266],[-100.91633518222696,22.082634105325138],[-100.91633567542378,22.08263420410969],[-100.9163361667069,22.082634310856577],[-100.91633665592832,22.08263442553363],[-100.91633714294072,22.082634548106306],[-100.9163376275974,22.082634678537698],[-100.91633810975239,22.082634816788513],[-100.9163385892604,22.082634962817107],[-100.91633906597711,22.0826351165795],[-100.91633953975888,22.082635278029382],[-100.91634001046299,22.082635447118125],[-100.91634047794768,22.08263562379479],[-100.91634094207214,22.082635808006163],[-100.91634140269659,22.082635999696762],[-100.91634185968226,22.082636198808856],[-100.91634231289153,22.08263640528247],[-100.91634276218788,22.082636619055407],[-100.91634320743599,22.08263684006328],[-100.91634364850174,22.082637068239528],[-100.9163440852523,22.08263730351542],[-100.9163445175561,22.08263754582008],[-100.91634494528294,22.082637795080547],[-100.91634536830398,22.082638051221725],[-100.91634578649182,22.082638314166477],[-100.9163461997205,22.08263858383559],[-100.91634660786553,22.082638860147853],[-100.916347010804,22.082639143020028],[-100.91634740841454,22.082639432366932],[-100.91634780057737,22.082639728101395],[-100.9163481871744,22.082640030134346],[-100.91634856808918,22.082640338374816],[-100.916348943207,22.082640652729964],[-100.91634931241481,22.0826409731051],[-100.91634967560142,22.082641299403733],[-100.9163500326575,22.082641631527576],[-100.91635038347545,22.082641969376592],[-100.91635072794959,22.082642312849025],[-100.91635106597624,22.08264266184143],[-100.91635139745351,22.082643016248667],[-100.91635172228159,22.082643375964008],[-100.91635204036263,22.082643740879096],[-100.91635235160082,22.08264411088402],[-100.91635265590243,22.082644485867338],[-100.91635295317582,22.082644865716098],[-100.9163532433314,22.082645250315895],[-100.91635352628182,22.082645639550883],[-100.91635380194184,22.08264603330383],[-100.91635407022842,22.082646431456133],[-100.91635433106076,22.082646833887864],[-100.91635458436032,22.082647240477822],[-100.91635483005075,22.08264765110353],[-100.91635506805811,22.082648065641312],[-100.91635529831068,22.08264848396631],[-100.9163555207391,22.082648905952517],[-100.9163557352764,22.082649331472844],[-100.91635594185792,22.08264976039911],[-100.91635614042148,22.082650192602127],[-100.91635633090726,22.08265062795172],[-100.9163565132579,22.082651066316743],[-100.91635668741843,22.082651507565185],[-100.91635685333644,22.082651951564127],[-100.9163570109619,22.082652398179842],[-100.91635716024737,22.082652847277803],[-100.91635730114794,22.082653298722747],[-100.91635743362107,22.08265375237869],[-100.9163575576269,22.082654208109],[-100.9163576731281,22.082654665776403],[-100.91635778008985,22.08265512524305],[-100.91635787847993,22.082655586370553],[-100.91635796826876,22.082656049020024],[-100.91635804942923,22.0826565130521],[-100.91635812193692,22.08265697832702],[-100.91635818577001,22.08265744470465],[-100.91635824090925,22.082657912044496],[-100.91639922112512,22.082868599460248],[-100.91638573410535,22.082891285719175]]]],""type"":""MultiPolygon""}",0,0,0,#FFFFFF,,293.57,,,comercial,,MX,24,28,78398,Aguaje 2000,,,,,,,,,,,
unidad,Gran Peñón Residencial,Lote 5,GPR / Plateros / Lote 5,disponible,,0,5,,Terreno Residencial,Lote de terreno Residencial,"{""coordinates"":[[[[-100.9170647357893,22.083657642219727],[-100.91687406408563,22.083689857776093],[-100.9168602376922,22.083618775494102],[-100.91705090930618,22.08358655996022],[-100.9170647357893,22.083657642219727]]]],""type"":""MultiPolygon""}",0,0,0,#FFFFFF,,160,,,comercial,,MX,24,28,78398,Aguaje 2000,,,,,,,,,,,
unidad,Gran Peñón Residencial,Lote 1,GPR / Plateros / Lote 1,disponible,,0,1,,Terreno Residencial,Lote de terreno Residencial,"{""coordinates"":[[[[-100.91709992178923,22.083873787792527],[-100.91709962544643,22.083874514098877],[-100.91709931573607,22.083875235544557],[-100.91709899274996,22.0838759519159],[-100.91709865658375,22.0838766630007],[-100.91709830733697,22.08387736858836],[-100.91709794511313,22.083878068469893],[-100.91709757001946,22.08387876243799],[-100.9170971821671,22.083879450287107],[-100.91709678167089,22.08388013181353],[-100.91709636864948,22.083880806815365],[-100.9170959432252,22.083881475092717],[-100.91709550552405,22.083882136447635],[-100.91709505567563,22.08388279068423],[-100.91709459381326,22.083883437608716],[-100.91709412007371,22.083884077029495],[-100.91709363459724,22.083884708757186],[-100.9170931375277,22.083885332604662],[-100.91709262901233,22.08388594838715],[-100.91709210920169,22.083886555922263],[-100.9170915782498,22.08388715503006],[-100.91709103631389,22.083887745533083],[-100.91709048355447,22.083888327256442],[-100.91708992013525,22.08388890002783],[-100.91708934622316,22.083889463677597],[-100.91708876198815,22.083890018038797],[-100.91708816760327,22.083890562947243],[-100.91708756324456,22.08389109824153],[-100.91708694909104,22.083891623763108],[-100.91708632532459,22.08389213935633],[-100.91708569213002,22.083892644868477],[-100.91708504969482,22.08389314014983],[-100.91708439820928,22.083893625053687],[-100.91708373786638,22.083894099436414],[-100.9170830688617,22.083894563157525],[-100.91708239139338,22.08389501607966],[-100.91708095778687,22.083895974653284],[-100.91707954223293,22.08389695625426],[-100.91707814515735,22.08389796058736],[-100.91707676698032,22.08389898735048],[-100.91707540811636,22.08390003623479],[-100.91707406897426,22.083901106924813],[-100.91707274995674,22.083902199098493],[-100.91707145146061,22.083903312427324],[-100.91707017387634,22.083904446576444],[-100.9170689175883,22.083905601204712],[-100.91706768297429,22.083906775964838],[-100.91706647040571,22.083907970503482],[-100.91706528024727,22.083909184461334],[-100.91706411285692,22.083910417473266],[-100.91706296858581,22.083911669168412],[-100.91706184777814,22.083912939170265],[-100.917060750771,22.083914227096848],[-100.91705967789434,22.083915532560777],[-100.91705862947093,22.083916855169388],[-100.91705760581603,22.083918194524855],[-100.9170566072376,22.083919550224326],[-100.917055634036,22.083920921860035],[-100.91705468650389,22.083922309019396],[-100.91705376492634,22.08392371128521],[-100.91705286958053,22.083925128235688],[-100.91705200073575,22.08392655944462],[-100.91705115865332,22.083928004481532],[-100.91705034358655,22.083929462911787],[-100.91704955578061,22.083930934296703],[-100.91704879547243,22.08393241819373],[-100.9170480628907,22.08393391415652],[-100.9170473582558,22.083935421735116],[-100.91704668177965,22.083936940476075],[-100.91704603366573,22.083938469922575],[-100.91704541410898,22.083940009614576],[-100.91704482329574,22.083941559088984],[-100.91704426140373,22.083943117879745],[-100.91704372860197,22.08394468551798],[-100.9170432250507,22.08394626153219],[-100.91704275090139,22.08394784544833],[-100.91704230629665,22.083949436789975],[-100.91704189137023,22.083951035078485],[-100.91704150624692,22.08395263983313],[-100.91704115104254,22.08395425057121],[-100.91704082586396,22.083955866808257],[-100.91704053080899,22.08395748805812],[-100.91704026596636,22.08395911383317],[-100.91704003141575,22.0839607436444],[-100.91703982722767,22.083962377001576],[-100.91703965346359,22.08396401341342],[-100.91703951017574,22.08396565238773],[-100.91703939740725,22.083967293431524],[-100.91703931519199,22.08396893605121],[-100.91703926355477,22.083970579752712],[-100.91703924251104,22.08397222404163],[-100.91703925206717,22.08397386842339],[-100.91703929222027,22.0839755124034],[-100.91703936295832,22.08397715548716],[-100.91703946425996,22.083978797180478],[-100.91703959609477,22.083980436989545],[-100.91703975842309,22.08398207442114],[-100.9170399511961,22.083983708982753],[-100.9170401743558,22.08398534018273],[-100.91704042783509,22.08398696753044],[-100.91704071155772,22.08398859053639],[-100.91704102543835,22.083990208712425],[-100.91704136938256,22.08399182157181],[-100.91704174328694,22.083993428629437],[-100.91704214703898,22.08399502940192],[-100.91704258051725,22.083996623407778],[-100.91704304359138,22.083998210167557],[-100.91704353612208,22.083999789203986],[-100.9170440579612,22.084001360042123],[-100.91704460895181,22.084002922209482],[-100.91704518892814,22.08400447523619],[-100.91704579771576,22.08400601865512],[-100.91704643513158,22.084007552002035],[-100.91704710098382,22.084009074815743],[-100.91704779507229,22.084010586638186],[-100.91704851718814,22.084012087014653],[-100.91704926711421,22.084013575493838],[-100.91705004462492,22.084015051628054],[-100.91705084948642,22.08401651497328],[-100.91705168145661,22.084017965089373],[-100.91705254028528,22.084019401540175],[-100.91705342571406,22.08402082389361],[-100.91705433747664,22.084022231721868],[-100.91705527529882,22.084023624601485],[-100.91705623889848,22.08402500211352],[-100.9170572279858,22.084026363843634],[-100.91705824226327,22.08402770938224],[-100.91705928142582,22.08402903832462],[-100.91706034516086,22.084030350271053],[-100.9170614331485,22.08403164482693],[-100.91706254506144,22.084032921602862],[-100.91706368056525,22.08403418021483],[-100.9170648393184,22.084035420284245],[-100.91706602097231,22.08403664143813],[-100.91706722517164,22.084037843309172],[-100.91706845155412,22.084039025535883],[-100.9170696997509,22.08404018776265],[-100.91707096938654,22.084041329639902],[-100.91707226007912,22.08404245082418],[-100.9170735714405,22.084043550978258],[-100.91707490307618,22.08404462977122],[-100.91707625458565,22.084045686878582],[-100.9170776255624,22.084046721982382],[-100.91707901559404,22.084047734771282],[-100.91708042426251,22.08404872494066],[-100.91708185114409,22.084049692192664],[-100.91708329580958,22.084050636236398],[-100.91708475782445,22.084051556787873],[-100.91708623674896,22.084052453570223],[-100.91708773213828,22.084053326313693],[-100.91703403647287,22.084024808374725],[-100.91698071381506,22.083995688862274],[-100.91692777192364,22.08396597201343],[-100.91691588902732,22.08390488166241],[-100.91709992178923,22.083873787792527]]]],""type"":""MultiPolygon""}",0,0,0,#FFFFFF,,163.25,,,comercial,,MX,24,28,78398,Aguaje 2000,,,,,,,,,,,
unidad,Gran Peñón Residencial,Lote 2,GPR / Plateros / Lote 2,disponible,,0,2,,Terreno Residencial,Lote de terreno Residencial,"{""coordinates"":[[[[-100.91690171692254,22.083832022331848],[-100.91709238880563,22.083799806730507],[-100.91710216174968,22.083850049476247],[-100.91710230355751,22.08385081607885],[-100.91710243117303,22.083851584844687],[-100.91710254455845,22.083852355545545],[-100.91710264368002,22.08385312795265],[-100.91710272850837,22.083853901836715],[-100.91710279901835,22.08385467696801],[-100.91710285518896,22.08385545311644],[-100.91710289700356,22.083856230051598],[-100.91710292444974,22.083857007542868],[-100.9171029375193,22.08385778535943],[-100.91710293620845,22.08385856327042],[-100.91710292051754,22.083859341044896],[-100.91710289045118,22.08386011845197],[-100.91710284601835,22.083860895260894],[-100.91710278723221,22.08386167124106],[-100.91710271411029,22.083862446162108],[-100.91710262667415,22.083863219794026],[-100.91710252494987,22.083863991907155],[-100.9171024089676,22.083864762272285],[-100.91710227876177,22.083865530660738],[-100.91710213437104,22.083866296844423],[-100.91710197583825,22.083867060595907],[-100.9171018032105,22.083867821688454],[-100.91710161653899,22.083868579896148],[-100.91710141587915,22.08386933499391],[-100.91710120129055,22.083870086757592],[-100.91710097283689,22.083870834964028],[-100.91710073058599,22.08387157939113],[-100.91710047460974,22.083872319817896],[-100.91710020498414,22.08387305602454],[-100.91709992178923,22.083873787792527],[-100.91691588902732,22.08390488166241],[-100.91690171692254,22.083832022331848]]]],""type"":""MultiPolygon""}",0,0,0,#FFFFFF,,163.42,,,comercial,,MX,24,28,78398,Aguaje 2000,,,,,,,,,,,
unidad,Gran Peñón Residencial,Lote 3,GPR / Plateros / Lote 3,disponible,,0,3,,Terreno Residencial,Lote de terreno Residencial,"{""coordinates"":[[[[-100.91709238880563,22.083799806730507],[-100.91690171692254,22.083832022331848],[-100.91688789049573,22.083760940055335],[-100.9170785622891,22.083728724476472],[-100.91709238880563,22.083799806730507]]]],""type"":""MultiPolygon""}",0,0,0,#FFFFFF,,160,,,comercial,,MX,24,28,78398,Aguaje 2000,,,,,,,,,,,
unidad,Gran Peñón Residencial,Lote 4,GPR / Plateros / Lote 4,disponible,,0,4,,Terreno Residencial,Lote de terreno Residencial,"{""coordinates"":[[[[-100.9170785622891,22.083728724476472],[-100.91688789049573,22.083760940055335],[-100.91687406408563,22.083689857776093],[-100.9170647357893,22.083657642219727],[-100.9170785622891,22.083728724476472]]]],""type"":""MultiPolygon""}",0,0,0,#FFFFFF,,160,,,comercial,,MX,24,28,78398,Aguaje 2000,,,,,,,,,,,
unidad,Gran Peñón Residencial,Lote 6,GPR / Plateros / Lote 6,disponible,,0,6,,Terreno Residencial,Lote de terreno Residencial,"{""coordinates"":[[[[-100.91705090930618,22.08358655996022],[-100.9168602376922,22.083618775494102],[-100.91685314668464,22.083582320182835],[-100.91694201507624,22.08346045368358],[-100.91694249471814,22.083459808091195],[-100.9169429863343,22.083459170370773],[-100.91694348977606,22.083458540715217],[-100.91694400489114,22.08345791931498],[-100.91694453152368,22.083457306358007],[-100.91694506951443,22.08345670202973],[-100.91694561870064,22.083456106512923],[-100.91694617891619,22.08345551998773],[-100.91694674999165,22.083454942631544],[-100.91694733175427,22.08345437461902],[-100.91694792402807,22.08345381612196],[-100.9169485266339,22.083453267309306],[-100.9169491393895,22.083452728347048],[-100.91694976210952,22.083452199398213],[-100.9169503946056,22.0834516806228],[-100.91695103668644,22.08345117217772],[-100.9169516881578,22.083450674216778],[-100.91695234882263,22.08345018689059],[-100.91695301848111,22.083449710346557],[-100.91695369693065,22.08344924472883],[-100.91695438396606,22.083448790178238],[-100.91695507937956,22.083448346832277],[-100.91695578296074,22.083447914825058],[-100.91695649449682,22.083447494287228],[-100.91695721377255,22.083447085346023],[-100.9169579405704,22.083446688125118],[-100.91695867467051,22.083446302744665],[-100.91695941585083,22.083445929321236],[-100.91696016388714,22.08344556796778],[-100.91696091855327,22.0834452187936],[-100.91696167962087,22.083444881904313],[-100.91696244685974,22.08344455740183],[-100.91696322003784,22.08344424538429],[-100.91696399892128,22.08344394594607],[-100.91696478327445,22.083443659177757],[-100.91696557286014,22.083443385166085],[-100.91696636743949,22.083443123993938],[-100.91696716677218,22.08344287574031],[-100.9169679706164,22.0834426404803],[-100.91696877872904,22.08344241828506],[-100.91696959086565,22.083442209221804],[-100.91697040678056,22.083442013353764],[-100.91697122622699,22.083441830740195],[-100.91697204895708,22.083441661436332],[-100.91697287472195,22.08344150549337],[-100.91697370327188,22.0834413629585],[-100.9169745343562,22.083441233874815],[-100.91697536772354,22.083441118281375],[-100.91697620312183,22.08344101621314],[-100.91697704029838,22.08344092770098],[-100.91697787899992,22.083440852771673],[-100.91697871897287,22.08344079144788],[-100.91697955996305,22.08344074374814],[-100.91698040171615,22.083440709686904],[-100.9169812439775,22.083440689274457],[-100.91698208649238,22.08344068251698],[-100.91698292900594,22.083440689416516],[-100.91698377126332,22.083440709970983],[-100.9169846130098,22.083440744174148],[-100.9169854539907,22.08344079201568],[-100.9169862939517,22.083440853481108],[-100.9169871326387,22.083440928551834],[-100.91698796979806,22.08344101720515],[-100.9169888051765,22.083441119414243],[-100.91698963852139,22.083441235148197],[-100.91699046958061,22.083441364372007],[-100.91699129810284,22.083441507046587],[-100.91699212383745,22.083441663128774],[-100.91699294653465,22.08344183257136],[-100.9169937659456,22.083442015323097],[-100.91699458182248,22.0834422113287],[-100.91699539391847,22.083442420528883],[-100.91699620198796,22.083442642860383],[-100.91699700578648,22.08344287825592],[-100.91699780507098,22.083443126644315],[-100.9169985995996,22.083443387950428],[-100.91699938913206,22.083443662095224],[-100.91700017342956,22.08344394899578],[-100.91700095225484,22.083444248565304],[-100.91700172537236,22.08344456071321],[-100.91700249254819,22.08344488534505],[-100.91700325355036,22.08344522236264],[-100.91700400814867,22.083445571664054],[-100.91700475611484,22.08344593314362],[-100.91700549722266,22.083446306692],[-100.91700623124791,22.083446692196215],[-100.91700695796862,22.083447089539646],[-100.91700767716496,22.08344749860212],[-100.91700838861937,22.08344791925989],[-100.91700909211666,22.083448351385723],[-100.91700978744406,22.083448794848913],[-100.9170104743912,22.08344924951532],[-100.91701115275036,22.08344971524742],[-100.9170118223163,22.083450191904337],[-100.9170124828865,22.0834506793419],[-100.91701313426118,22.083451177412663],[-100.91701377624331,22.083451685965965],[-100.91701440863865,22.083452204847998],[-100.91701503125596,22.08345273390179],[-100.91701564390692,22.083453272967336],[-100.9170162464062,22.08345382188157],[-100.91701683857156,22.083454380478457],[-100.91701742022391,22.08345494858904],[-100.91701799118727,22.08345552604147],[-100.91701855128896,22.083456112661082],[-100.91701910035954,22.083456708270454],[-100.91701963823297,22.0834573126894],[-100.9170201647465,22.08345792573513],[-100.91702067974093,22.08345854722218],[-100.91702118306044,22.083459176962577],[-100.91702167455283,22.083459814765842],[-100.91702215406939,22.083460460439056],[-100.91702262146511,22.083461113786907],[-100.91702307659858,22.083461774611784],[-100.91702351933216,22.0834624427138],[-100.91702394953195,22.08346311789086],[-100.91702436706777,22.08346379993875],[-100.9170247718134,22.083464488651156],[-100.91702516364631,22.083465183819765],[-100.91702554244807,22.083465885234304],[-100.91702590810407,22.08346659268261],[-100.91702626050369,22.08346730595069],[-100.91702659954036,22.083468024822807],[-100.91702692511151,22.08346874908151],[-100.91702723711872,22.083469478507737],[-100.91702753546753,22.083470212880847],[-100.91702782006774,22.083470951978708],[-100.91702809083327,22.08347169557776],[-100.91702834768218,22.083472443453072],[-100.91702859053684,22.083473195378456],[-100.91702881932375,22.08347395112645],[-100.9170290339737,22.08347471046845],[-100.9170292344218,22.0834754731748],[-100.91702942060739,22.08347623901478],[-100.91702959247418,22.083477007756734],[-100.91702974997013,22.08347777916815],[-100.91705090930618,22.08358655996022]]]],""type"":""MultiPolygon""}",0,0,0,#FFFFFF,,254.17,,,comercial,,MX,24,28,78398,Aguaje 2000,,,,,,,,,,,
unidad,Gran Peñón Residencial,Lote 17,GPR / Plateros / Lote 17,disponible,,0,17,,Terreno Residencial,Lote de terreno Residencial,"{""coordinates"":[[[[-100.91765201500127,22.082424537961295],[-100.91766039054716,22.08246759638486],[-100.91746972061304,22.082499812516684],[-100.91745791926243,22.082439141713976],[-100.91748011071023,22.08237567467436],[-100.9174802843187,22.082375095414424],[-100.9174804686591,22.082374519041963],[-100.91748066367626,22.082373945729678],[-100.91748086931172,22.08237337564935],[-100.91748108550384,22.082372808971794],[-100.91748131218789,22.0823722458668],[-100.91748154929589,22.08237168650309],[-100.91748179675685,22.08237113104827],[-100.91748205449659,22.082370579668776],[-100.91748232243789,22.082370032529802],[-100.91748260050046,22.082369489795298],[-100.91748288860104,22.082368951627878],[-100.91748318665323,22.082368418188796],[-100.91748349456775,22.08236788963789],[-100.91748381225237,22.08236736613353],[-100.91748413961187,22.082366847832557],[-100.91748447654818,22.08236633489028],[-100.91748482296032,22.0823658274604],[-100.9174851787445,22.08236532569494],[-100.91748554379413,22.082364829744268],[-100.91748591799984,22.082364339756964],[-100.9174863012495,22.082363855879844],[-100.91748669342826,22.082363378257902],[-100.91748709441862,22.08236290703425],[-100.91748750410044,22.082362442350064],[-100.91748792235096,22.082361984344594],[-100.91748834904486,22.082361533155055],[-100.9174887840543,22.082361088916656],[-100.91748922724891,22.082360651762485],[-100.91748967849591,22.082360221823546],[-100.91749013766011,22.082359799228644],[-100.91749060460393,22.082359384104407],[-100.91749107918744,22.082358976575225],[-100.91749156126843,22.082358576763195],[-100.91749205070248,22.082358184788117],[-100.91749254734295,22.082357800767436],[-100.91749305104102,22.082357424816223],[-100.91749356164573,22.08235705704712],[-100.91749407900416,22.08235669757031],[-100.91749460296123,22.08235634649353],[-100.91749513335998,22.08235600392194],[-100.9174956700415,22.08235566995822],[-100.91749621284494,22.082355344702403],[-100.91749676160768,22.082355028251953],[-100.91749731616531,22.082354720701705],[-100.91749787635165,22.082354422143794],[-100.91749844199887,22.082354132667685],[-100.91749901293745,22.082353852360104],[-100.91749958899636,22.082353581305046],[-100.91750017000298,22.082353319583724],[-100.91750075578322,22.082353067274568],[-100.91750134616159,22.082352824453167],[-100.91750194096113,22.082352591192272],[-100.91750254000368,22.082352367561782],[-100.91750314310974,22.08235215362871],[-100.91750375009858,22.08235194945715],[-100.91750436078834,22.082351755108267],[-100.91750497499605,22.082351570640313],[-100.91750559253764,22.082351396108546],[-100.91750621322815,22.082351231565273],[-100.91750683688153,22.082351077059784],[-100.91750746331093,22.082350932638384],[-100.91750809232865,22.082350798344333],[-100.91750872374628,22.082350674217874],[-100.91750935737454,22.082350560296213],[-100.91750999302366,22.08235045661346],[-100.91751063050307,22.082350363200703],[-100.91751126962188,22.082350280085915],[-100.91751191018854,22.082350207294017],[-100.91751255201108,22.0823501448468],[-100.91751319489727,22.082350092762994],[-100.91751383865443,22.08235005105819],[-100.91751448308968,22.08235001974489],[-100.91751512800994,22.082349998832477],[-100.91751577322195,22.082349988327213],[-100.91751641853241,22.08234998823225],[-100.91751706374795,22.082349998547613],[-100.91751770867526,22.08235001927022],[-100.9175183531211,22.08235005039384],[-100.91751899689237,22.08235009190917],[-100.91751963979614,22.082350143803772],[-100.91752028163984,22.082350206062085],[-100.9175209222311,22.082350278665448],[-100.91752156137802,22.082350361592123],[-100.9175221988891,22.08235045481725],[-100.91752283457328,22.082350558312914],[-100.91752346824009,22.08235067204808],[-100.91752409969975,22.0823507959887],[-100.91752472876296,22.0823509300976],[-100.91752535524125,22.08235107433463],[-100.91752597894695,22.082351228656552],[-100.91752659969313,22.08235139301714],[-100.91752721729384,22.082351567367137],[-100.91752783156402,22.082351751654308],[-100.91752844231961,22.08235194582344],[-100.91752904937759,22.08235214981634],[-100.91752965255608,22.0823523635719],[-100.91753025167436,22.082352587026055],[-100.91753084655292,22.082352820111876],[-100.91753143701351,22.082353062759505],[-100.91753202287919,22.082353314896235],[-100.91753260397446,22.08235357644654],[-100.91753318012519,22.082353847332023],[-100.91753375115873,22.08235412747155],[-100.91753431690398,22.08235441678116],[-100.91753487719143,22.08235471517417],[-100.91753543185322,22.082355022561185],[-100.91753598072316,22.08235533885009],[-100.91753652363678,22.08235566394612],[-100.9175370604314,22.08235599775187],[-100.91753759094618,22.08235634016732],[-100.91765201500127,22.082424537961295]]]],""type"":""MultiPolygon""}",0,0,0,#FFFFFF,,227.54,,,comercial,,MX,24,28,78398,Aguaje 2000,,,,,,,,,,,
unidad,Gran Peñón Residencial,Lote 15,GPR / Plateros / Lote 15,disponible,,0,15,,Terreno Residencial,Lote de terreno Residencial,"{""coordinates"":[[[[-100.9176742171761,22.082538678587902],[-100.91768804382176,22.082609760788202],[-100.91749737370824,22.08264197696501],[-100.9174835471523,22.08257089474221],[-100.9176742171761,22.082538678587902]]]],""type"":""MultiPolygon""}",0,0,0,#FFFFFF,,160,,,comercial,,MX,24,28,78398,Aguaje 2000,,,,,,,,,,,
unidad,Gran Peñón Residencial,Lote 14,GPR / Plateros / Lote 14,disponible,,0,14,,Terreno Residencial,Lote de terreno Residencial,"{""coordinates"":[[[[-100.91769349490795,22.082637784567275],[-100.91770008271858,22.082671652175126],[-100.91770187048411,22.082680842985745],[-100.91751120028086,22.082713059185036],[-100.91749737370824,22.08264197696501],[-100.91768804382176,22.082609760788202],[-100.91769349490795,22.082637784567275]]]],""type"":""MultiPolygon""}",0,0,0,#FFFFFF,,160,,,comercial,,MX,24,28,78398,Aguaje 2000,,,,,,,,,,,
unidad,Gran Peñón Residencial,Lote 13,GPR / Plateros / Lote 13,disponible,,0,13,,Terreno Residencial,Lote de terreno Residencial,"{""coordinates"":[[[[-100.91770732157688,22.082708866763753],[-100.91771244469011,22.082735204403818],[-100.91771569716315,22.082751925180556],[-100.9175250268702,22.082784141402332],[-100.91751120028086,22.082713059185036],[-100.91770187048411,22.082680842985745],[-100.91770732157688,22.082708866763753]]]],""type"":""MultiPolygon""}",0,0,0,#FFFFFF,,160,,,comercial,,MX,24,28,78398,Aguaje 2000,,,,,,,,,,,
unidad,Gran Peñón Residencial,Lote 12,GPR / Plateros / Lote 12,disponible,,0,12,,Terreno Residencial,Lote de terreno Residencial,"{""coordinates"":[[[[-100.91771569716315,22.082751925180556],[-100.91772114826249,22.082779948957473],[-100.91772952385888,22.082823007372625],[-100.9175388534762,22.082855223616885],[-100.9175250268702,22.082784141402332],[-100.91771569716315,22.082751925180556]]]],""type"":""MultiPolygon""}",0,0,0,#FFFFFF,,160,,,comercial,,MX,24,28,78398,Aguaje 2000,,,,,,,,,,,
unidad,Gran Peñón Residencial,Lote 11,GPR / Plateros / Lote 11,disponible,,0,11,,Terreno Residencial,Lote de terreno Residencial,"{""coordinates"":[[[[-100.9177349749648,22.08285103114845],[-100.9177433505713,22.08289408956194],[-100.9175526800989,22.082926305828693],[-100.9175388534762,22.082855223616885],[-100.91772952385888,22.082823007372625],[-100.9177349749648,22.08285103114845]]]],""type"":""MultiPolygon""}",0,0,0,#FFFFFF,,160,,,comercial,,MX,24,28,78398,Aguaje 2000,,,,,,,,,,,
unidad,Gran Peñón Residencial,Lote 10,GPR / Plateros / Lote 10,disponible,,0,10,,Terreno Residencial,Lote de terreno Residencial,"{""coordinates"":[[[[-100.9177488016838,22.082922113336682],[-100.91775333291979,22.082945408082363],[-100.9177571773004,22.0829651717485],[-100.9175665067383,22.082997388037743],[-100.9175526800989,22.082926305828693],[-100.9177433505713,22.08289408956194],[-100.9177488016838,22.082922113336682]]]],""type"":""MultiPolygon""}",0,0,0,#FFFFFF,,160,,,comercial,,MX,24,28,78398,Aguaje 2000,,,,,,,,,,,
unidad,Gran Peñón Residencial,Lote 9,GPR / Plateros / Lote 9,disponible,,0,9,,Terreno Residencial,Lote de terreno Residencial,"{""coordinates"":[[[[-100.9177626284195,22.082993195522185],[-100.91777100404622,22.083036253932327],[-100.9175803333944,22.083068470244058],[-100.9175665067383,22.082997388037743],[-100.9177571773004,22.0829651717485],[-100.9177626284195,22.082993195522185]]]],""type"":""MultiPolygon""}",0,0,0,#FFFFFF,,160,,,comercial,,MX,24,28,78398,Aguaje 2000,,,,,,,,,,,
unidad,Gran Peñón Residencial,Lote 7,GPR / Plateros / Lote 7,disponible,,0,7,,Terreno Residencial,Lote de terreno Residencial,"{""coordinates"":[[[[-100.91779028194095,22.083135359884917],[-100.9177986575879,22.083178418291745],[-100.91760798675662,22.08321063464846],[-100.91759416006717,22.083139552447637],[-100.91778483080871,22.083107336113407],[-100.91779028194095,22.083135359884917]]]],""type"":""MultiPolygon""}",0,0,0,#FFFFFF,,160,,,comercial,,MX,24,28,78398,Aguaje 2000,,,,,,,,,,,
unidad,Gran Peñón Residencial,Lote 6,GPR / Plateros / Lote 6,disponible,,0,6,,Terreno Residencial,Lote de terreno Residencial,"{""coordinates"":[[[[-100.91780410872673,22.08320644206217],[-100.91781248438376,22.083249500467332],[-100.91762181346279,22.08328171684655],[-100.91760798675662,22.08321063464846],[-100.9177986575879,22.083178418291745],[-100.91779979510174,22.083184266139998],[-100.91780410872673,22.08320644206217]]]],""type"":""MultiPolygon""}",0,0,0,#FFFFFF,,160,,,comercial,,MX,24,28,78398,Aguaje 2000,,,,,,,,,,,
unidad,Gran Peñón Residencial,Lote 5,GPR / Plateros / Lote 5,disponible,,0,5,,Terreno Residencial,Lote de terreno Residencial,"{""coordinates"":[[[[-100.91781793552919,22.08327752423668],[-100.91782631119635,22.08332058264018],[-100.91763564018564,22.083352799041872],[-100.91762181346279,22.08328171684655],[-100.91781248438376,22.083249500467332],[-100.91781793552919,22.08327752423668]]]],""type"":""MultiPolygon""}",0,0,0,#FFFFFF,,160,,,comercial,,MX,24,28,78398,Aguaje 2000,,,,,,,,,,,
unidad,Gran Peñón Residencial,Lote 4,GPR / Plateros / Lote 4,disponible,,0,4,,Terreno Residencial,Lote de terreno Residencial,"{""coordinates"":[[[[-100.91783176234831,22.083348606408435],[-100.91784013802561,22.083391664810286],[-100.91764946692518,22.08342388123447],[-100.91763564018564,22.083352799041872],[-100.91782631119635,22.08332058264018],[-100.91783176234831,22.083348606408435]]]],""type"":""MultiPolygon""}",0,0,0,#FFFFFF,,160,,,comercial,,MX,24,28,78398,Aguaje 2000,,,,,,,,,,,
unidad,Gran Peñón Residencial,Lote 3,GPR / Plateros / Lote 3,disponible,,0,3,,Terreno Residencial,Lote de terreno Residencial,"{""coordinates"":[[[[-100.91784558918418,22.08341968857746],[-100.91784729615966,22.083428463935526],[-100.91785396487155,22.083462746977638],[-100.9176632936814,22.08349496342431],[-100.91764946692518,22.08342388123447],[-100.91784013802561,22.083391664810286],[-100.91784558918418,22.08341968857746]]]],""type"":""MultiPolygon""}",0,0,0,#FFFFFF,,160,,,comercial,,MX,24,28,78398,Aguaje 2000,,,,,,,,,,,
unidad,Gran Peñón Residencial,Lote 2,GPR / Plateros / Lote 2,disponible,,0,2,,Terreno Residencial,Lote de terreno Residencial,"{""coordinates"":[[[[-100.91785396487155,22.083462746977638],[-100.9178594160367,22.08349077074374],[-100.9178677917342,22.083533829142265],[-100.91786736749361,22.08353390082364],[-100.91767712045433,22.083566045611413],[-100.9176632936814,22.08349496342431],[-100.91785396487155,22.083462746977638]]]],""type"":""MultiPolygon""}",0,0,0,#FFFFFF,,160,,,comercial,,MX,24,28,78398,Aguaje 2000,,,,,,,,,,,
unidad,Gran Peñón Residencial,Lote 1,GPR / Plateros / Lote 1,disponible,,0,1,,Terreno Residencial,Lote de terreno Residencial,"{""coordinates"":[[[[-100.91777921271306,22.083740993874464],[-100.91775152576469,22.083810712924187],[-100.9177337065041,22.083856948444616],[-100.91767712045433,22.083566045611413],[-100.91786736749361,22.08353390082364],[-100.91783718257693,22.083602477708943],[-100.91783126470048,22.08361637928762],[-100.91782722369102,22.083625611150648],[-100.91782078281472,22.083641002093177],[-100.91780776626617,22.083671579016965],[-100.91779505712515,22.083702475467607],[-100.91778860670057,22.083717889210206],[-100.91778490342777,22.08372715951909],[-100.91777921271306,22.083740993874464]]]],""type"":""MultiPolygon""}",0,0,0,#FFFFFF,,320.04,,,comercial,,MX,24,28,78398,Aguaje 2000,,,,,,,,,,,
unidad,Gran Peñón Residencial,Lote 8,GPR / Plateros / Lote 8,disponible,,0,8,,Terreno Residencial,Lote de terreno Residencial,"{""coordinates"":[[[[-100.91777645517188,22.08306427770493],[-100.91778483080871,22.083107336113407],[-100.91759416006717,22.083139552447637],[-100.9175803333944,22.083068470244058],[-100.91777100404622,22.083036253932327],[-100.91777645517188,22.08306427770493]]]],""type"":""MultiPolygon""}",0,0,0,#FFFFFF,,160,,,comercial,,MX,24,28,78398,Aguaje 2000,,,,,,,,,,,
unidad,Gran Peñón Residencial,Lote 16,GPR / Plateros / Lote 16,disponible,,0,16,,Terreno Residencial,Lote de terreno Residencial,"{""coordinates"":[[[[-100.91766039054716,22.08246759638486],[-100.9176645819069,22.082489144024215],[-100.9176742171761,22.082538678587902],[-100.9174835471523,22.08257089474221],[-100.91746972061304,22.082499812516684],[-100.91766039054716,22.08246759638486]]]],""type"":""MultiPolygon""}",0,0,0,#FFFFFF,,160,,,comercial,,MX,24,28,78398,Aguaje 2000,,,,,,,,,,,
unidad,Gran Peñón Residencial,Lote 4,GPR / Plateros / Lote 4,disponible,,0,4,,Terreno Residencial,Lote de terreno Residencial,"{""coordinates"":[[[[-100.91787016788167,22.084308542610724],[-100.91782358136459,22.084397339388484],[-100.91774959558236,22.084363623275],[-100.91781770490184,22.08423380280301],[-100.91783882923389,22.084243431822077],[-100.91787016788167,22.084308542610724]]]],""type"":""MultiPolygon""}",0,0,0,#FFFFFF,,120.66,,,comercial,,MX,24,28,78398,Aguaje 2000,,,,,,,,,,,
unidad,Gran Peñón Residencial,Lote 5,GPR / Plateros / Lote 5,disponible,,0,5,,Terreno Residencial,Lote de terreno Residencial,"{""coordinates"":[[[[-100.91781770490184,22.08423380280301],[-100.91774959558236,22.084363623275],[-100.9176843140376,22.084333873733225],[-100.91775242658608,22.084204047225246],[-100.91781770490184,22.08423380280301]]]],""type"":""MultiPolygon""}",0,0,0,#FFFFFF,,120.02,,,comercial,,MX,24,28,78398,Aguaje 2000,,,,,,,,,,,
unidad,Gran Peñón Residencial,Lote 2,GPR / Plateros / Lote 2,disponible,,0,2,,Terreno Residencial,Lote de terreno Residencial,"{""coordinates"":[[[[-100.9158377150361,22.083075506455533],[-100.91573485463803,22.08313096154454],[-100.91568527311594,22.083094396758888],[-100.91572088604723,22.083050907776492],[-100.91575572071555,22.083006874664974],[-100.91578976755224,22.08296230952065],[-100.91589634531238,22.08303180273348],[-100.91587102471115,22.083034940432416],[-100.91587035500841,22.083035028970865],[-100.9158696870656,22.083035128389007],[-100.91586902108618,22.083035238656546],[-100.91586835727304,22.083035359739906],[-100.9158676958284,22.08303549160219],[-100.9158670369537,22.08303563420324],[-100.91586638084965,22.083035787499618],[-100.91586572771608,22.083035951444625],[-100.91586507775202,22.08303612598833],[-100.91586443115537,22.08303631107756],[-100.91586378812316,22.08303650665593],[-100.91586314885117,22.083036712663866],[-100.91586251353424,22.083036929038627],[-100.9158618823658,22.083037155714287],[-100.9158612555382,22.083037392621815],[-100.9158606332423,22.08303763968904],[-100.91586001566769,22.0830378968407],[-100.91585940300249,22.083038163998463],[-100.9158587954333,22.08303844108096],[-100.91585819314523,22.083038728003775],[-100.91585759632171,22.083039024679522],[-100.91585700514453,22.08303933101781],[-100.91585641979381,22.083039646925364],[-100.91585584044786,22.083039972305915],[-100.91585526728309,22.083040307060376],[-100.91585470047414,22.083040651086762],[-100.91585414019364,22.083041004280282],[-100.91585358661229,22.083041366533358],[-100.91585303989868,22.08304173773563],[-100.91585250021937,22.083042117774045],[-100.91585196773873,22.083042506532824],[-100.91585144261899,22.08304290389356],[-100.9158509250201,22.083043309735203],[-100.91585041509968,22.08304372393413],[-100.9158499130131,22.083044146364173],[-100.9158494189133,22.08304457689667],[-100.91584893295075,22.083045015400455],[-100.91584845527353,22.083045461741968],[-100.91584798602713,22.08304591578525],[-100.91584752535445,22.083046377391984],[-100.91584707339588,22.083046846421567],[-100.91584663028902,22.083047322731137],[-100.91584619616891,22.083047806175603],[-100.91584577116774,22.083048296607682],[-100.91584535541497,22.083048793878003],[-100.91584494903731,22.083049297835093],[-100.91584455215843,22.083049808325434],[-100.91584416489935,22.08305032519353],[-100.91584378737792,22.083050848281946],[-100.91584341970922,22.083051377431328],[-100.91584306200521,22.0830519124805],[-100.91584271437485,22.083052453266486],[-100.91584237692403,22.083052999624552],[-100.91584204975554,22.083053551388264],[-100.91584173296908,22.08305410838956],[-100.91584142666109,22.083054670458775],[-100.91584113092492,22.083055237424688],[-100.91584084585058,22.083055809114605],[-100.91584057152498,22.08305638535438],[-100.91584030803165,22.08305696596847],[-100.91584005545089,22.083057550780044],[-100.91583981385959,22.08305813961094],[-100.91583958333136,22.083058732281803],[-100.91583936393646,22.08305932861209],[-100.91583915574165,22.083059928420173],[-100.91583895881038,22.083060531523326],[-100.91583877320265,22.083061137737843],[-100.91583859897497,22.083061746879075],[-100.91583843618047,22.083062358761453],[-100.91583828486866,22.083062973198608],[-100.91583814508567,22.083063590003363],[-100.91583801687409,22.083064208987853],[-100.91583790027295,22.083064829963508],[-100.91583779531778,22.08306545274119],[-100.91583770204056,22.08306607713119],[-100.91583762046967,22.083066702943302],[-100.91583755063003,22.083067329986907],[-100.91583749254285,22.083067958071],[-100.91583744622582,22.083068587004256],[-100.91583741169308,22.083069216595103],[-100.91583738895511,22.08306984665176],[-100.91583737801892,22.083070476982304],[-100.91583737888774,22.083071107394733],[-100.91583739156138,22.08307173769701],[-100.91583741603594,22.083072367697152],[-100.91583745230395,22.083072997203242],[-100.91583750035444,22.08307362602353],[-100.91583756017269,22.083074253966473],[-100.9158376317405,22.083074880840794],[-100.9158377150361,22.083075506455533]]]],""type"":""MultiPolygon""}",0,0,0,#FFFFFF,,179.69,,,comercial,,MX,24,28,78398,Aguaje 2000,,,,,,,,,,,
unidad,Gran Peñón Residencial,Lote 7,GPR / Plateros / Lote 7,disponible,,0,7,,Terreno Residencial,Lote de terreno Residencial,"{""coordinates"":[[[[-100.91607780902791,22.082811056860418],[-100.9159440332819,22.082738048172533],[-100.9159619357426,22.08270922071991],[-100.91597952685373,22.08268022725378],[-100.91611485396449,22.08275070395745],[-100.91609649424564,22.082780967180998],[-100.91607780902791,22.082811056860418]]]],""type"":""MultiPolygon""}",0,0,0,#FFFFFF,,120.62,,,comercial,,MX,24,28,78398,Aguaje 2000,,,,,,,,,,,
unidad,Gran Peñón Residencial,Lote 8,GPR / Plateros / Lote 8,disponible,,0,8,,Terreno Residencial,Lote de terreno Residencial,"{""coordinates"":[[[[-100.91611485396449,22.08275070395745],[-100.91597952685373,22.08268022725378],[-100.91599680058944,22.08265106850686],[-100.91601375904794,22.082621749447515],[-100.91615058580503,22.082689667255895],[-100.91613288509564,22.082720269617102],[-100.91611485396449,22.08275070395745]]]],""type"":""MultiPolygon""}",0,0,0,#FFFFFF,,120.62,,,comercial,,MX,24,28,78398,Aguaje 2000,,,,,,,,,,,
unidad,Gran Peñón Residencial,Lote 9,GPR / Plateros / Lote 9,disponible,,0,9,,Terreno Residencial,Lote de terreno Residencial,"{""coordinates"":[[[[-100.91615058580503,22.082689667255895],[-100.91601375904794,22.082621749447515],[-100.91603039993565,22.082592272747938],[-100.91603791988929,22.082578619426897],[-100.91604073200948,22.082573599450875],[-100.91604270171739,22.08256993747913],[-100.91604672051565,22.082562640897137],[-100.91618490726476,22.08262793243445],[-100.91618027291987,22.08263653341177],[-100.91617499246904,22.08264612097421],[-100.91615058580503,22.082689667255895]]]],""type"":""MultiPolygon""}",0,0,0,#FFFFFF,,120.62,,,comercial,,MX,24,28,78398,Aguaje 2000,,,,,,,,,,,
unidad,Gran Peñón Residencial,Lote 10,GPR / Plateros / Lote 10,disponible,,0,10,,Terreno Residencial,Lote de terreno Residencial,"{""coordinates"":[[[[-100.91620448430817,22.082591598979192],[-100.91618490726476,22.08262793243445],[-100.91604672051565,22.082562640897137],[-100.91606685024186,22.082525041865456],[-100.91607587288227,22.0825097959394],[-100.91608505809837,22.08249463457567],[-100.91621966695138,22.082566298601034],[-100.91621201424861,22.082578916794155],[-100.91620448430817,22.082591598979192]]]],""type"":""MultiPolygon""}",0,0,0,#FFFFFF,,129.78,,,comercial,,MX,24,28,78398,Aguaje 2000,,,,,,,,,,,
unidad,Gran Peñón Residencial,Lote 11,GPR / Plateros / Lote 11,disponible,,0,11,,Terreno Residencial,Lote de terreno Residencial,"{""coordinates"":[[[[-100.91621966695138,22.082566298601034],[-100.91608505809837,22.08249463457567],[-100.91609869462131,22.082472754872242],[-100.91611266971172,22.08245106153184],[-100.91612698043802,22.082429559104984],[-100.91625812224491,22.082506604886596],[-100.91624499503817,22.082526329058144],[-100.9162321757106,22.08254622835435],[-100.91621966695138,22.082566298601034]]]],""type"":""MultiPolygon""}",0,0,0,#FFFFFF,,128.94,,,comercial,,MX,24,28,78398,Aguaje 2000,,,,,,,,,,,
unidad,Gran Peñón Residencial,Lote 12,GPR / Plateros / Lote 12,disponible,,0,12,,Terreno Residencial,Lote de terreno Residencial,"{""coordinates"":[[[[-100.91617189606332,22.082366242204188],[-100.91629932328316,22.08244852430544],[-100.91628528921686,22.08246769842964],[-100.91627155457707,22.08248705997715],[-100.91625812224491,22.082506604886596],[-100.91612698043802,22.082429559104984],[-100.91614162379808,22.0824082521021],[-100.91615659672019,22.082387144992666],[-100.91617189606332,22.082366242204188]]]],""type"":""MultiPolygon""}",0,0,0,#FFFFFF,,128.94,,,comercial,,MX,24,28,78398,Aguaje 2000,,,,,,,,,,,
unidad,Gran Peñón Residencial,Lote 13,GPR / Plateros / Lote 13,disponible,,0,13,,Terreno Residencial,Lote de terreno Residencial,"{""coordinates"":[[[[-100.9163431922907,22.082392166491534],[-100.91632827785702,22.08241075437499],[-100.91631365383192,22.08242954162659],[-100.91629932328316,22.08244852430544],[-100.91617189606332,22.082366242204188],[-100.91618751861812,22.08234554812132],[-100.91620346110733,22.082325067084955],[-100.91621972018666,22.08230480339127],[-100.9163431922907,22.082392166491534]]]],""type"":""MultiPolygon""}",0,0,0,#FFFFFF,,128.94,,,comercial,,MX,24,28,78398,Aguaje 2000,,,,,,,,,,,
unidad,Gran Peñón Residencial,Lote 14,GPR / Plateros / Lote 14,disponible,,0,14,,Terreno Residencial,Lote de terreno Residencial,"{""coordinates"":[[[[-100.9163431922907,22.082392166491534],[-100.91621972018666,22.08230480339127],[-100.91624469564617,22.082274822917665],[-100.91627015564089,22.082245198586865],[-100.91638964645641,22.082337637826814],[-100.91637387980909,22.082355604382748],[-100.91635839400436,22.08237378187531],[-100.9163431922907,22.082392166491534]]]],""type"":""MultiPolygon""}",0,0,0,#FFFFFF,,128.98,,,comercial,,MX,24,28,78398,Aguaje 2000,,,,,,,,,,,
unidad,Gran Peñón Residencial,Lote 15,GPR / Plateros / Lote 15,disponible,,0,15,,Terreno Residencial,Lote de terreno Residencial,"{""coordinates"":[[[[-100.91638964645641,22.082337637826814],[-100.91627015564089,22.082245198586865],[-100.91629670910758,22.08221642017986],[-100.91632372749841,22.082188020155673],[-100.91643859808953,22.08228504124031],[-100.91642200899096,22.082302352554816],[-100.91640569063888,22.082319885976272],[-100.91638964645641,22.082337637826814]]]],""type"":""MultiPolygon""}",0,0,0,#FFFFFF,,128.98,,,comercial,,MX,24,28,78398,Aguaje 2000,,,,,,,,,,,
unidad,Gran Peñón Residencial,Lote 16,GPR / Plateros / Lote 16,disponible,,0,16,,Terreno Residencial,Lote de terreno Residencial,"{""coordinates"":[[[[-100.91643859808953,22.08228504124031],[-100.91632372749841,22.082188020155673],[-100.91634209898638,22.08216939046311],[-100.9163607757297,22.082151026319604],[-100.91637975331011,22.082132932069417],[-100.91648995478542,22.08223447601388],[-100.91647257455037,22.082251099409966],[-100.91645545445463,22.082267955664047],[-100.91643859808953,22.08228504124031]]]],""type"":""MultiPolygon""}",0,0,0,#FFFFFF,,128.93,,,comercial,,MX,24,28,78398,Aguaje 2000,,,,,,,,,,,
unidad,Gran Peñón Residencial,Lote 17,GPR / Plateros / Lote 17,disponible,,0,17,,Terreno Residencial,Lote de terreno Residencial,"{""coordinates"":[[[[-100.91648995478542,22.08223447601388],[-100.91637975331011,22.082132932069417],[-100.91639894989093,22.08211503961762],[-100.91641843946245,22.082097424454208],[-100.91643821741404,22.082080090746242],[-100.91654361960002,22.082186037594887],[-100.91652548103642,22.08220194169409],[-100.91650759151399,22.0822180889628],[-100.91648995478542,22.08223447601388]]]],""type"":""MultiPolygon""}",0,0,0,#FFFFFF,,128.93,,,comercial,,MX,24,28,78398,Aguaje 2000,,,,,,,,,,,
unidad,Gran Peñón Residencial,Lote 18,GPR / Plateros / Lote 18,disponible,,0,18,,Terreno Residencial,Lote de terreno Residencial,"{""coordinates"":[[[[-100.91654361960002,22.082186037594887],[-100.91643821741404,22.082080090746242],[-100.91645825655216,22.082063019509338],[-100.9164785668297,22.082046228921776],[-100.9164991437221,22.082029722723888],[-100.91659949123259,22.08213981741596],[-100.91658062857974,22.082154972197635],[-100.9165620033999,22.082170380001273],[-100.91654361960002,22.082186037594887]]]],""type"":""MultiPolygon""}",0,0,0,#FFFFFF,,128.94,,,comercial,,MX,24,28,78398,Aguaje 2000,,,,,,,,,,,
unidad,Gran Peñón Residencial,Lote 19,GPR / Plateros / Lote 19,disponible,,0,19,,Terreno Residencial,Lote de terreno Residencial,"{""coordinates"":[[[[-100.91659949123259,22.08213981741596],[-100.9164991437221,22.082029722723888],[-100.91651994799112,22.082013465991952],[-100.91654101027092,22.08199750046178],[-100.91656232586952,22.081981829689912],[-100.9166574642172,22.082095902722443],[-100.91663791308112,22.08211027958039],[-100.9166185874016,22.08212491883516],[-100.91659949123259,22.08213981741596]]]],""type"":""MultiPolygon""}",0,0,0,#FFFFFF,,128.94,,,comercial,,MX,24,28,78398,Aguaje 2000,,,,,,,,,,,
unidad,Gran Peñón Residencial,Lote 20,GPR / Plateros / Lote 20,disponible,,0,20,,Terreno Residencial,Lote de terreno Residencial,"{""coordinates"":[[[[-100.9166574642172,22.082095902722443],[-100.91656232586952,22.081981829689912],[-100.91657462495,22.081972995451363],[-100.9165925537029,22.081962688461385],[-100.91661064388522,22.081952629472234],[-100.91662889154802,22.08194282067969],[-100.91664729270794,22.081933264224922],[-100.9167216928932,22.082060018815174],[-100.91670685460413,22.08206771304154],[-100.91669212795173,22.082075591373847],[-100.9166775155656,22.082083652405352],[-100.91666302005491,22.08209189469671],[-100.9166574642172,22.082095902722443]]]],""type"":""MultiPolygon""}",0,0,0,#FFFFFF,,144.28,,,comercial,,MX,24,28,78398,Aguaje 2000,,,,,,,,,,,
unidad,Gran Peñón Residencial,Lote 21,GPR / Plateros / Lote 21,disponible,,0,21,,Terreno Residencial,Lote de terreno Residencial,"{""coordinates"":[[[[-100.9167216928932,22.082060018815174],[-100.91664729270794,22.081933264224922],[-100.91666573762382,22.081924001993873],[-100.91668433729576,22.081915012607872],[-100.91670308707779,22.08190629831236],[-100.91672198228642,22.081897861284048],[-100.91678828148449,22.082028367213688],[-100.91677144881932,22.082035936941484],[-100.91675473742686,22.082043736584037],[-100.91673815092216,22.082051764454125],[-100.9167216928932,22.082060018815174]]]],""type"":""MultiPolygon""}",0,0,0,#FFFFFF,,130.91,,,comercial,,MX,24,28,78398,Aguaje 2000,,,,,,,,,,,
unidad,Gran Peñón Residencial,Lote 22,GPR / Plateros / Lote 22,disponible,,0,22,,Terreno Residencial,Lote de terreno Residencial,"{""coordinates"":[[[[-100.91678828148449,22.082028367213688],[-100.91672198228642,22.081897861284048],[-100.91673944584622,22.081890229504534],[-100.91675702816053,22.081882838370685],[-100.91677472541204,22.081875689487173],[-100.91679253375858,22.081868784406048],[-100.916798231521,22.081866610534885],[-100.91685665472909,22.082000449138036],[-100.9168513856192,22.082002449841504],[-100.916835469539,22.082008629317368],[-100.9168196448838,22.08201500949387],[-100.91680391456697,22.082021589196422],[-100.91678828148449,22.082028367213688]]]],""type"":""MultiPolygon""}",0,0,0,#FFFFFF,,130.42,,,comercial,,MX,24,28,78398,Aguaje 2000,,,,,,,,,,,
unidad,Gran Peñón Residencial,Lote 23,GPR / Plateros / Lote 23,disponible,,0,23,,Terreno Residencial,Lote de terreno Residencial,"{""coordinates"":[[[[-100.91687683107429,22.081839294207136],[-100.91692669079556,22.081976098990147],[-100.916909038034,22.081981821883527],[-100.91689147851805,22.08198778876096],[-100.91687401612961,22.081993998303375],[-100.91685665472909,22.082000449138036],[-100.916798231521,22.081866610534885],[-100.91681771732206,22.081859377399002],[-100.91683731535507,22.081852412634138],[-100.91685702136525,22.081845717752355],[-100.91687683107429,22.081839294207136]]]],""type"":""MultiPolygon""}",0,0,0,#FFFFFF,,131.01,,,comercial,,MX,24,28,78398,Aguaje 2000,,,,,,,,,,,
unidad,Gran Peñón Residencial,Lote 24,GPR / Plateros / Lote 24,disponible,,0,24,,Terreno Residencial,Lote de terreno Residencial,"{""coordinates"":[[[[-100.91699938752825,22.081958590251016],[-100.91699594080463,22.081958957298625],[-100.91699250094685,22.0819593765781],[-100.91698906886604,22.081959847978386],[-100.91698564547133,22.08196037137461],[-100.91698223166954,22.081960946628136],[-100.91697882836488,22.081961573586586],[-100.91697543645884,22.081962252083905],[-100.91697205684989,22.081962981940357],[-100.91696869043321,22.08196376296261],[-100.91696533810052,22.08196459494381],[-100.91696200073982,22.081965477663548],[-100.91695867923507,22.081966410888032],[-100.91694265056005,22.081971156116744],[-100.91692669079556,22.081976098990147],[-100.91687683107429,22.081839294207136],[-100.91689492751573,22.081833690875033],[-100.9169131028685,22.08182831397778],[-100.91691992470166,22.081826549144342],[-100.91692677765207,22.081824892337384],[-100.9169336597505,22.081823344032983],[-100.91694056901949,22.081821904676026],[-100.91694750347364,22.08182057468013],[-100.91695446112038,22.081819354427434],[-100.91696143996043,22.081818244268593],[-100.91696843798846,22.081817244522597],[-100.9169754531936,22.081816355476715],[-100.91698248356008,22.081815577386422],[-100.91699938752825,22.081958590251016]]]],""type"":""MultiPolygon""}",0,0,0,#FFFFFF,,151.82,,,comercial,,MX,24,28,78398,Aguaje 2000,,,,,,,,,,,
unidad,Gran Peñón Residencial,Lote 25,GPR / Plateros / Lote 25,disponible,,0,25,,Terreno Residencial,Lote de terreno Residencial,"{""coordinates"":[[[[-100.91699938752825,22.081958590251016],[-100.91698248356008,22.081815577386422],[-100.91698915325507,22.081814943046606],[-100.91699583301585,22.08181440857069],[-100.91700252112116,22.081813974096402],[-100.91700921584761,22.081813639735685],[-100.91701591547013,22.081813405574714],[-100.91702261826238,22.081813271673813],[-100.91702932249717,22.08181323806748],[-100.91703602644694,22.081813304764385],[-100.91704272838426,22.08181347174735],[-100.91704942658215,22.081813738973324],[-100.91705611931468,22.08181410637345],[-100.9170628048572,22.08181457385307],[-100.91706931126149,22.081815125572316],[-100.91707580760993,22.08181577207997],[-100.91708229231297,22.081816513217813],[-100.91708876378374,22.0818173488045],[-100.91709522043871,22.081818278635556],[-100.91710166069792,22.08181930248346],[-100.91707449737424,22.081963635349528],[-100.91707099680062,22.08196283326491],[-100.91706748217399,22.08196208646844],[-100.91706395449957,22.081961395173728],[-100.91706041478625,22.08196075957848],[-100.91705686404644,22.081960179864478],[-100.91705330329565,22.081959656197512],[-100.91704973355228,22.08195918872738],[-100.91704615583727,22.081958777587754],[-100.91704257117387,22.081958422896225],[-100.9170389805873,22.08195812475425],[-100.91703538510451,22.081957883247096],[-100.91703178575376,22.08195769844383],[-100.91702818356455,22.081957570397307],[-100.9170245795671,22.081957499144146],[-100.91702097479214,22.08195748470473],[-100.91701737027066,22.081957527083205],[-100.9170137670336,22.08195762626742],[-100.91701016611141,22.081957782229022],[-100.91700656853408,22.081957994923414],[-100.91700297533046,22.08195826428976],[-100.91699938752825,22.081958590251016]]]],""type"":""MultiPolygon""}",0,0,0,#FFFFFF,,161.61,,,comercial,,MX,24,28,78398,Aguaje 2000,,,,,,,,,,,
unidad,Gran Peñón Residencial,Lote 17,GPR / Plateros / Lote 17,disponible,,0,17,,Terreno Residencial,Lote de terreno Residencial,"{""coordinates"":[[[[-100.9160371080541,22.083169621347746],[-100.91594091432604,22.083282923588648],[-100.9158839289653,22.083240898875676],[-100.91598012271594,22.083127596666554],[-100.9160371080541,22.083169621347746]]]],""type"":""MultiPolygon""}",0,0,0,#FFFFFF,,120,,,comercial,,MX,24,28,78398,Aguaje 2000,,,,,,,,,,,
unidad,Gran Peñón Residencial,Lote 16,GPR / Plateros / Lote 16,disponible,,0,16,,Terreno Residencial,Lote de terreno Residencial,"{""coordinates"":[[[[-100.91599789971987,22.083324948279135],[-100.91594091432604,22.083282923588648],[-100.9160371080541,22.083169621347746],[-100.9160940934254,22.083211646006436],[-100.91599789971987,22.083324948279135]]]],""type"":""MultiPolygon""}",0,0,0,#FFFFFF,,120,,,comercial,,MX,24,28,78398,Aguaje 2000,,,,,,,,,,,
unidad,Gran Peñón Residencial,Lote 15,GPR / Plateros / Lote 15,disponible,,0,15,,Terreno Residencial,Lote de terreno Residencial,"{""coordinates"":[[[[-100.91615107882983,22.083253670642645],[-100.91605488514686,22.08336697294713],[-100.91599789971987,22.083324948279135],[-100.9160940934254,22.083211646006436],[-100.91615107882983,22.083253670642645]]]],""type"":""MultiPolygon""}",0,0,0,#FFFFFF,,120,,,comercial,,MX,24,28,78398,Aguaje 2000,,,,,,,,,,,
unidad,Gran Peñón Residencial,Lote 14,GPR / Plateros / Lote 14,disponible,,0,14,,Terreno Residencial,Lote de terreno Residencial,"{""coordinates"":[[[[-100.91620806426742,22.083295695256346],[-100.916111870607,22.08340899759264],[-100.91605488514686,22.08336697294713],[-100.91615107882983,22.083253670642645],[-100.91620806426742,22.083295695256346]]]],""type"":""MultiPolygon""}",0,0,0,#FFFFFF,,120,,,comercial,,MX,24,28,78398,Aguaje 2000,,,,,,,,,,,
unidad,Gran Peñón Residencial,Lote 12,GPR / Plateros / Lote 12,disponible,,0,12,,Terreno Residencial,Lote de terreno Residencial,"{""coordinates"":[[[[-100.91632203524202,22.08337974441627],[-100.91622584162667,22.083493046816123],[-100.91616885610026,22.08345102221562],[-100.91626504973816,22.08333771984756],[-100.91632203524202,22.08337974441627]]]],""type"":""MultiPolygon""}",0,0,0,#FFFFFF,,120,,,comercial,,MX,24,28,78398,Aguaje 2000,,,,,,,,,,,
unidad,Gran Peñón Residencial,Lote 11,GPR / Plateros / Lote 11,disponible,,0,11,,Terreno Residencial,Lote de terreno Residencial,"{""coordinates"":[[[[-100.91637966744543,22.08342100728029],[-100.91628282718622,22.08353507139412],[-100.91622584162667,22.083493046816123],[-100.91632203524202,22.08337974441627],[-100.91636557839792,22.08341185575019],[-100.91636751835155,22.083413257549697],[-100.9163694835131,22.083414628510905],[-100.91637147331829,22.083415968240153],[-100.91637348719578,22.083417276352744],[-100.91637552456724,22.08341855247304],[-100.91637758484767,22.0834197962346],[-100.91637966744543,22.08342100728029]]]],""type"":""MultiPolygon""}",0,0,0,#FFFFFF,,120.06,,,comercial,,MX,24,28,78398,Aguaje 2000,,,,,,,,,,,
unidad,Gran Peñón Residencial,Lote 10,GPR / Plateros / Lote 10,disponible,,0,10,,Terreno Residencial,Lote de terreno Residencial,"{""coordinates"":[[[[-100.91645546609705,22.083440872619533],[-100.9163398127789,22.08357709594963],[-100.91628282718622,22.08353507139412],[-100.91637966744543,22.08342100728029],[-100.91638180378938,22.083422202843202],[-100.9163839618832,22.08342336397986],[-100.91638614108825,22.08342449034668],[-100.91638834075971,22.08342558161034],[-100.91639056024664,22.083426637447936],[-100.91639279889226,22.083427657547016],[-100.91639505603416,22.08342864160572],[-100.91639733100442,22.083429589332884],[-100.91639962312982,22.083430500448028],[-100.91640193173211,22.083431374681563],[-100.91640425612815,22.08343221177478],[-100.91640659563011,22.083433011479972],[-100.9164089495457,22.083433773560508],[-100.91641131717837,22.083434497790876],[-100.91641369782751,22.083435183956755],[-100.91641609078869,22.083435831855116],[-100.91641849535374,22.083436441294232],[-100.91642091081114,22.08343701209375],[-100.91642333644616,22.08343754408479],[-100.91642577154099,22.083438037109907],[-100.91642821537508,22.083438491023212],[-100.91643066722521,22.083438905690393],[-100.91643312636592,22.083439280988742],[-100.91643559206946,22.0834396168072],[-100.91643806360628,22.08343991304641],[-100.9164405402449,22.08344016961868],[-100.91644302125256,22.083440386448114],[-100.91644550589506,22.083440563470546],[-100.91644799343712,22.083440700633584],[-100.91645048314271,22.083440797896646],[-100.91645297427507,22.083440855230943],[-100.91645546609705,22.083440872619533]]]],""type"":""MultiPolygon""}",0,0,0,#FFFFFF,,129.48,,,comercial,,MX,24,28,78398,Aguaje 2000,,,,,,,,,,,
unidad,Gran Peñón Residencial,Lote 9,GPR / Plateros / Lote 9,disponible,,0,9,,Terreno Residencial,Lote de terreno Residencial,"{""coordinates"":[[[[-100.9163967984047,22.083619120482627],[-100.9163398127789,22.08357709594963],[-100.91645546609705,22.083440872619533],[-100.91645775763183,22.083440853346804],[-100.91646004855275,22.083440800291395],[-100.91646233828646,22.08344071346658],[-100.91646462625997,22.083440592894082],[-100.91646691190066,22.083440438604093],[-100.91646919463652,22.083440250635206],[-100.91647147389624,22.083440029034474],[-100.9164737491095,22.083439773857354],[-100.91647601970679,22.083439485167702],[-100.91647828511998,22.083439163037774],[-100.91650485837789,22.083491840988547],[-100.9163967984047,22.083619120482627]]]],""type"":""MultiPolygon""}",0,0,0,#FFFFFF,,146.59,,,comercial,,MX,24,28,78398,Aguaje 2000,,,,,,,,,,,
unidad,Gran Peñón Residencial,Lote 8,GPR / Plateros / Lote 8,disponible,,0,8,,Terreno Residencial,Lote de terreno Residencial,"{""coordinates"":[[[[-100.9163967984047,22.083619120482627],[-100.91650485837789,22.083491840988547],[-100.91650681841817,22.083495726505916],[-100.91650715232397,22.08349627272021],[-100.9165074963543,22.083496813449372],[-100.91650785040544,22.083497348530393],[-100.91650821437067,22.083497877801996],[-100.91650858814032,22.08349840110463],[-100.91650897160166,22.08349891828056],[-100.91650936463913,22.083499429173884],[-100.91650976713424,22.0834999336306],[-100.91651017896572,22.083500431498656],[-100.91651060000937,22.083500922627977],[-100.91651103013831,22.083501406870507],[-100.91651146922283,22.083501884080288],[-100.91651191713063,22.083502354113474],[-100.91651237372668,22.08350281682837],[-100.91651283887333,22.08350327208551],[-100.91651331243038,22.083503719747654],[-100.91651379425507,22.083504159679865],[-100.91651428420221,22.083504591749527],[-100.91651478212405,22.083505015826415],[-100.91651528787055,22.08350543178268],[-100.91651580128922,22.083505839492943],[-100.91651632222532,22.083506238834307],[-100.91651685052179,22.083506629686404],[-100.91651738601944,22.083507011931403],[-100.91651792855681,22.083507385454087],[-100.91651847797037,22.083507750141873],[-100.9165190340945,22.083508105884817],[-100.91651959676157,22.083508452575693],[-100.916520165802,22.08350879011],[-100.91652074104422,22.083509118385983],[-100.91652132231485,22.0835094373047],[-100.91652190943871,22.083509746770005],[-100.91652250223873,22.083510046688623],[-100.9165231005363,22.08351033697015],[-100.91652370415105,22.08351061752708],[-100.91652431290102,22.083510888274844],[-100.9165249266027,22.08351114913182],[-100.91652554507114,22.0835114000194],[-100.91652616811987,22.08351164086193],[-100.9165267955611,22.08351187158683],[-100.9165274272057,22.083512092124543],[-100.91652806286326,22.0835123024086],[-100.91652870234219,22.08351250237561],[-100.9165293454497,22.08351269196529],[-100.91652999199195,22.0835128711205],[-100.91653064177406,22.08351303978723],[-100.91653129460013,22.083513197914645],[-100.91653195027341,22.083513345455074],[-100.91653260859623,22.083513482364033],[-100.91653326937018,22.08351360860027],[-100.91653393239608,22.083513724125723],[-100.91653459747401,22.083513828905584],[-100.91653526440356,22.083513922908246],[-100.91653593298369,22.083514006105386],[-100.91653660301282,22.083514078471925],[-100.91653727428898,22.08351413998605],[-100.91653794660986,22.083514190629213],[-100.91653861977282,22.083514230386157],[-100.9165392935749,22.08351425924489],[-100.91653996781302,22.083514277196716],[-100.91654064228389,22.08351428423622],[-100.91654131678425,22.083514280361292],[-100.91654199111076,22.083514265573076],[-100.91654266506016,22.083514239876063],[-100.91654333842932,22.08351420327797],[-100.91654401101525,22.083514155789842],[-100.9165446826152,22.08351409742599],[-100.9165453530267,22.083514028204018],[-100.91654602204773,22.08351394814477],[-100.91654668947656,22.0835138572724],[-100.91654735511204,22.083513755614288],[-100.91654801875353,22.083513643201076],[-100.91654868020093,22.083513520066663],[-100.91654933925493,22.08351338624816],[-100.9165499957168,22.08351324178589],[-100.91655064938875,22.083513086723425],[-100.91655130007365,22.083512921107474],[-100.9165519475754,22.083512744987992],[-100.91655259169882,22.083512558418043],[-100.91655323224974,22.083512361453884],[-100.91655386903506,22.083512154154874],[-100.91655450186288,22.083511936583506],[-100.91655513054239,22.083511708805368],[-100.9165557548841,22.08351147088911],[-100.91655637469982,22.083511222906445],[-100.91655698980276,22.083510964932138],[-100.91655760000741,22.08351069704396],[-100.91655820512992,22.08351041932263],[-100.91655880498782,22.083510131851884],[-100.91655939940033,22.083509834718374],[-100.91655998818827,22.083509528011668],[-100.91656057117416,22.083509211824207],[-100.91656114818223,22.083508886251312],[-100.91656171903861,22.083508551391123],[-100.91656228357115,22.083508207344572],[-100.91656284160977,22.08350785421526],[-100.91655571928575,22.083719156184902],[-100.91655438528791,22.083719042550428],[-100.91655305358998,22.08371890750114],[-100.91655172458779,22.08371875107717],[-100.91655039867621,22.08371857332501],[-100.91654907624934,22.083718374297487],[-100.9165477577001,22.08371815405373],[-100.91654644342036,22.083717912659203],[-100.91654513380065,22.083717650185633],[-100.91654382923018,22.083717366711028],[-100.91654253009663,22.083717062319618],[-100.91654123678606,22.08371673710186],[-100.91653994968279,22.083716391154407],[-100.91653866916934,22.083716024580056],[-100.9165373956262,22.083715637487746],[-100.91653612943183,22.083715229992517],[-100.91653487096255,22.083714802215447],[-100.91653362059232,22.083714354283675],[-100.91653237869266,22.083713886330305],[-100.91653114563273,22.08371339849439],[-100.91652992177885,22.083712890920925],[-100.9165287074948,22.08371236376072],[-100.91652750314138,22.08371181717045],[-100.9165263090765,22.083711251312526],[-100.916525125655,22.083710666355127],[-100.91652395322855,22.08371006247207],[-100.9165227921456,22.083709439842814],[-100.91652164275109,22.083708798652385],[-100.91652050538673,22.08370813909133],[-100.9165193803904,22.08370746135564],[-100.91651826809643,22.083706765646735],[-100.91651716883543,22.08370605217134],[-100.91651608293397,22.0837053211415],[-100.9165150107148,22.08370457277444],[-100.91646376074014,22.083668122247897],[-100.91641300694256,22.083631073597722],[-100.9163967984047,22.083619120482627]]]],""type"":""MultiPolygon""}",0,0,0,#FFFFFF,,253.06,,,comercial,,MX,24,28,78398,Aguaje 2000,,,,,,,,,,,
unidad,Gran Peñón Residencial,Lote 3,GPR / Plateros / Lote 3,disponible,,0,3,,Terreno Residencial,Lote de terreno Residencial,"{""coordinates"":[[[[-100.91675792123492,22.08325386926495],[-100.91673438446956,22.08332119644694],[-100.91659962067298,22.083294176261216],[-100.91659942511453,22.083292240444187],[-100.91659919966376,22.08329030745272],[-100.91659894436748,22.08328837768775],[-100.91659865927862,22.083286451549537],[-100.91659424273062,22.083263745504603],[-100.91659413507087,22.083263239693675],[-100.91659403684186,22.083262732218277],[-100.91659394807317,22.08326222323111],[-100.9165938687915,22.08326171288536],[-100.91659379902073,22.083261201334622],[-100.91659373878181,22.083260688732825],[-100.91659368809296,22.083260175234244],[-100.91659364696936,22.08325966099342],[-100.91659361542338,22.083259146165112],[-100.91659359346458,22.08325863090424],[-100.9165935810995,22.083258115365886],[-100.91659357833191,22.083257599705195],[-100.9165935851626,22.08325708407735],[-100.91659360158955,22.083256568637537],[-100.91659362760782,22.083256053540858],[-100.91659366320954,22.08325553894234],[-100.91659370838399,22.08325502499685],[-100.91659376311765,22.083254511859053],[-100.91659382739397,22.083253999683375],[-100.91659390119365,22.083253488623964],[-100.91659398449447,22.08325297883461],[-100.91659407727134,22.083252470468732],[-100.91659417949637,22.083251963679327],[-100.91659429113878,22.08325145861891],[-100.91659441216498,22.08325095543948],[-100.91659454253853,22.08325045429245],[-100.91659468222022,22.08324995532866],[-100.91659483116798,22.083249458698255],[-100.916594989337,22.083248964550698],[-100.91659515667972,22.083248473034708],[-100.91659533314572,22.083247984298197],[-100.9165955186819,22.08324749848825],[-100.91659571323247,22.083247015751066],[-100.91659591673884,22.083246536231936],[-100.91659612913975,22.083246060075147],[-100.91659635037132,22.083245587424024],[-100.91659658036698,22.08324511842079],[-100.91659681905747,22.083244653206588],[-100.91659706637097,22.083244191921434],[-100.91659732223307,22.08324373470415],[-100.91659758656675,22.08324328169231],[-100.91659785929247,22.083242833022283],[-100.91659814032815,22.08324238882907],[-100.91659842958921,22.083241949246347],[-100.91659872698861,22.083241514406414],[-100.91659903243686,22.083241084440143],[-100.91659934584199,22.083240659476907],[-100.91659966710971,22.08324023964461],[-100.91659999614335,22.083239825069608],[-100.91660033284384,22.083239415876644],[-100.91660067710994,22.083239012188884],[-100.91660102883795,22.083238614127808],[-100.91660138792209,22.0832382218132],[-100.91660175425426,22.083237835363143],[-100.91660212772419,22.083237454893922],[-100.91660250821954,22.083237080520057],[-100.91660289562574,22.083236712354193],[-100.91660328982628,22.083236350507136],[-100.91660369070247,22.083235995087794],[-100.91660409813367,22.083235646203114],[-100.91660451199729,22.083235303958084],[-100.91660493216878,22.08323496845573],[-100.91660535852168,22.083234639796988],[-100.91660579092763,22.0832343180808],[-100.91660622925659,22.083234003403952],[-100.91660667337658,22.08323369586116],[-100.91660712315401,22.083233395544987],[-100.91660757845344,22.083233102545794],[-100.9166080391379,22.08323281695177],[-100.91660850506872,22.083232538848854],[-100.91660897610573,22.08323226832075],[-100.91660945210714,22.083232005448867],[-100.9166099329297,22.08323175031231],[-100.9166104184287,22.083231502987875],[-100.91661090845804,22.083231263549976],[-100.91661140287027,22.08323103207069],[-100.91661190151656,22.083230808619653],[-100.91661240424686,22.08323059326414],[-100.91661291090988,22.08323038606895],[-100.91661342135312,22.08323018709643],[-100.91661393542304,22.083229996406473],[-100.91661445296485,22.08322981405646],[-100.91661497382279,22.083229640101262],[-100.91661549784017,22.08322947459324],[-100.91661602485925,22.083229317582198],[-100.91661655472146,22.083229169115395],[-100.91661708726733,22.083229029237497],[-100.91661762233656,22.08322889799062],[-100.91661815976816,22.083228775414234],[-100.91661869940037,22.08322866154525],[-100.91661924107079,22.08322855641794],[-100.91661978461644,22.083228460063932],[-100.9166203298737,22.083228372512213],[-100.91662087667851,22.083228293789148],[-100.91662142486626,22.083228223918415],[-100.91662197427205,22.08322816292106],[-100.91662252473047,22.08322811081542],[-100.91662307607591,22.08322806761719],[-100.9166236281424,22.083228033339363],[-100.91662418076385,22.083228007992247],[-100.91662473377393,22.083227991583488],[-100.91662528700621,22.08322798411802],[-100.91662584029417,22.083227985598075],[-100.91662639347135,22.083227996023226],[-100.91662694637125,22.08322801539033],[-100.91662749882747,22.08322804369354],[-100.91662805067375,22.083228080924375],[-100.91662860174404,22.0832281270716],[-100.91662915187247,22.083228182121335],[-100.91662970089351,22.083228246057022],[-100.91663024864188,22.083228318859405],[-100.91663079495278,22.08322840050658],[-100.91663133966182,22.083228490973987],[-100.91663188260503,22.083228590234388],[-100.91663242361905,22.083228698257916],[-100.91663296254103,22.083228815012053],[-100.91675792123492,22.08325386926495]]]],""type"":""MultiPolygon""}",0,0,0,#FFFFFF,,120.67,,,comercial,,MX,24,28,78398,Aguaje 2000,,,,,,,,,,,
unidad,Gran Peñón Residencial,Lote 4,GPR / Plateros / Lote 4,disponible,,0,4,,Terreno Residencial,Lote de terreno Residencial,"{""coordinates"":[[[[-100.91673350938431,22.083323699637],[-100.9167337809625,22.083322922784905],[-100.91673438446956,22.08332119644694],[-100.91675792123492,22.08325386926495],[-100.91686787164059,22.083275914264107],[-100.91686846601642,22.08327605811911],[-100.9168690576344,22.083276211531444],[-100.91686964631765,22.08327637445524],[-100.9168702318901,22.083276546841773],[-100.9168708141767,22.083276728639508],[-100.91687139300329,22.08327691979406],[-100.91687196819683,22.083277120248294],[-100.91687253958528,22.083277329942256],[-100.91687310699783,22.083277548813246],[-100.91687367026476,22.083277776795818],[-100.91687422921767,22.08327801382179],[-100.91687478368942,22.0832782598203],[-100.91687533351421,22.083278514717783],[-100.91687587852763,22.08327877843803],[-100.9168764185667,22.08327905090216],[-100.91687695346995,22.08327933202872],[-100.91687748307743,22.083279621733638],[-100.91687800723075,22.08327991993029],[-100.91687852577323,22.083280226529503],[-100.91687903854975,22.083280541439603],[-100.91687954540701,22.08328086456642],[-100.91688004619346,22.083281195813335],[-100.91688054075935,22.083281535081294],[-100.91688102895678,22.083281882268857],[-100.91688151063975,22.083282237272194],[-100.91688198566429,22.083282599985168],[-100.91688245388833,22.083282970299305],[-100.9168829151718,22.083283348103876],[-100.91688336937683,22.083283733285917],[-100.9168838163676,22.083284125730238],[-100.9168842560104,22.0832845253195],[-100.91688468817384,22.083284931934212],[-100.91688511272864,22.083285345452786],[-100.91688552954788,22.083285765751572],[-100.91688593850688,22.083286192704897],[-100.9168863394834,22.083286626185085],[-100.91688673235753,22.083287066062518],[-100.91688711701174,22.083287512205665],[-100.91688749333106,22.083287964481123],[-100.91688786120298,22.08328842275364],[-100.91688822051746,22.083288886886177],[-100.91688857116706,22.083289356739975],[-100.91688891304693,22.08328983217452],[-100.91688924605486,22.08329031304764],[-100.91688957009126,22.083290799215558],[-100.91688988505922,22.083291290532895],[-100.91689019086456,22.083291786852726],[-100.91689048741588,22.083292288026655],[-100.91689077462446,22.083292793904814],[-100.91689105240442,22.083293304335932],[-100.91689132067273,22.083293819167377],[-100.91689157934914,22.083294338245203],[-100.91689182835633,22.083294861414206],[-100.91689206761978,22.08329538851793],[-100.91689229706802,22.083295919398775],[-100.91689251663239,22.083296453897983],[-100.91689272624726,22.083296991855736],[-100.91689292584992,22.08329753311116],[-100.91689311538073,22.083298077502423],[-100.916893294783,22.083298624866735],[-100.91689346400307,22.08329917504041],[-100.91689362299033,22.083299727858954],[-100.91689377169727,22.083300283157048],[-100.91689391007941,22.08330084076865],[-100.91689403809536,22.083301400527017],[-100.91689415570686,22.08330196226477],[-100.91689426287871,22.083302525813952],[-100.9168943595789,22.083303091006034],[-100.91689444577851,22.08330365767201],[-100.91689452145175,22.083304225642433],[-100.91689458657595,22.08330479474748],[-100.91689464113172,22.083305364816972],[-100.91689468510272,22.083305935680432],[-100.91689471847576,22.08330650716717],[-100.91689474124091,22.083307079106298],[-100.9168947533913,22.083307651326802],[-100.91689475492339,22.083308223657564],[-100.91689474583667,22.08330879592743],[-100.91689472613385,22.08330936796531],[-100.91689469582077,22.083309939600138],[-100.91689465490663,22.08331051066098],[-100.91689460340355,22.083311080977072],[-100.91689454132697,22.083311650377883],[-100.91689446869547,22.083312218693155],[-100.91689438553071,22.083312785752945],[-100.91689429185763,22.083313351387677],[-100.9168941877042,22.08331391542823],[-100.91689407310156,22.08331447770594],[-100.916893948084,22.083315038052664],[-100.91689381268887,22.083315596300856],[-100.91689366695672,22.083316152283583],[-100.91689351093105,22.083316705834594],[-100.91689334465856,22.08331725678837],[-100.91689316818895,22.083317804980148],[-100.916892981575,22.08331835024602],[-100.91689278487252,22.08331889242294],[-100.9168925781403,22.08331943134879],[-100.91689236144019,22.08331996686239],[-100.91689213483696,22.083320498803648],[-100.91689189839842,22.08332102701348],[-100.91689165219519,22.083321551333942],[-100.91689139630094,22.083322071608247],[-100.91689113079218,22.083322587680826],[-100.9168908557483,22.08332309939736],[-100.91689057125157,22.083323606604857],[-100.91689027738701,22.083324109151608],[-100.9168722589912,22.08335151885009],[-100.91673350938431,22.083323699637]]]],""type"":""MultiPolygon""}",0,0,0,#FFFFFF,,120.5,,,comercial,,MX,24,28,78398,Aguaje 2000,,,,,,,,,,,
unidad,Gran Peñón Residencial,Lote 5,GPR / Plateros / Lote 5,disponible,,0,5,,Terreno Residencial,Lote de terreno Residencial,"{""coordinates"":[[[[-100.91682322067233,22.083423985740414],[-100.9167066231309,22.083400607991937],[-100.91673350938431,22.083323699637],[-100.9168722589912,22.08335151885009],[-100.91684792347088,22.083387860235806],[-100.91682322067233,22.083423985740414]]]],""type"":""MultiPolygon""}",0,0,0,#FFFFFF,,120.23,,,comercial,,MX,24,28,78398,Aguaje 2000,,,,,,,,,,,
unidad,Gran Peñón Residencial,Lote 2,GPR / Plateros / Lote 2,disponible,,0,2,,Terreno Residencial,Lote de terreno Residencial,"{""coordinates"":[[[[-100.9167066231309,22.083400607991937],[-100.91657963545491,22.08337514692157],[-100.91658090836474,22.08337312303645],[-100.91658214335023,22.083371078843218],[-100.91658334003857,22.08336901495911],[-100.9165844980684,22.08336693200728],[-100.91658561709009,22.083364830616645],[-100.91658669676575,22.083362711421696],[-100.91658773676942,22.08336057506228],[-100.91658873678702,22.083358422183455],[-100.9165896965167,22.083356253435248],[-100.91659061566864,22.083354069472488],[-100.91659149396529,22.083351870954584],[-100.91659233114152,22.08334965854535],[-100.9165931269445,22.083347432912802],[-100.91659388113399,22.083345194728928],[-100.91659459348229,22.083342944669514],[-100.91659526377425,22.083340683413955],[-100.91659589180755,22.083338411644974],[-100.91659647739255,22.083336130048515],[-100.91659702035241,22.083333839313486],[-100.91659752052327,22.083331540131528],[-100.91659797775404,22.08332923319685],[-100.91659839190665,22.083326919205994],[-100.91659876285614,22.08332459885765],[-100.91659909049046,22.083322272852403],[-100.9165993747107,22.083319941892565],[-100.91659961543102,22.083317606681927],[-100.91659981257878,22.08331526792558],[-100.91659996609442,22.083312926329675],[-100.91660007593161,22.083310582601232],[-100.91660014205719,22.083308237447895],[-100.91660016445117,22.08330589157776],[-100.91660014310682,22.083303545699124],[-100.91660007803056,22.08330120052029],[-100.91659996924209,22.083298856749362],[-100.91659981677421,22.083296515093995],[-100.91659962067298,22.083294176261216],[-100.91673438446956,22.08332119644694],[-100.9167337809625,22.083322922784905],[-100.91673350938431,22.083323699637],[-100.9167066231309,22.083400607991937]]]],""type"":""MultiPolygon""}",0,0,0,#FFFFFF,,122.64,,,comercial,,MX,24,28,78398,Aguaje 2000,,,,,,,,,,,
unidad,Gran Peñón Residencial,Lote 1,GPR / Plateros / Lote 1,disponible,,0,1,,Terreno Residencial,Lote de terreno Residencial,"{""coordinates"":[[[[-100.91667394765066,22.083494076374755],[-100.91656561360669,22.08344248875132],[-100.9165487383724,22.08340903586906],[-100.91655065203553,22.08340750372876],[-100.9165525367795,22.08340594076072],[-100.9165543920328,22.083404347438968],[-100.91655621723255,22.083402724246774],[-100.9165580118253,22.08340107167646],[-100.91655977526672,22.08339939022924],[-100.91656150702191,22.083397680415118],[-100.91656320656567,22.083395942752684],[-100.91656487338248,22.08339417776896],[-100.91656650696686,22.083392385999296],[-100.91656810682328,22.083390567987113],[-100.91656967246651,22.083388724283832],[-100.91657120342171,22.08338685544866],[-100.91657269922456,22.083384962048417],[-100.9165741594213,22.083383044657356],[-100.91657558356913,22.08338110385706],[-100.91657697123607,22.08337914023615],[-100.91657832200123,22.083377154390224],[-100.91657963545491,22.08337514692157],[-100.9167066231309,22.083400607991937],[-100.91667394765066,22.083494076374755]]]],""type"":""MultiPolygon""}",0,0,0,#FFFFFF,,126.91,,,comercial,,MX,24,28,78398,Aguaje 2000,,,,,,,,,,,
unidad,Gran Peñón Residencial,Lote 6,GPR / Plateros / Lote 6,disponible,,0,6,,Terreno Residencial,Lote de terreno Residencial,"{""coordinates"":[[[[-100.91667394765066,22.083494076374755],[-100.9167066231309,22.083400607991937],[-100.91682322067233,22.083423985740414],[-100.91678607009136,22.083476937698716],[-100.91674813044007,22.083529401435932],[-100.91672203270136,22.083516973974326],[-100.91667394765066,22.083494076374755]]]],""type"":""MultiPolygon""}",0,0,0,#FFFFFF,,126.95,,,comercial,,MX,24,28,78398,Aguaje 2000,,,,,,,,,,,
unidad,Gran Peñón Residencial,Lote 7,GPR / Plateros / Lote 7,disponible,,0,7,,Terreno Residencial,Lote de terreno Residencial,"{""coordinates"":[[[[-100.91656561360669,22.08344248875132],[-100.91667394765066,22.083494076374755],[-100.91672203270136,22.083516973974326],[-100.91668370071238,22.08356833606788],[-100.91664460749489,22.083619197356114],[-100.91660476057969,22.083669548040106],[-100.9165641676428,22.083719378419282],[-100.91656295987677,22.08371939925084],[-100.91656175190919,22.08371940258215],[-100.91656054403204,22.083719388412398],[-100.91655933653713,22.083719356745007],[-100.91655812971628,22.083719307587643],[-100.9165569238612,22.08371924095217],[-100.91655571926319,22.083719156854706],[-100.91655571928575,22.083719156184902],[-100.91656284160977,22.08350785421526],[-100.91656339263449,22.083507492345113],[-100.91656393683968,22.083507121619228],[-100.91656447406152,22.08350674214919],[-100.91656500413828,22.083506354049263],[-100.91656552691038,22.083505957436255],[-100.91656604222047,22.083505552429592],[-100.91656654991337,22.083505139151185],[-100.9165670498363,22.083504717725457],[-100.91656754183869,22.083504288279283],[-100.91656802577243,22.08350385094193],[-100.9165685014919,22.083503405845075],[-100.91656896885384,22.0835029531227],[-100.91656942771753,22.083502492911116],[-100.91656987794487,22.083502025348842],[-100.91657031940032,22.083501550576653],[-100.91657075195096,22.083501068737476],[-100.91657117546656,22.08350057997636],[-100.91657158981964,22.083500084440466],[-100.91657199488547,22.08349958227895],[-100.91657239054209,22.08349907364301],[-100.91657277667039,22.083498558685758],[-100.91657315315413,22.083498037562215],[-100.91657351987996,22.083497510429268],[-100.91657387673752,22.083496977445616],[-100.91657422361929,22.0834964387717],[-100.91657456042094,22.08349589456971],[-100.91657488704105,22.083495345003456],[-100.91657520338124,22.083494790238394],[-100.91657550934634,22.083494230441516],[-100.91657580484421,22.08349366578138],[-100.91657608978588,22.083493096427958],[-100.9165763640856,22.083492522552646],[-100.91657662766077,22.083491944328216],[-100.91657688043205,22.083491361928747],[-100.91657712232333,22.08349077552956],[-100.91657735326179,22.0834901853072],[-100.91657757317793,22.08348959143934],[-100.91657778200556,22.08348899410476],[-100.91657797968173,22.083488393483307],[-100.916578166147,22.083487789755775],[-100.91657834134526,22.083487183103937],[-100.9165785052237,22.083486573710406],[-100.91657865773301,22.08348596175864],[-100.91657879882729,22.083485347432877],[-100.91657892846403,22.08348473091805],[-100.91657904660424,22.083484112399766],[-100.91657915321235,22.083483492064225],[-100.91657924825624,22.083482870098173],[-100.91657933170733,22.083482246688856],[-100.91657940354048,22.08348162202395],[-100.91657946373407,22.08348099629152],[-100.91657951226995,22.083480369679922],[-100.91657954913356,22.083479742377804],[-100.91657957431377,22.083479114574025],[-100.916579587803,22.08347848645757],[-100.9165795895972,22.08347785821753],[-100.91657957969582,22.08347723004305],[-100.91657955810186,22.08347660212323],[-100.91657952482178,22.08347597464711],[-100.91657947986565,22.08347534780359],[-100.91657942324697,22.083474721781375],[-100.91657935498279,22.083474096768928],[-100.91657927509368,22.083473472954413],[-100.91657918360369,22.08347285052562],[-100.91657908054033,22.08347222966995],[-100.91657896593465,22.083471610574282],[-100.91657883982114,22.083470993425014],[-100.91657870223777,22.083470378407927],[-100.91657855322599,22.083469765708177],[-100.91657839283063,22.083469155510212],[-100.91657822109997,22.083468547997736],[-100.91657803808573,22.08346794335363],[-100.91657784384302,22.083467341759928],[-100.91657763843025,22.08346674339774],[-100.91657742190932,22.0834661484472],[-100.9165771943454,22.083465557087415],[-100.91657695580699,22.08346496949641],[-100.91657670636592,22.083464385851087],[-100.91657644609724,22.083463806327146],[-100.91657617507936,22.083463231099046],[-100.91657589339381,22.083462660339965],[-100.91657560112546,22.083462094221733],[-100.91657529836225,22.08346153291477],[-100.91657498519534,22.083460976588064],[-100.916574661719,22.083460425409086],[-100.91656561360669,22.08344248875132]]]],""type"":""MultiPolygon""}",0,0,0,#FFFFFF,,258.22,,,comercial,,MX,24,28,78398,Aguaje 2000,,,,,,,,,,,
unidad,Gran Peñón Residencial,Lote 13,GPR / Plateros / Lote 13,disponible,,0,13,,Terreno Residencial,Lote de terreno Residencial,"{""coordinates"":[[[[-100.91626504973816,22.08333771984756],[-100.91616885610026,22.08345102221562],[-100.916111870607,22.08340899759264],[-100.91620806426742,22.083295695256346],[-100.91626504973816,22.08333771984756]]]],""type"":""MultiPolygon""}",0,0,0,#FFFFFF,,120,,,comercial,,MX,24,28,78398,Aguaje 2000,,,,,,,,,,,
